transaction_id,error_code,method,amount,amount_inr,prior_failures,true_recovery_prob,recovered,baseline_action,baseline_recovered,agent_action,agent_rule,agent_recovered
pay_syn_42_00001,insufficient_funds,upi,231320,2313.2,0,0.3576,0,BLIND_RETRY_24H,0,RETRY_LINK_DELAYED,RULE_LOW_PROB_DELAYED_NUDGE,0
pay_syn_42_00002,payment_timed_out,card,115045,1150.45,0,0.6175,1,BLIND_RETRY_24H,0,RETRY_LINK_NOW,RULE_HIGH_PROB_IMMEDIATE_RETRY,1
pay_syn_42_00003,card_expired,upi,103528,1035.28,0,0.0,0,BLIND_RETRY_24H,0,ESCALATE_HUMAN,RULE_HARD_DECLINE_COMPLIANCE,0
pay_syn_42_00004,gateway_technical_error,upi,103530,1035.3,0,0.735,0,BLIND_RETRY_24H,0,RETRY_LINK_NOW,RULE_HIGH_PROB_IMMEDIATE_RETRY,1
pay_syn_42_00005,gateway_technical_error,upi,760936,7609.36,0,0.735,1,BLIND_RETRY_24H,1,RETRY_LINK_NOW,RULE_HIGH_PROB_IMMEDIATE_RETRY,0
pay_syn_42_00006,insufficient_funds,upi,311560,3115.6,0,0.3515,0,BLIND_RETRY_24H,1,RETRY_LINK_DELAYED,RULE_LOW_PROB_DELAYED_NUDGE,1
pay_syn_42_00007,payment_cancelled,upi,79917,799.17,1,0.2112,1,BLIND_RETRY_24H,1,RETRY_LINK_DELAYED,RULE_LOW_PROB_DELAYED_NUDGE,0
pay_syn_42_00008,insufficient_funds,upi,243284,2432.84,0,0.3567,1,BLIND_RETRY_24H,0,RETRY_LINK_DELAYED,RULE_LOW_PROB_DELAYED_NUDGE,0
pay_syn_42_00009,card_blocked,upi,174788,1747.88,0,0.0,0,BLIND_RETRY_24H,0,ESCALATE_HUMAN,RULE_HARD_DECLINE_COMPLIANCE,0
pay_syn_42_00010,gateway_technical_error,card,16327,163.27,0,0.665,1,BLIND_RETRY_24H,0,RETRY_LINK_NOW,RULE_HIGH_PROB_IMMEDIATE_RETRY,1
pay_syn_42_00011,payment_cancelled,card,43961,439.61,0,0.2413,0,BLIND_RETRY_24H,1,RETRY_LINK_DELAYED,RULE_LOW_PROB_DELAYED_NUDGE,1
pay_syn_42_00012,fraud_suspected,upi,189253,1892.53,0,0.0,0,BLIND_RETRY_24H,0,ESCALATE_HUMAN,RULE_HARD_DECLINE_COMPLIANCE,0
pay_syn_42_00013,payment_cancelled,card,671577,6715.77,1,0.1587,0,BLIND_RETRY_24H,0,RETRY_LINK_DELAYED,RULE_LOW_PROB_DELAYED_NUDGE,0
pay_syn_42_00014,insufficient_funds,card,104487,1044.87,0,0.3322,0,BLIND_RETRY_24H,0,RETRY_LINK_DELAYED,RULE_LOW_PROB_DELAYED_NUDGE,0
pay_syn_42_00015,payment_timed_out,upi,73596,735.96,0,0.6825,1,BLIND_RETRY_24H,1,RETRY_LINK_NOW,RULE_HIGH_PROB_IMMEDIATE_RETRY,1
pay_syn_42_00016,payment_timed_out,upi,151325,1513.25,0,0.6825,1,BLIND_RETRY_24H,1,RETRY_LINK_NOW,RULE_HIGH_PROB_IMMEDIATE_RETRY,1
pay_syn_42_00017,insufficient_funds,upi,69180,691.8,0,0.3698,0,BLIND_RETRY_24H,0,RETRY_LINK_DELAYED,RULE_LOW_PROB_DELAYED_NUDGE,1
pay_syn_42_00018,payment_timed_out,upi,97179,971.79,2,0.4368,0,BLIND_RETRY_24H,0,STOP,RULE_MAX_RETRIES_EXCEEDED,0
pay_syn_42_00019,insufficient_funds,card,131969,1319.69,0,0.3303,1,BLIND_RETRY_24H,0,RETRY_LINK_DELAYED,RULE_LOW_PROB_DELAYED_NUDGE,0
pay_syn_42_00020,payment_cancelled,upi,41843,418.43,0,0.2669,0,BLIND_RETRY_24H,0,RETRY_LINK_DELAYED,RULE_LOW_PROB_DELAYED_NUDGE,0
pay_syn_42_00021,risk_check_failed,card,331032,3310.32,0,0.0,0,BLIND_RETRY_24H,0,ESCALATE_HUMAN,RULE_HARD_DECLINE_COMPLIANCE,0
pay_syn_42_00022,insufficient_funds,card,34970,349.7,1,0.2696,0,BLIND_RETRY_24H,1,RETRY_LINK_DELAYED,RULE_LOW_PROB_DELAYED_NUDGE,0
pay_syn_42_00023,payment_timed_out,upi,31075,310.75,0,0.6825,0,BLIND_RETRY_24H,0,RETRY_LINK_NOW,RULE_HIGH_PROB_IMMEDIATE_RETRY,0
pay_syn_42_00024,payment_timed_out,upi,166328,1663.28,2,0.4368,0,BLIND_RETRY_24H,0,STOP,RULE_MAX_RETRIES_EXCEEDED,0
pay_syn_42_00025,card_expired,upi,301789,3017.89,0,0.0,0,BLIND_RETRY_24H,0,ESCALATE_HUMAN,RULE_HARD_DECLINE_COMPLIANCE,0
pay_syn_42_00026,invalid_otp,netbanking,161729,1617.29,0,0.51,1,BLIND_RETRY_24H,0,RETRY_LINK_NOW,RULE_HIGH_PROB_IMMEDIATE_RETRY,0
pay_syn_42_00027,payment_timed_out,upi,117943,1179.43,0,0.6825,1,BLIND_RETRY_24H,1,RETRY_LINK_NOW,RULE_HIGH_PROB_IMMEDIATE_RETRY,1
pay_syn_42_00028,payment_timed_out,upi,96178,961.78,1,0.546,1,BLIND_RETRY_24H,0,RETRY_LINK_NOW,RULE_HIGH_PROB_IMMEDIATE_RETRY,1
pay_syn_42_00029,invalid_otp,upi,80698,806.98,2,0.4032,1,BLIND_RETRY_24H,0,STOP,RULE_MAX_RETRIES_EXCEEDED,0
pay_syn_42_00030,authentication_failed,upi,428482,4284.82,0,0.5775,1,BLIND_RETRY_24H,1,RETRY_LINK_NOW,RULE_HIGH_PROB_IMMEDIATE_RETRY,1
pay_syn_42_00031,gateway_technical_error,card,191312,1913.12,1,0.532,1,BLIND_RETRY_24H,0,RETRY_LINK_NOW,RULE_HIGH_PROB_IMMEDIATE_RETRY,1
pay_syn_42_00032,invalid_otp,upi,87691,876.91,0,0.63,0,BLIND_RETRY_24H,1,RETRY_LINK_NOW,RULE_HIGH_PROB_IMMEDIATE_RETRY,1
pay_syn_42_00033,risk_check_failed,upi,63612,636.12,2,0.0,0,BLIND_RETRY_24H,0,STOP,RULE_MAX_RETRIES_EXCEEDED,0
pay_syn_42_00034,card_expired,upi,262502,2625.02,1,0.0,0,BLIND_RETRY_24H,0,ESCALATE_HUMAN,RULE_HARD_DECLINE_COMPLIANCE,0
pay_syn_42_00035,insufficient_funds,upi,416345,4163.45,0,0.3436,0,BLIND_RETRY_24H,0,RETRY_LINK_DELAYED,RULE_LOW_PROB_DELAYED_NUDGE,1
pay_syn_42_00036,insufficient_funds,upi,373091,3730.91,0,0.3469,1,BLIND_RETRY_24H,0,RETRY_LINK_DELAYED,RULE_LOW_PROB_DELAYED_NUDGE,0
pay_syn_42_00037,authentication_failed,netbanking,53212,532.12,1,0.374,0,BLIND_RETRY_24H,0,RETRY_LINK_NOW,RULE_HIGH_PROB_IMMEDIATE_RETRY,0
pay_syn_42_00038,payment_timed_out,upi,95324,953.24,0,0.6825,1,BLIND_RETRY_24H,1,RETRY_LINK_NOW,RULE_HIGH_PROB_IMMEDIATE_RETRY,0
pay_syn_42_00039,bank_account_invalid,card,79069,790.69,0,0.0,0,BLIND_RETRY_24H,0,ESCALATE_HUMAN,RULE_HARD_DECLINE_COMPLIANCE,0
pay_syn_42_00040,insufficient_funds,card,109201,1092.01,0,0.3319,1,BLIND_RETRY_24H,0,RETRY_LINK_DELAYED,RULE_LOW_PROB_DELAYED_NUDGE,0
pay_syn_42_00041,payment_cancelled,upi,327403,3274.03,1,0.1962,0,BLIND_RETRY_24H,0,RETRY_LINK_DELAYED,RULE_LOW_PROB_DELAYED_NUDGE,0
pay_syn_42_00042,authentication_failed,upi,595427,5954.27,0,0.5775,1,BLIND_RETRY_24H,0,RETRY_LINK_NOW,RULE_HIGH_PROB_IMMEDIATE_RETRY,0
pay_syn_42_00043,gateway_technical_error,netbanking,199380,1993.8,1,0.476,0,BLIND_RETRY_24H,1,RETRY_LINK_NOW,RULE_HIGH_PROB_IMMEDIATE_RETRY,1
pay_syn_42_00044,payment_cancelled,upi,65877,658.77,0,0.2651,0,BLIND_RETRY_24H,0,RETRY_LINK_DELAYED,RULE_LOW_PROB_DELAYED_NUDGE,0
pay_syn_42_00045,card_expired,netbanking,128767,1287.67,0,0.0,0,BLIND_RETRY_24H,0,ESCALATE_HUMAN,RULE_HARD_DECLINE_COMPLIANCE,0
pay_syn_42_00046,authentication_failed,upi,748838,7488.38,1,0.462,1,BLIND_RETRY_24H,0,RETRY_LINK_NOW,RULE_HIGH_PROB_IMMEDIATE_RETRY,0
pay_syn_42_00047,payment_cancelled,upi,147402,1474.02,0,0.2589,0,BLIND_RETRY_24H,0,RETRY_LINK_DELAYED,RULE_LOW_PROB_DELAYED_NUDGE,0
pay_syn_42_00048,insufficient_funds,upi,96400,964.0,1,0.2942,0,BLIND_RETRY_24H,0,RETRY_LINK_DELAYED,RULE_LOW_PROB_DELAYED_NUDGE,0
pay_syn_42_00049,invalid_otp,upi,105191,1051.91,0,0.63,1,BLIND_RETRY_24H,0,RETRY_LINK_NOW,RULE_HIGH_PROB_IMMEDIATE_RETRY,1
pay_syn_42_00050,payment_cancelled,upi,198391,1983.91,0,0.2551,0,BLIND_RETRY_24H,0,RETRY_LINK_DELAYED,RULE_LOW_PROB_DELAYED_NUDGE,0
pay_syn_42_00051,risk_check_failed,card,55041,550.41,0,0.0,0,BLIND_RETRY_24H,0,ESCALATE_HUMAN,RULE_HARD_DECLINE_COMPLIANCE,0
pay_syn_42_00052,authentication_failed,upi,77129,771.29,0,0.5775,0,BLIND_RETRY_24H,0,RETRY_LINK_NOW,RULE_HIGH_PROB_IMMEDIATE_RETRY,0
pay_syn_42_00053,invalid_otp,upi,366631,3666.31,0,0.63,0,BLIND_RETRY_24H,0,RETRY_LINK_NOW,RULE_HIGH_PROB_IMMEDIATE_RETRY,1
pay_syn_42_00054,payment_timed_out,upi,192297,1922.97,0,0.6825,1,BLIND_RETRY_24H,0,RETRY_LINK_NOW,RULE_HIGH_PROB_IMMEDIATE_RETRY,1
pay_syn_42_00055,payment_timed_out,netbanking,149038,1490.38,1,0.442,0,BLIND_RETRY_24H,0,RETRY_LINK_DELAYED,RULE_LOW_PROB_DELAYED_NUDGE,1
pay_syn_42_00056,gateway_technical_error,upi,388745,3887.45,0,0.735,0,BLIND_RETRY_24H,0,RETRY_LINK_NOW,RULE_HIGH_PROB_IMMEDIATE_RETRY,1
pay_syn_42_00057,payment_timed_out,upi,61877,618.77,2,0.4368,1,BLIND_RETRY_24H,1,STOP,RULE_MAX_RETRIES_EXCEEDED,0
pay_syn_42_00058,insufficient_funds,upi,93409,934.09,1,0.2944,0,BLIND_RETRY_24H,0,RETRY_LINK_DELAYED,RULE_LOW_PROB_DELAYED_NUDGE,1
pay_syn_42_00059,payment_cancelled,upi,185517,1855.17,0,0.256,1,BLIND_RETRY_24H,1,RETRY_LINK_DELAYED,RULE_LOW_PROB_DELAYED_NUDGE,0
pay_syn_42_00060,invalid_otp,upi,178498,1784.98,0,0.63,1,BLIND_RETRY_24H,0,RETRY_LINK_NOW,RULE_HIGH_PROB_IMMEDIATE_RETRY,1
pay_syn_42_00061,payment_cancelled,card,28233,282.33,2,0.1551,1,BLIND_RETRY_24H,0,STOP,RULE_MAX_RETRIES_EXCEEDED,0
pay_syn_42_00062,gateway_technical_error,upi,84327,843.27,0,0.735,1,BLIND_RETRY_24H,1,RETRY_LINK_NOW,RULE_HIGH_PROB_IMMEDIATE_RETRY,0
pay_syn_42_00063,card_expired,upi,112168,1121.68,0,0.0,0,BLIND_RETRY_24H,0,ESCALATE_HUMAN,RULE_HARD_DECLINE_COMPLIANCE,0
pay_syn_42_00064,authentication_failed,upi,208903,2089.03,0,0.5775,0,BLIND_RETRY_24H,0,RETRY_LINK_NOW,RULE_HIGH_PROB_IMMEDIATE_RETRY,1
pay_syn_42_00065,payment_timed_out,netbanking,177811,1778.11,0,0.5525,0,BLIND_RETRY_24H,0,RETRY_LINK_NOW,RULE_HIGH_PROB_IMMEDIATE_RETRY,0
pay_syn_42_00066,card_expired,upi,123412,1234.12,0,0.0,0,BLIND_RETRY_24H,0,ESCALATE_HUMAN,RULE_HARD_DECLINE_COMPLIANCE,0
pay_syn_42_00067,risk_check_failed,card,16228,162.28,2,0.0,0,BLIND_RETRY_24H,0,STOP,RULE_MAX_RETRIES_EXCEEDED,0
pay_syn_42_00068,bank_account_invalid,card,130093,1300.93,0,0.0,0,BLIND_RETRY_24H,0,ESCALATE_HUMAN,RULE_HARD_DECLINE_COMPLIANCE,0
pay_syn_42_00069,authentication_failed,upi,143118,1431.18,0,0.5775,1,BLIND_RETRY_24H,1,RETRY_LINK_NOW,RULE_HIGH_PROB_IMMEDIATE_RETRY,0
pay_syn_42_00070,gateway_technical_error,upi,2012195,20121.95,2,0.4704,1,BLIND_RETRY_24H,0,STOP,RULE_MAX_RETRIES_EXCEEDED,0
pay_syn_42_00071,payment_timed_out,card,108399,1083.99,0,0.6175,1,BLIND_RETRY_24H,0,RETRY_LINK_NOW,RULE_HIGH_PROB_IMMEDIATE_RETRY,1
pay_syn_42_00072,invalid_otp,netbanking,186628,1866.28,2,0.3264,0,BLIND_RETRY_24H,0,STOP,RULE_MAX_RETRIES_EXCEEDED,0
pay_syn_42_00073,insufficient_funds,card,470841,4708.41,0,0.3071,1,BLIND_RETRY_24H,1,RETRY_LINK_DELAYED,RULE_LOW_PROB_DELAYED_NUDGE,0
pay_syn_42_00074,invalid_otp,wallet,306293,3062.93,0,0.612,0,BLIND_RETRY_24H,0,RETRY_LINK_NOW,RULE_HIGH_PROB_IMMEDIATE_RETRY,1
pay_syn_42_00075,insufficient_funds,card,626713,6267.13,0,0.2965,0,BLIND_RETRY_24H,0,RETRY_LINK_DELAYED,RULE_LOW_PROB_DELAYED_NUDGE,0
pay_syn_42_00076,insufficient_funds,upi,28656,286.56,1,0.2983,0,BLIND_RETRY_24H,0,RETRY_LINK_DELAYED,RULE_LOW_PROB_DELAYED_NUDGE,0
pay_syn_42_00077,payment_timed_out,wallet,45052,450.52,0,0.663,1,BLIND_RETRY_24H,0,RETRY_LINK_NOW,RULE_HIGH_PROB_IMMEDIATE_RETRY,1
pay_syn_42_00078,payment_timed_out,upi,71843,718.43,0,0.6825,1,BLIND_RETRY_24H,1,RETRY_LINK_NOW,RULE_HIGH_PROB_IMMEDIATE_RETRY,1
pay_syn_42_00079,payment_timed_out,upi,24329,243.29,1,0.546,0,BLIND_RETRY_24H,0,RETRY_LINK_DELAYED,RULE_LOW_PROB_DELAYED_NUDGE,1
pay_syn_42_00080,payment_timed_out,upi,144436,1444.36,0,0.6825,1,BLIND_RETRY_24H,1,RETRY_LINK_NOW,RULE_HIGH_PROB_IMMEDIATE_RETRY,1
pay_syn_42_00081,invalid_otp,upi,48718,487.18,0,0.63,0,BLIND_RETRY_24H,0,RETRY_LINK_NOW,RULE_HIGH_PROB_IMMEDIATE_RETRY,1
pay_syn_42_00082,card_lost_or_stolen,upi,736819,7368.19,0,0.0,0,BLIND_RETRY_24H,0,ESCALATE_HUMAN,RULE_HARD_DECLINE_COMPLIANCE,0
pay_syn_42_00083,payment_timed_out,upi,56590,565.9,0,0.6825,0,BLIND_RETRY_24H,0,RETRY_LINK_NOW,RULE_HIGH_PROB_IMMEDIATE_RETRY,0
pay_syn_42_00084,invalid_otp,upi,93986,939.86,1,0.504,0,BLIND_RETRY_24H,1,RETRY_LINK_NOW,RULE_HIGH_PROB_IMMEDIATE_RETRY,1
pay_syn_42_00085,gateway_technical_error,upi,327761,3277.61,2,0.4704,0,BLIND_RETRY_24H,0,STOP,RULE_MAX_RETRIES_EXCEEDED,0
pay_syn_42_00086,risk_check_failed,upi,34587,345.87,0,0.0,0,BLIND_RETRY_24H,0,ESCALATE_HUMAN,RULE_HARD_DECLINE_COMPLIANCE,0
pay_syn_42_00087,payment_timed_out,netbanking,22855,228.55,1,0.442,1,BLIND_RETRY_24H,0,RETRY_LINK_DELAYED,RULE_LOW_PROB_DELAYED_NUDGE,0
pay_syn_42_00088,card_expired,upi,164106,1641.06,0,0.0,0,BLIND_RETRY_24H,0,ESCALATE_HUMAN,RULE_HARD_DECLINE_COMPLIANCE,0
pay_syn_42_00089,payment_cancelled,card,178268,1782.68,0,0.2321,0,BLIND_RETRY_24H,0,RETRY_LINK_DELAYED,RULE_LOW_PROB_DELAYED_NUDGE,0
pay_syn_42_00090,risk_check_failed,card,316531,3165.31,0,0.0,0,BLIND_RETRY_24H,0,ESCALATE_HUMAN,RULE_HARD_DECLINE_COMPLIANCE,0
pay_syn_42_00091,payment_cancelled,upi,237829,2378.29,0,0.2521,0,BLIND_RETRY_24H,1,RETRY_LINK_DELAYED,RULE_LOW_PROB_DELAYED_NUDGE,1
pay_syn_42_00092,card_lost_or_stolen,upi,185694,1856.94,0,0.0,0,BLIND_RETRY_24H,0,ESCALATE_HUMAN,RULE_HARD_DECLINE_COMPLIANCE,0
pay_syn_42_00093,gateway_technical_error,upi,63395,633.95,0,0.735,1,BLIND_RETRY_24H,0,RETRY_LINK_NOW,RULE_HIGH_PROB_IMMEDIATE_RETRY,0
pay_syn_42_00094,insufficient_funds,card,172931,1729.31,0,0.3275,0,BLIND_RETRY_24H,0,RETRY_LINK_DELAYED,RULE_LOW_PROB_DELAYED_NUDGE,1
pay_syn_42_00095,insufficient_funds,upi,184896,1848.96,0,0.3611,1,BLIND_RETRY_24H,0,RETRY_LINK_NOW,RULE_HIGH_PROB_IMMEDIATE_RETRY,1
pay_syn_42_00096,card_expired,card,61046,610.46,0,0.0,0,BLIND_RETRY_24H,0,ESCALATE_HUMAN,RULE_HARD_DECLINE_COMPLIANCE,0
pay_syn_42_00097,invalid_otp,upi,1042907,10429.07,0,0.63,0,BLIND_RETRY_24H,0,ESCALATE_HUMAN,RULE_HIGH_AMOUNT_ESCALATION,0
pay_syn_42_00098,payment_cancelled,card,225570,2255.7,0,0.2289,1,BLIND_RETRY_24H,0,RETRY_LINK_DELAYED,RULE_LOW_PROB_DELAYED_NUDGE,0
pay_syn_42_00099,payment_cancelled,upi,45845,458.45,0,0.2666,0,BLIND_RETRY_24H,1,RETRY_LINK_DELAYED,RULE_LOW_PROB_DELAYED_NUDGE,0
pay_syn_42_00100,gateway_technical_error,upi,318368,3183.68,1,0.588,0,BLIND_RETRY_24H,1,RETRY_LINK_NOW,RULE_HIGH_PROB_IMMEDIATE_RETRY,1
pay_syn_42_00101,card_expired,upi,386499,3864.99,1,0.0,0,BLIND_RETRY_24H,0,ESCALATE_HUMAN,RULE_HARD_DECLINE_COMPLIANCE,0
pay_syn_42_00102,insufficient_funds,upi,210919,2109.19,0,0.3591,0,BLIND_RETRY_24H,0,RETRY_LINK_DELAYED,RULE_LOW_PROB_DELAYED_NUDGE,0
pay_syn_42_00103,invalid_otp,netbanking,102257,1022.57,1,0.408,1,BLIND_RETRY_24H,0,RETRY_LINK_NOW,RULE_HIGH_PROB_IMMEDIATE_RETRY,0
pay_syn_42_00104,card_expired,netbanking,58458,584.58,0,0.0,0,BLIND_RETRY_24H,0,ESCALATE_HUMAN,RULE_HARD_DECLINE_COMPLIANCE,0
pay_syn_42_00105,payment_timed_out,upi,123052,1230.52,1,0.546,0,BLIND_RETRY_24H,0,RETRY_LINK_NOW,RULE_HIGH_PROB_IMMEDIATE_RETRY,1
pay_syn_42_00106,card_expired,upi,194938,1949.38,0,0.0,0,BLIND_RETRY_24H,0,ESCALATE_HUMAN,RULE_HARD_DECLINE_COMPLIANCE,0
pay_syn_42_00107,payment_timed_out,netbanking,135873,1358.73,1,0.442,0,BLIND_RETRY_24H,0,RETRY_LINK_DELAYED,RULE_LOW_PROB_DELAYED_NUDGE,1
pay_syn_42_00108,fraud_suspected,card,662687,6626.87,1,0.0,0,BLIND_RETRY_24H,0,ESCALATE_HUMAN,RULE_HARD_DECLINE_COMPLIANCE,0
pay_syn_42_00109,gateway_technical_error,card,266573,2665.73,0,0.665,1,BLIND_RETRY_24H,1,RETRY_LINK_NOW,RULE_HIGH_PROB_IMMEDIATE_RETRY,0
pay_syn_42_00110,card_lost_or_stolen,card,52172,521.72,1,0.0,0,BLIND_RETRY_24H,0,ESCALATE_HUMAN,RULE_HARD_DECLINE_COMPLIANCE,0
pay_syn_42_00111,payment_cancelled,upi,41241,412.41,1,0.2136,0,BLIND_RETRY_24H,0,RETRY_LINK_DELAYED,RULE_LOW_PROB_DELAYED_NUDGE,0
pay_syn_42_00112,gateway_technical_error,card,227724,2277.24,1,0.532,0,BLIND_RETRY_24H,1,RETRY_LINK_NOW,RULE_HIGH_PROB_IMMEDIATE_RETRY,0
pay_syn_42_00113,payment_timed_out,card,104753,1047.53,0,0.6175,1,BLIND_RETRY_24H,0,RETRY_LINK_NOW,RULE_HIGH_PROB_IMMEDIATE_RETRY,1
pay_syn_42_00114,invalid_otp,card,293775,2937.75,0,0.57,0,BLIND_RETRY_24H,0,RETRY_LINK_NOW,RULE_HIGH_PROB_IMMEDIATE_RETRY,0
pay_syn_42_00115,gateway_technical_error,upi,225422,2254.22,0,0.735,0,BLIND_RETRY_24H,0,RETRY_LINK_NOW,RULE_HIGH_PROB_IMMEDIATE_RETRY,1
pay_syn_42_00116,card_expired,wallet,123631,1236.31,0,0.0,0,BLIND_RETRY_24H,0,ESCALATE_HUMAN,RULE_HARD_DECLINE_COMPLIANCE,0
pay_syn_42_00117,insufficient_funds,upi,52770,527.7,2,0.2375,0,BLIND_RETRY_24H,0,STOP,RULE_MAX_RETRIES_EXCEEDED,0
pay_syn_42_00118,authentication_failed,netbanking,25307,253.07,0,0.4675,1,BLIND_RETRY_24H,1,RETRY_LINK_NOW,RULE_HIGH_PROB_IMMEDIATE_RETRY,0
pay_syn_42_00119,fraud_suspected,upi,169511,1695.11,2,0.0,0,BLIND_RETRY_24H,0,STOP,RULE_MAX_RETRIES_EXCEEDED,0
pay_syn_42_00120,payment_timed_out,upi,34025,340.25,0,0.6825,0,BLIND_RETRY_24H,0,RETRY_LINK_NOW,RULE_HIGH_PROB_IMMEDIATE_RETRY,1
pay_syn_42_00121,payment_cancelled,upi,50662,506.62,0,0.2662,0,BLIND_RETRY_24H,0,RETRY_LINK_DELAYED,RULE_LOW_PROB_DELAYED_NUDGE,0
pay_syn_42_00122,authentication_failed,upi,158620,1586.2,0,0.5775,0,BLIND_RETRY_24H,0,RETRY_LINK_NOW,RULE_HIGH_PROB_IMMEDIATE_RETRY,0
pay_syn_42_00123,payment_timed_out,card,142800,1428.0,0,0.6175,0,BLIND_RETRY_24H,0,RETRY_LINK_NOW,RULE_HIGH_PROB_IMMEDIATE_RETRY,1
pay_syn_42_00124,bank_account_invalid,upi,38097,380.97,0,0.0,0,BLIND_RETRY_24H,0,ESCALATE_HUMAN,RULE_HARD_DECLINE_COMPLIANCE,0
pay_syn_42_00125,payment_cancelled,card,440879,4408.79,0,0.2142,0,BLIND_RETRY_24H,0,RETRY_LINK_DELAYED,RULE_LOW_PROB_DELAYED_NUDGE,0
pay_syn_42_00126,gateway_technical_error,card,426920,4269.2,0,0.665,1,BLIND_RETRY_24H,0,RETRY_LINK_NOW,RULE_HIGH_PROB_IMMEDIATE_RETRY,1
pay_syn_42_00127,invalid_otp,card,236029,2360.29,0,0.57,0,BLIND_RETRY_24H,0,RETRY_LINK_NOW,RULE_HIGH_PROB_IMMEDIATE_RETRY,1
pay_syn_42_00128,invalid_otp,upi,235705,2357.05,0,0.63,0,BLIND_RETRY_24H,0,RETRY_LINK_NOW,RULE_HIGH_PROB_IMMEDIATE_RETRY,1
pay_syn_42_00129,invalid_otp,upi,236032,2360.32,0,0.63,0,BLIND_RETRY_24H,1,RETRY_LINK_NOW,RULE_HIGH_PROB_IMMEDIATE_RETRY,1
pay_syn_42_00130,invalid_otp,netbanking,5000000,50000.0,0,0.51,0,BLIND_RETRY_24H,0,ESCALATE_HUMAN,RULE_HIGH_AMOUNT_ESCALATION,0
pay_syn_42_00131,card_expired,card,382534,3825.34,0,0.0,0,BLIND_RETRY_24H,0,ESCALATE_HUMAN,RULE_HARD_DECLINE_COMPLIANCE,0
pay_syn_42_00132,insufficient_funds,upi,274224,2742.24,0,0.3543,1,BLIND_RETRY_24H,0,RETRY_LINK_DELAYED,RULE_LOW_PROB_DELAYED_NUDGE,0
pay_syn_42_00133,invalid_otp,upi,57243,572.43,0,0.63,1,BLIND_RETRY_24H,1,RETRY_LINK_NOW,RULE_HIGH_PROB_IMMEDIATE_RETRY,1
pay_syn_42_00134,authentication_failed,upi,103225,1032.25,0,0.5775,1,BLIND_RETRY_24H,0,RETRY_LINK_NOW,RULE_HIGH_PROB_IMMEDIATE_RETRY,1
pay_syn_42_00135,authentication_failed,netbanking,1708787,17087.87,1,0.374,1,BLIND_RETRY_24H,0,ESCALATE_HUMAN,RULE_HIGH_AMOUNT_ESCALATION,0
pay_syn_42_00136,payment_timed_out,upi,17174,171.74,0,0.6825,1,BLIND_RETRY_24H,0,RETRY_LINK_NOW,RULE_HIGH_PROB_IMMEDIATE_RETRY,1
pay_syn_42_00137,insufficient_funds,upi,79702,797.02,1,0.2952,1,BLIND_RETRY_24H,0,RETRY_LINK_DELAYED,RULE_LOW_PROB_DELAYED_NUDGE,0
pay_syn_42_00138,payment_cancelled,card,443750,4437.5,0,0.214,0,BLIND_RETRY_24H,0,RETRY_LINK_DELAYED,RULE_LOW_PROB_DELAYED_NUDGE,1
pay_syn_42_00139,payment_timed_out,upi,60982,609.82,0,0.6825,1,BLIND_RETRY_24H,0,RETRY_LINK_NOW,RULE_HIGH_PROB_IMMEDIATE_RETRY,0
pay_syn_42_00140,authentication_failed,card,282866,2828.66,0,0.5225,1,BLIND_RETRY_24H,0,RETRY_LINK_NOW,RULE_HIGH_PROB_IMMEDIATE_RETRY,0
pay_syn_42_00141,invalid_otp,card,140829,1408.29,0,0.57,1,BLIND_RETRY_24H,0,RETRY_LINK_NOW,RULE_HIGH_PROB_IMMEDIATE_RETRY,0
pay_syn_42_00142,insufficient_funds,upi,65409,654.09,0,0.3701,0,BLIND_RETRY_24H,0,RETRY_LINK_DELAYED,RULE_LOW_PROB_DELAYED_NUDGE,1
pay_syn_42_00143,insufficient_funds,upi,14436,144.36,1,0.2992,0,BLIND_RETRY_24H,0,RETRY_LINK_DELAYED,RULE_LOW_PROB_DELAYED_NUDGE,0
pay_syn_42_00144,payment_cancelled,upi,164435,1644.35,0,0.2576,0,BLIND_RETRY_24H,0,RETRY_LINK_DELAYED,RULE_LOW_PROB_DELAYED_NUDGE,0
pay_syn_42_00145,payment_timed_out,netbanking,56016,560.16,0,0.5525,1,BLIND_RETRY_24H,0,RETRY_LINK_NOW,RULE_HIGH_PROB_IMMEDIATE_RETRY,1
pay_syn_42_00146,gateway_technical_error,upi,118061,1180.61,1,0.588,0,BLIND_RETRY_24H,1,RETRY_LINK_NOW,RULE_HIGH_PROB_IMMEDIATE_RETRY,0
pay_syn_42_00147,authentication_failed,card,233434,2334.34,0,0.5225,1,BLIND_RETRY_24H,0,RETRY_LINK_NOW,RULE_HIGH_PROB_IMMEDIATE_RETRY,0
pay_syn_42_00148,risk_check_failed,upi,347146,3471.46,2,0.0,0,BLIND_RETRY_24H,0,STOP,RULE_MAX_RETRIES_EXCEEDED,0
pay_syn_42_00149,card_expired,card,79438,794.38,0,0.0,0,BLIND_RETRY_24H,0,ESCALATE_HUMAN,RULE_HARD_DECLINE_COMPLIANCE,0
pay_syn_42_00150,authentication_failed,card,65284,652.84,0,0.5225,0,BLIND_RETRY_24H,0,RETRY_LINK_NOW,RULE_HIGH_PROB_IMMEDIATE_RETRY,1
pay_syn_42_00151,card_expired,card,33463,334.63,0,0.0,0,BLIND_RETRY_24H,0,ESCALATE_HUMAN,RULE_HARD_DECLINE_COMPLIANCE,0
pay_syn_42_00152,payment_timed_out,upi,367625,3676.25,0,0.6825,0,BLIND_RETRY_24H,1,RETRY_LINK_NOW,RULE_HIGH_PROB_IMMEDIATE_RETRY,1
pay_syn_42_00153,payment_cancelled,upi,1382691,13826.91,0,0.1655,0,BLIND_RETRY_24H,0,ESCALATE_HUMAN,RULE_HIGH_AMOUNT_ESCALATION,0
pay_syn_42_00154,payment_timed_out,upi,417017,4170.17,0,0.6825,1,BLIND_RETRY_24H,0,RETRY_LINK_NOW,RULE_HIGH_PROB_IMMEDIATE_RETRY,0
pay_syn_42_00155,payment_timed_out,upi,539702,5397.02,0,0.6825,1,BLIND_RETRY_24H,0,RETRY_LINK_NOW,RULE_HIGH_PROB_IMMEDIATE_RETRY,1
pay_syn_42_00156,gateway_technical_error,upi,61496,614.96,0,0.735,1,BLIND_RETRY_24H,1,RETRY_LINK_NOW,RULE_HIGH_PROB_IMMEDIATE_RETRY,1
pay_syn_42_00157,insufficient_funds,upi,218245,2182.45,0,0.3586,0,BLIND_RETRY_24H,0,RETRY_LINK_DELAYED,RULE_LOW_PROB_DELAYED_NUDGE,1
pay_syn_42_00158,insufficient_funds,upi,314037,3140.37,0,0.3513,1,BLIND_RETRY_24H,0,RETRY_LINK_DELAYED,RULE_LOW_PROB_DELAYED_NUDGE,0
pay_syn_42_00159,invalid_otp,netbanking,5000,50.0,0,0.51,1,BLIND_RETRY_24H,1,RETRY_LINK_NOW,RULE_HIGH_PROB_IMMEDIATE_RETRY,1
pay_syn_42_00160,insufficient_funds,card,43406,434.06,1,0.2691,0,BLIND_RETRY_24H,0,RETRY_LINK_DELAYED,RULE_LOW_PROB_DELAYED_NUDGE,1
pay_syn_42_00161,invalid_otp,upi,806793,8067.93,0,0.63,0,BLIND_RETRY_24H,0,RETRY_LINK_NOW,RULE_HIGH_PROB_IMMEDIATE_RETRY,1
pay_syn_42_00162,payment_cancelled,card,27778,277.78,2,0.1552,1,BLIND_RETRY_24H,0,STOP,RULE_MAX_RETRIES_EXCEEDED,0
pay_syn_42_00163,invalid_otp,card,653809,6538.09,0,0.57,1,BLIND_RETRY_24H,0,RETRY_LINK_NOW,RULE_HIGH_PROB_IMMEDIATE_RETRY,1
pay_syn_42_00164,insufficient_funds,upi,27604,276.04,0,0.373,0,BLIND_RETRY_24H,0,RETRY_LINK_DELAYED,RULE_LOW_PROB_DELAYED_NUDGE,0
pay_syn_42_00165,invalid_otp,upi,45502,455.02,0,0.63,1,BLIND_RETRY_24H,1,RETRY_LINK_NOW,RULE_HIGH_PROB_IMMEDIATE_RETRY,1
pay_syn_42_00166,insufficient_funds,upi,222678,2226.78,0,0.3582,0,BLIND_RETRY_24H,0,RETRY_LINK_DELAYED,RULE_LOW_PROB_DELAYED_NUDGE,0
pay_syn_42_00167,authentication_failed,upi,144633,1446.33,0,0.5775,0,BLIND_RETRY_24H,0,RETRY_LINK_NOW,RULE_HIGH_PROB_IMMEDIATE_RETRY,1
pay_syn_42_00168,gateway_technical_error,upi,87669,876.69,0,0.735,1,BLIND_RETRY_24H,1,RETRY_LINK_NOW,RULE_HIGH_PROB_IMMEDIATE_RETRY,1
pay_syn_42_00169,gateway_technical_error,card,766652,7666.52,0,0.665,1,BLIND_RETRY_24H,1,RETRY_LINK_NOW,RULE_HIGH_PROB_IMMEDIATE_RETRY,1
pay_syn_42_00170,authentication_failed,upi,34323,343.23,0,0.5775,1,BLIND_RETRY_24H,0,RETRY_LINK_NOW,RULE_HIGH_PROB_IMMEDIATE_RETRY,0
pay_syn_42_00171,payment_timed_out,upi,113347,1133.47,1,0.546,0,BLIND_RETRY_24H,0,RETRY_LINK_NOW,RULE_HIGH_PROB_IMMEDIATE_RETRY,1
pay_syn_42_00172,invalid_otp,card,255843,2558.43,1,0.456,0,BLIND_RETRY_24H,1,RETRY_LINK_DELAYED,RULE_LOW_PROB_DELAYED_NUDGE,0
pay_syn_42_00173,payment_timed_out,upi,182455,1824.55,0,0.6825,1,BLIND_RETRY_24H,0,RETRY_LINK_NOW,RULE_HIGH_PROB_IMMEDIATE_RETRY,1
pay_syn_42_00174,authentication_failed,wallet,67521,675.21,0,0.561,1,BLIND_RETRY_24H,1,RETRY_LINK_NOW,RULE_HIGH_PROB_IMMEDIATE_RETRY,1
pay_syn_42_00175,insufficient_funds,card,70043,700.43,0,0.3345,1,BLIND_RETRY_24H,0,RETRY_LINK_DELAYED,RULE_LOW_PROB_DELAYED_NUDGE,0
pay_syn_42_00176,payment_cancelled,netbanking,341032,3410.32,0,0.1977,0,BLIND_RETRY_24H,0,RETRY_LINK_DELAYED,RULE_LOW_PROB_DELAYED_NUDGE,0
pay_syn_42_00177,gateway_technical_error,upi,360314,3603.14,0,0.735,0,BLIND_RETRY_24H,0,RETRY_LINK_NOW,RULE_HIGH_PROB_IMMEDIATE_RETRY,0
pay_syn_42_00178,insufficient_funds,upi,187813,1878.13,0,0.3609,0,BLIND_RETRY_24H,0,RETRY_LINK_DELAYED,RULE_LOW_PROB_DELAYED_NUDGE,1
pay_syn_42_00179,insufficient_funds,card,53813,538.13,0,0.3357,0,BLIND_RETRY_24H,0,RETRY_LINK_DELAYED,RULE_LOW_PROB_DELAYED_NUDGE,0
pay_syn_42_00180,insufficient_funds,card,72328,723.28,0,0.3344,0,BLIND_RETRY_24H,1,RETRY_LINK_DELAYED,RULE_LOW_PROB_DELAYED_NUDGE,0
pay_syn_42_00181,payment_cancelled,wallet,130899,1308.99,0,0.2527,0,BLIND_RETRY_24H,0,RETRY_LINK_DELAYED,RULE_LOW_PROB_DELAYED_NUDGE,0
pay_syn_42_00182,gateway_technical_error,upi,152395,1523.95,0,0.735,0,BLIND_RETRY_24H,1,RETRY_LINK_NOW,RULE_HIGH_PROB_IMMEDIATE_RETRY,0
pay_syn_42_00183,card_blocked,upi,244502,2445.02,0,0.0,0,BLIND_RETRY_24H,0,ESCALATE_HUMAN,RULE_HARD_DECLINE_COMPLIANCE,0
pay_syn_42_00184,gateway_technical_error,card,107233,1072.33,0,0.665,1,BLIND_RETRY_24H,0,RETRY_LINK_NOW,RULE_HIGH_PROB_IMMEDIATE_RETRY,0
pay_syn_42_00185,gateway_technical_error,card,332079,3320.79,1,0.532,1,BLIND_RETRY_24H,0,RETRY_LINK_NOW,RULE_HIGH_PROB_IMMEDIATE_RETRY,0
pay_syn_42_00186,insufficient_funds,upi,327758,3277.58,2,0.2242,0,BLIND_RETRY_24H,0,STOP,RULE_MAX_RETRIES_EXCEEDED,0
pay_syn_42_00187,payment_cancelled,upi,563091,5630.91,0,0.2275,0,BLIND_RETRY_24H,0,RETRY_LINK_DELAYED,RULE_LOW_PROB_DELAYED_NUDGE,0
pay_syn_42_00188,invalid_otp,upi,137074,1370.74,0,0.63,0,BLIND_RETRY_24H,0,RETRY_LINK_NOW,RULE_HIGH_PROB_IMMEDIATE_RETRY,1
pay_syn_42_00189,payment_cancelled,card,191330,1913.3,0,0.2313,0,BLIND_RETRY_24H,0,RETRY_LINK_DELAYED,RULE_LOW_PROB_DELAYED_NUDGE,0
pay_syn_42_00190,fraud_suspected,card,116077,1160.77,1,0.0,0,BLIND_RETRY_24H,0,ESCALATE_HUMAN,RULE_HARD_DECLINE_COMPLIANCE,0
pay_syn_42_00191,insufficient_funds,upi,54455,544.55,1,0.2968,1,BLIND_RETRY_24H,1,RETRY_LINK_DELAYED,RULE_LOW_PROB_DELAYED_NUDGE,0
pay_syn_42_00192,fraud_suspected,upi,1338147,13381.47,1,0.0,0,BLIND_RETRY_24H,0,ESCALATE_HUMAN,RULE_HARD_DECLINE_COMPLIANCE,0
pay_syn_42_00193,authentication_failed,upi,478826,4788.26,0,0.5775,0,BLIND_RETRY_24H,0,RETRY_LINK_NOW,RULE_HIGH_PROB_IMMEDIATE_RETRY,0
pay_syn_42_00194,payment_cancelled,upi,319975,3199.75,1,0.1967,0,BLIND_RETRY_24H,0,RETRY_LINK_DELAYED,RULE_LOW_PROB_DELAYED_NUDGE,0
pay_syn_42_00195,payment_cancelled,upi,132151,1321.51,1,0.2081,1,BLIND_RETRY_24H,0,RETRY_LINK_DELAYED,RULE_LOW_PROB_DELAYED_NUDGE,1
pay_syn_42_00196,payment_timed_out,upi,49921,499.21,0,0.6825,1,BLIND_RETRY_24H,0,RETRY_LINK_NOW,RULE_HIGH_PROB_IMMEDIATE_RETRY,0
pay_syn_42_00197,invalid_otp,upi,391524,3915.24,1,0.504,1,BLIND_RETRY_24H,0,RETRY_LINK_NOW,RULE_HIGH_PROB_IMMEDIATE_RETRY,0
pay_syn_42_00198,payment_timed_out,upi,113938,1139.38,1,0.546,1,BLIND_RETRY_24H,0,RETRY_LINK_NOW,RULE_HIGH_PROB_IMMEDIATE_RETRY,1
pay_syn_42_00199,invalid_otp,netbanking,210954,2109.54,0,0.51,0,BLIND_RETRY_24H,0,RETRY_LINK_NOW,RULE_HIGH_PROB_IMMEDIATE_RETRY,1
pay_syn_42_00200,payment_timed_out,upi,72047,720.47,2,0.4368,1,BLIND_RETRY_24H,0,STOP,RULE_MAX_RETRIES_EXCEEDED,0
pay_syn_42_00201,gateway_technical_error,card,175367,1753.67,0,0.665,1,BLIND_RETRY_24H,0,RETRY_LINK_NOW,RULE_HIGH_PROB_IMMEDIATE_RETRY,1
pay_syn_42_00202,payment_cancelled,card,76690,766.9,0,0.2391,0,BLIND_RETRY_24H,1,RETRY_LINK_DELAYED,RULE_LOW_PROB_DELAYED_NUDGE,0
pay_syn_42_00203,authentication_failed,card,79780,797.8,0,0.5225,1,BLIND_RETRY_24H,1,RETRY_LINK_NOW,RULE_HIGH_PROB_IMMEDIATE_RETRY,0
pay_syn_42_00204,payment_timed_out,card,172892,1728.92,0,0.6175,0,BLIND_RETRY_24H,0,RETRY_LINK_NOW,RULE_HIGH_PROB_IMMEDIATE_RETRY,0
pay_syn_42_00205,insufficient_funds,upi,27236,272.36,0,0.373,0,BLIND_RETRY_24H,0,RETRY_LINK_DELAYED,RULE_LOW_PROB_DELAYED_NUDGE,0
pay_syn_42_00206,invalid_otp,card,28480,284.8,0,0.57,0,BLIND_RETRY_24H,1,RETRY_LINK_NOW,RULE_HIGH_PROB_IMMEDIATE_RETRY,1
pay_syn_42_00207,insufficient_funds,upi,60772,607.72,0,0.3705,0,BLIND_RETRY_24H,1,RETRY_LINK_DELAYED,RULE_LOW_PROB_DELAYED_NUDGE,0
pay_syn_42_00208,gateway_technical_error,upi,105914,1059.14,0,0.735,1,BLIND_RETRY_24H,0,RETRY_LINK_NOW,RULE_HIGH_PROB_IMMEDIATE_RETRY,1
pay_syn_42_00209,authentication_failed,card,344068,3440.68,0,0.5225,1,BLIND_RETRY_24H,1,RETRY_LINK_NOW,RULE_HIGH_PROB_IMMEDIATE_RETRY,0
pay_syn_42_00210,payment_timed_out,upi,112335,1123.35,1,0.546,1,BLIND_RETRY_24H,1,RETRY_LINK_NOW,RULE_HIGH_PROB_IMMEDIATE_RETRY,1
pay_syn_42_00211,fraud_suspected,upi,131243,1312.43,0,0.0,0,BLIND_RETRY_24H,0,ESCALATE_HUMAN,RULE_HARD_DECLINE_COMPLIANCE,0
pay_syn_42_00212,gateway_technical_error,upi,97504,975.04,0,0.735,1,BLIND_RETRY_24H,0,RETRY_LINK_NOW,RULE_HIGH_PROB_IMMEDIATE_RETRY,1
pay_syn_42_00213,payment_timed_out,upi,191025,1910.25,0,0.6825,0,BLIND_RETRY_24H,0,RETRY_LINK_NOW,RULE_HIGH_PROB_IMMEDIATE_RETRY,1
pay_syn_42_00214,payment_timed_out,wallet,53918,539.18,0,0.663,1,BLIND_RETRY_24H,1,RETRY_LINK_NOW,RULE_HIGH_PROB_IMMEDIATE_RETRY,0
pay_syn_42_00215,insufficient_funds,upi,118840,1188.4,1,0.2929,1,BLIND_RETRY_24H,0,RETRY_LINK_DELAYED,RULE_LOW_PROB_DELAYED_NUDGE,0
pay_syn_42_00216,authentication_failed,card,208366,2083.66,0,0.5225,0,BLIND_RETRY_24H,1,RETRY_LINK_NOW,RULE_HIGH_PROB_IMMEDIATE_RETRY,0
pay_syn_42_00217,authentication_failed,upi,171386,1713.86,0,0.5775,1,BLIND_RETRY_24H,0,RETRY_LINK_NOW,RULE_HIGH_PROB_IMMEDIATE_RETRY,1
pay_syn_42_00218,gateway_technical_error,netbanking,135811,1358.11,0,0.595,1,BLIND_RETRY_24H,0,RETRY_LINK_NOW,RULE_HIGH_PROB_IMMEDIATE_RETRY,0
pay_syn_42_00219,payment_cancelled,upi,137603,1376.03,0,0.2597,0,BLIND_RETRY_24H,0,RETRY_LINK_DELAYED,RULE_LOW_PROB_DELAYED_NUDGE,1
pay_syn_42_00220,insufficient_funds,upi,231647,2316.47,0,0.3575,0,BLIND_RETRY_24H,0,RETRY_LINK_DELAYED,RULE_LOW_PROB_DELAYED_NUDGE,1
pay_syn_42_00221,insufficient_funds,upi,1430695,14306.95,2,0.1708,0,BLIND_RETRY_24H,0,STOP,RULE_MAX_RETRIES_EXCEEDED,0
pay_syn_42_00222,gateway_technical_error,card,57589,575.89,0,0.665,0,BLIND_RETRY_24H,0,RETRY_LINK_NOW,RULE_HIGH_PROB_IMMEDIATE_RETRY,1
pay_syn_42_00223,payment_cancelled,upi,1489504,14895.04,0,0.1575,0,BLIND_RETRY_24H,1,ESCALATE_HUMAN,RULE_HIGH_AMOUNT_ESCALATION,0
pay_syn_42_00224,authentication_failed,upi,55052,550.52,1,0.462,1,BLIND_RETRY_24H,0,RETRY_LINK_NOW,RULE_HIGH_PROB_IMMEDIATE_RETRY,1
pay_syn_42_00225,risk_check_failed,upi,12950,129.5,0,0.0,0,BLIND_RETRY_24H,0,ESCALATE_HUMAN,RULE_HARD_DECLINE_COMPLIANCE,0
pay_syn_42_00226,insufficient_funds,card,75120,751.2,2,0.2139,1,BLIND_RETRY_24H,0,STOP,RULE_MAX_RETRIES_EXCEEDED,0
pay_syn_42_00227,payment_timed_out,upi,195068,1950.68,0,0.6825,1,BLIND_RETRY_24H,0,RETRY_LINK_NOW,RULE_HIGH_PROB_IMMEDIATE_RETRY,1
pay_syn_42_00228,payment_timed_out,upi,1054902,10549.02,0,0.6825,0,BLIND_RETRY_24H,0,ESCALATE_HUMAN,RULE_HIGH_AMOUNT_ESCALATION,0
pay_syn_42_00229,gateway_technical_error,upi,49857,498.57,0,0.735,0,BLIND_RETRY_24H,0,RETRY_LINK_NOW,RULE_HIGH_PROB_IMMEDIATE_RETRY,1
pay_syn_42_00230,invalid_otp,upi,230103,2301.03,0,0.63,0,BLIND_RETRY_24H,0,RETRY_LINK_NOW,RULE_HIGH_PROB_IMMEDIATE_RETRY,1
pay_syn_42_00231,insufficient_funds,upi,31348,313.48,0,0.3727,0,BLIND_RETRY_24H,0,RETRY_LINK_DELAYED,RULE_LOW_PROB_DELAYED_NUDGE,0
pay_syn_42_00232,bank_account_invalid,card,1004273,10042.73,0,0.0,0,BLIND_RETRY_24H,0,ESCALATE_HUMAN,RULE_HARD_DECLINE_COMPLIANCE,0
pay_syn_42_00233,insufficient_funds,netbanking,490193,4901.93,0,0.2736,0,BLIND_RETRY_24H,0,RETRY_LINK_DELAYED,RULE_LOW_PROB_DELAYED_NUDGE,0
pay_syn_42_00234,insufficient_funds,card,79944,799.44,1,0.2671,1,BLIND_RETRY_24H,0,RETRY_LINK_DELAYED,RULE_LOW_PROB_DELAYED_NUDGE,0
pay_syn_42_00235,payment_cancelled,upi,20348,203.48,0,0.2685,0,BLIND_RETRY_24H,0,RETRY_LINK_NOW,RULE_HIGH_PROB_IMMEDIATE_RETRY,0
pay_syn_42_00236,invalid_otp,card,593878,5938.78,0,0.57,0,BLIND_RETRY_24H,0,RETRY_LINK_NOW,RULE_HIGH_PROB_IMMEDIATE_RETRY,1
pay_syn_42_00237,invalid_otp,upi,118087,1180.87,0,0.63,1,BLIND_RETRY_24H,0,RETRY_LINK_NOW,RULE_HIGH_PROB_IMMEDIATE_RETRY,0
pay_syn_42_00238,insufficient_funds,netbanking,522703,5227.03,0,0.2716,0,BLIND_RETRY_24H,1,RETRY_LINK_DELAYED,RULE_LOW_PROB_DELAYED_NUDGE,0
pay_syn_42_00239,authentication_failed,upi,134718,1347.18,0,0.5775,0,BLIND_RETRY_24H,0,RETRY_LINK_NOW,RULE_HIGH_PROB_IMMEDIATE_RETRY,1
pay_syn_42_00240,invalid_otp,upi,141047,1410.47,0,0.63,0,BLIND_RETRY_24H,1,RETRY_LINK_NOW,RULE_HIGH_PROB_IMMEDIATE_RETRY,1
pay_syn_42_00241,gateway_technical_error,wallet,81642,816.42,1,0.5712,1,BLIND_RETRY_24H,0,RETRY_LINK_NOW,RULE_HIGH_PROB_IMMEDIATE_RETRY,0
pay_syn_42_00242,insufficient_funds,netbanking,265748,2657.48,2,0.1839,1,BLIND_RETRY_24H,0,STOP,RULE_MAX_RETRIES_EXCEEDED,0
pay_syn_42_00243,insufficient_funds,upi,152893,1528.93,0,0.3635,1,BLIND_RETRY_24H,0,RETRY_LINK_DELAYED,RULE_LOW_PROB_DELAYED_NUDGE,0
pay_syn_42_00244,payment_cancelled,upi,235874,2358.74,0,0.2522,0,BLIND_RETRY_24H,0,RETRY_LINK_DELAYED,RULE_LOW_PROB_DELAYED_NUDGE,0
pay_syn_42_00245,bank_account_invalid,upi,24776,247.76,0,0.0,0,BLIND_RETRY_24H,0,ESCALATE_HUMAN,RULE_HARD_DECLINE_COMPLIANCE,0
pay_syn_42_00246,insufficient_funds,upi,546131,5461.31,0,0.3338,0,BLIND_RETRY_24H,0,RETRY_LINK_DELAYED,RULE_LOW_PROB_DELAYED_NUDGE,0
pay_syn_42_00247,invalid_otp,upi,737807,7378.07,0,0.63,1,BLIND_RETRY_24H,0,RETRY_LINK_NOW,RULE_HIGH_PROB_IMMEDIATE_RETRY,0
pay_syn_42_00248,card_expired,upi,152118,1521.18,0,0.0,0,BLIND_RETRY_24H,0,ESCALATE_HUMAN,RULE_HARD_DECLINE_COMPLIANCE,0
pay_syn_42_00249,invalid_otp,netbanking,1292376,12923.76,1,0.408,0,BLIND_RETRY_24H,0,ESCALATE_HUMAN,RULE_HIGH_AMOUNT_ESCALATION,0
pay_syn_42_00250,insufficient_funds,upi,923610,9236.1,0,0.3052,0,BLIND_RETRY_24H,0,RETRY_LINK_DELAYED,RULE_LOW_PROB_DELAYED_NUDGE,0
pay_syn_42_00251,invalid_otp,wallet,272415,2724.15,0,0.612,0,BLIND_RETRY_24H,0,RETRY_LINK_NOW,RULE_HIGH_PROB_IMMEDIATE_RETRY,1
pay_syn_42_00252,authentication_failed,wallet,603599,6035.99,0,0.561,1,BLIND_RETRY_24H,0,RETRY_LINK_NOW,RULE_HIGH_PROB_IMMEDIATE_RETRY,0
pay_syn_42_00253,insufficient_funds,upi,429097,4290.97,0,0.3426,0,BLIND_RETRY_24H,0,RETRY_LINK_DELAYED,RULE_LOW_PROB_DELAYED_NUDGE,0
pay_syn_42_00254,invalid_otp,card,19352,193.52,0,0.57,1,BLIND_RETRY_24H,0,RETRY_LINK_NOW,RULE_HIGH_PROB_IMMEDIATE_RETRY,1
pay_syn_42_00255,payment_cancelled,upi,99591,995.91,0,0.2625,0,BLIND_RETRY_24H,0,RETRY_LINK_DELAYED,RULE_LOW_PROB_DELAYED_NUDGE,0
pay_syn_42_00256,bank_account_invalid,upi,294922,2949.22,0,0.0,0,BLIND_RETRY_24H,0,ESCALATE_HUMAN,RULE_HARD_DECLINE_COMPLIANCE,0
pay_syn_42_00257,gateway_technical_error,wallet,803432,8034.32,0,0.714,0,BLIND_RETRY_24H,0,RETRY_LINK_NOW,RULE_HIGH_PROB_IMMEDIATE_RETRY,1
pay_syn_42_00258,payment_timed_out,upi,29350,293.5,0,0.6825,0,BLIND_RETRY_24H,0,RETRY_LINK_NOW,RULE_HIGH_PROB_IMMEDIATE_RETRY,1
pay_syn_42_00259,insufficient_funds,upi,20567,205.67,2,0.239,0,BLIND_RETRY_24H,0,STOP,RULE_MAX_RETRIES_EXCEEDED,0
pay_syn_42_00260,bank_account_invalid,upi,126004,1260.04,0,0.0,0,BLIND_RETRY_24H,0,ESCALATE_HUMAN,RULE_HARD_DECLINE_COMPLIANCE,0
pay_syn_42_00261,payment_cancelled,upi,13780,137.8,0,0.269,0,BLIND_RETRY_24H,0,RETRY_LINK_DELAYED,RULE_LOW_PROB_DELAYED_NUDGE,1
pay_syn_42_00262,authentication_failed,upi,121435,1214.35,1,0.462,1,BLIND_RETRY_24H,0,RETRY_LINK_NOW,RULE_HIGH_PROB_IMMEDIATE_RETRY,0
pay_syn_42_00263,risk_check_failed,upi,200472,2004.72,0,0.0,0,BLIND_RETRY_24H,0,ESCALATE_HUMAN,RULE_HARD_DECLINE_COMPLIANCE,0
pay_syn_42_00264,invalid_otp,netbanking,47634,476.34,0,0.51,1,BLIND_RETRY_24H,0,RETRY_LINK_NOW,RULE_HIGH_PROB_IMMEDIATE_RETRY,1
pay_syn_42_00265,card_expired,card,125019,1250.19,0,0.0,0,BLIND_RETRY_24H,0,ESCALATE_HUMAN,RULE_HARD_DECLINE_COMPLIANCE,0
pay_syn_42_00266,payment_cancelled,upi,383014,3830.14,2,0.1543,0,BLIND_RETRY_24H,0,STOP,RULE_MAX_RETRIES_EXCEEDED,0
pay_syn_42_00267,authentication_failed,card,74749,747.49,0,0.5225,1,BLIND_RETRY_24H,0,RETRY_LINK_NOW,RULE_HIGH_PROB_IMMEDIATE_RETRY,1
pay_syn_42_00268,invalid_otp,upi,55995,559.95,2,0.4032,1,BLIND_RETRY_24H,0,STOP,RULE_MAX_RETRIES_EXCEEDED,0
pay_syn_42_00269,authentication_failed,upi,119066,1190.66,0,0.5775,1,BLIND_RETRY_24H,0,RETRY_LINK_NOW,RULE_HIGH_PROB_IMMEDIATE_RETRY,0
pay_syn_42_00270,invalid_otp,upi,42890,428.9,0,0.63,1,BLIND_RETRY_24H,0,RETRY_LINK_NOW,RULE_HIGH_PROB_IMMEDIATE_RETRY,1
pay_syn_42_00271,authentication_failed,upi,1162831,11628.31,0,0.5775,1,BLIND_RETRY_24H,0,ESCALATE_HUMAN,RULE_HIGH_AMOUNT_ESCALATION,1
pay_syn_42_00272,insufficient_funds,upi,139241,1392.41,0,0.3645,0,BLIND_RETRY_24H,0,RETRY_LINK_DELAYED,RULE_LOW_PROB_DELAYED_NUDGE,1
pay_syn_42_00273,payment_cancelled,upi,62036,620.36,1,0.2123,0,BLIND_RETRY_24H,0,RETRY_LINK_DELAYED,RULE_LOW_PROB_DELAYED_NUDGE,0
pay_syn_42_00274,insufficient_funds,card,169490,1694.9,0,0.3277,0,BLIND_RETRY_24H,0,RETRY_LINK_DELAYED,RULE_LOW_PROB_DELAYED_NUDGE,0
pay_syn_42_00275,insufficient_funds,card,118375,1183.75,2,0.212,0,BLIND_RETRY_24H,0,STOP,RULE_MAX_RETRIES_EXCEEDED,0
pay_syn_42_00276,authentication_failed,upi,105041,1050.41,0,0.5775,0,BLIND_RETRY_24H,0,RETRY_LINK_NOW,RULE_HIGH_PROB_IMMEDIATE_RETRY,1
pay_syn_42_00277,insufficient_funds,card,74729,747.29,1,0.2674,0,BLIND_RETRY_24H,0,RETRY_LINK_DELAYED,RULE_LOW_PROB_DELAYED_NUDGE,1
pay_syn_42_00278,authentication_failed,upi,71095,710.95,0,0.5775,1,BLIND_RETRY_24H,0,RETRY_LINK_NOW,RULE_HIGH_PROB_IMMEDIATE_RETRY,1
pay_syn_42_00279,payment_cancelled,upi,25297,252.97,0,0.2681,0,BLIND_RETRY_24H,0,RETRY_LINK_DELAYED,RULE_LOW_PROB_DELAYED_NUDGE,0
pay_syn_42_00280,payment_timed_out,upi,602433,6024.33,2,0.4368,0,BLIND_RETRY_24H,0,STOP,RULE_MAX_RETRIES_EXCEEDED,0
pay_syn_42_00281,invalid_otp,card,252555,2525.55,0,0.57,1,BLIND_RETRY_24H,0,RETRY_LINK_NOW,RULE_HIGH_PROB_IMMEDIATE_RETRY,0
pay_syn_42_00282,card_expired,card,188631,1886.31,1,0.0,0,BLIND_RETRY_24H,0,ESCALATE_HUMAN,RULE_HARD_DECLINE_COMPLIANCE,0
pay_syn_42_00283,invalid_otp,upi,116362,1163.62,0,0.63,1,BLIND_RETRY_24H,0,RETRY_LINK_NOW,RULE_HIGH_PROB_IMMEDIATE_RETRY,1
pay_syn_42_00284,payment_cancelled,card,46820,468.2,0,0.2411,0,BLIND_RETRY_24H,1,RETRY_LINK_DELAYED,RULE_LOW_PROB_DELAYED_NUDGE,0
pay_syn_42_00285,gateway_technical_error,card,58290,582.9,2,0.4256,1,BLIND_RETRY_24H,0,STOP,RULE_MAX_RETRIES_EXCEEDED,0
pay_syn_42_00286,risk_check_failed,card,28020,280.2,0,0.0,0,BLIND_RETRY_24H,0,ESCALATE_HUMAN,RULE_HARD_DECLINE_COMPLIANCE,0
pay_syn_42_00287,gateway_technical_error,card,65771,657.71,1,0.532,1,BLIND_RETRY_24H,0,RETRY_LINK_NOW,RULE_HIGH_PROB_IMMEDIATE_RETRY,0
pay_syn_42_00288,authentication_failed,card,40760,407.6,1,0.418,0,BLIND_RETRY_24H,0,RETRY_LINK_DELAYED,RULE_LOW_PROB_DELAYED_NUDGE,1
pay_syn_42_00289,gateway_technical_error,card,856857,8568.57,0,0.665,0,BLIND_RETRY_24H,0,RETRY_LINK_NOW,RULE_HIGH_PROB_IMMEDIATE_RETRY,1
pay_syn_42_00290,invalid_otp,upi,353265,3532.65,0,0.63,1,BLIND_RETRY_24H,0,RETRY_LINK_NOW,RULE_HIGH_PROB_IMMEDIATE_RETRY,0
pay_syn_42_00291,insufficient_funds,card,145841,1458.41,0,0.3294,0,BLIND_RETRY_24H,1,RETRY_LINK_DELAYED,RULE_LOW_PROB_DELAYED_NUDGE,1
pay_syn_42_00292,gateway_technical_error,card,51935,519.35,0,0.665,0,BLIND_RETRY_24H,1,RETRY_LINK_NOW,RULE_HIGH_PROB_IMMEDIATE_RETRY,1
pay_syn_42_00293,payment_timed_out,netbanking,42796,427.96,0,0.5525,1,BLIND_RETRY_24H,0,RETRY_LINK_NOW,RULE_HIGH_PROB_IMMEDIATE_RETRY,1
pay_syn_42_00294,authentication_failed,upi,108640,1086.4,0,0.5775,1,BLIND_RETRY_24H,0,RETRY_LINK_NOW,RULE_HIGH_PROB_IMMEDIATE_RETRY,1
pay_syn_42_00295,gateway_technical_error,card,371003,3710.03,1,0.532,1,BLIND_RETRY_24H,1,RETRY_LINK_NOW,RULE_HIGH_PROB_IMMEDIATE_RETRY,0
pay_syn_42_00296,insufficient_funds,upi,1094194,10941.94,0,0.2923,0,BLIND_RETRY_24H,0,ESCALATE_HUMAN,RULE_HIGH_AMOUNT_ESCALATION,1
pay_syn_42_00297,invalid_otp,upi,28760,287.6,0,0.63,1,BLIND_RETRY_24H,0,RETRY_LINK_NOW,RULE_HIGH_PROB_IMMEDIATE_RETRY,1
pay_syn_42_00298,invalid_otp,upi,248808,2488.08,1,0.504,1,BLIND_RETRY_24H,0,RETRY_LINK_NOW,RULE_HIGH_PROB_IMMEDIATE_RETRY,0
pay_syn_42_00299,payment_timed_out,upi,65478,654.78,0,0.6825,1,BLIND_RETRY_24H,0,RETRY_LINK_NOW,RULE_HIGH_PROB_IMMEDIATE_RETRY,1
pay_syn_42_00300,payment_timed_out,upi,78381,783.81,0,0.6825,1,BLIND_RETRY_24H,1,RETRY_LINK_NOW,RULE_HIGH_PROB_IMMEDIATE_RETRY,1
pay_syn_42_00301,risk_check_failed,upi,141286,1412.86,2,0.0,0,BLIND_RETRY_24H,0,STOP,RULE_MAX_RETRIES_EXCEEDED,0
pay_syn_42_00302,insufficient_funds,upi,53698,536.98,0,0.371,0,BLIND_RETRY_24H,0,RETRY_LINK_DELAYED,RULE_LOW_PROB_DELAYED_NUDGE,1
pay_syn_42_00303,insufficient_funds,card,102984,1029.84,0,0.3323,0,BLIND_RETRY_24H,0,RETRY_LINK_DELAYED,RULE_LOW_PROB_DELAYED_NUDGE,0
pay_syn_42_00304,insufficient_funds,upi,49358,493.58,1,0.2971,0,BLIND_RETRY_24H,0,RETRY_LINK_DELAYED,RULE_LOW_PROB_DELAYED_NUDGE,0
pay_syn_42_00305,invalid_otp,card,71020,710.2,0,0.57,1,BLIND_RETRY_24H,0,RETRY_LINK_NOW,RULE_HIGH_PROB_IMMEDIATE_RETRY,1
pay_syn_42_00306,invalid_otp,card,307460,3074.6,0,0.57,0,BLIND_RETRY_24H,0,RETRY_LINK_NOW,RULE_HIGH_PROB_IMMEDIATE_RETRY,1
pay_syn_42_00307,insufficient_funds,card,149408,1494.08,0,0.3291,0,BLIND_RETRY_24H,0,RETRY_LINK_DELAYED,RULE_LOW_PROB_DELAYED_NUDGE,0
pay_syn_42_00308,payment_cancelled,card,306109,3061.09,1,0.1787,0,BLIND_RETRY_24H,0,RETRY_LINK_DELAYED,RULE_LOW_PROB_DELAYED_NUDGE,0
pay_syn_42_00309,insufficient_funds,upi,64620,646.2,0,0.3702,1,BLIND_RETRY_24H,0,RETRY_LINK_DELAYED,RULE_LOW_PROB_DELAYED_NUDGE,0
pay_syn_42_00310,insufficient_funds,card,250905,2509.05,0,0.3222,0,BLIND_RETRY_24H,0,RETRY_LINK_DELAYED,RULE_LOW_PROB_DELAYED_NUDGE,0
pay_syn_42_00311,invalid_otp,card,22357,223.57,0,0.57,1,BLIND_RETRY_24H,0,RETRY_LINK_NOW,RULE_HIGH_PROB_IMMEDIATE_RETRY,1
pay_syn_42_00312,gateway_technical_error,upi,141219,1412.19,2,0.4704,0,BLIND_RETRY_24H,1,STOP,RULE_MAX_RETRIES_EXCEEDED,0
pay_syn_42_00313,authentication_failed,netbanking,270390,2703.9,1,0.374,1,BLIND_RETRY_24H,1,RETRY_LINK_NOW,RULE_HIGH_PROB_IMMEDIATE_RETRY,0
pay_syn_42_00314,payment_timed_out,card,21536,215.36,0,0.6175,1,BLIND_RETRY_24H,0,RETRY_LINK_NOW,RULE_HIGH_PROB_IMMEDIATE_RETRY,0
pay_syn_42_00315,payment_cancelled,card,65392,653.92,0,0.2399,0,BLIND_RETRY_24H,0,RETRY_LINK_DELAYED,RULE_LOW_PROB_DELAYED_NUDGE,0
pay_syn_42_00316,gateway_technical_error,wallet,141112,1411.12,0,0.714,1,BLIND_RETRY_24H,0,RETRY_LINK_NOW,RULE_HIGH_PROB_IMMEDIATE_RETRY,1
pay_syn_42_00317,fraud_suspected,card,405182,4051.82,1,0.0,0,BLIND_RETRY_24H,0,ESCALATE_HUMAN,RULE_HARD_DECLINE_COMPLIANCE,0
pay_syn_42_00318,fraud_suspected,wallet,71011,710.11,1,0.0,0,BLIND_RETRY_24H,0,ESCALATE_HUMAN,RULE_HARD_DECLINE_COMPLIANCE,0
pay_syn_42_00319,invalid_otp,card,239895,2398.95,0,0.57,1,BLIND_RETRY_24H,1,RETRY_LINK_NOW,RULE_HIGH_PROB_IMMEDIATE_RETRY,1
pay_syn_42_00320,authentication_failed,upi,654022,6540.22,0,0.5775,1,BLIND_RETRY_24H,1,RETRY_LINK_NOW,RULE_HIGH_PROB_IMMEDIATE_RETRY,0
pay_syn_42_00321,insufficient_funds,upi,252698,2526.98,1,0.2848,0,BLIND_RETRY_24H,0,RETRY_LINK_DELAYED,RULE_LOW_PROB_DELAYED_NUDGE,1
pay_syn_42_00322,stolen_card,upi,107132,1071.32,0,0.0,0,BLIND_RETRY_24H,0,ESCALATE_HUMAN,RULE_HARD_DECLINE_COMPLIANCE,0
pay_syn_42_00323,gateway_technical_error,netbanking,201477,2014.77,0,0.595,0,BLIND_RETRY_24H,0,RETRY_LINK_NOW,RULE_HIGH_PROB_IMMEDIATE_RETRY,1
pay_syn_42_00324,bank_account_invalid,upi,68926,689.26,0,0.0,0,BLIND_RETRY_24H,0,ESCALATE_HUMAN,RULE_HARD_DECLINE_COMPLIANCE,0
pay_syn_42_00325,payment_cancelled,netbanking,147328,1473.28,0,0.2096,0,BLIND_RETRY_24H,0,RETRY_LINK_DELAYED,RULE_LOW_PROB_DELAYED_NUDGE,1
pay_syn_42_00326,invalid_otp,upi,112862,1128.62,2,0.4032,0,BLIND_RETRY_24H,0,STOP,RULE_MAX_RETRIES_EXCEEDED,0
pay_syn_42_00327,invalid_otp,upi,194178,1941.78,0,0.63,1,BLIND_RETRY_24H,0,RETRY_LINK_NOW,RULE_HIGH_PROB_IMMEDIATE_RETRY,1
pay_syn_42_00328,card_expired,upi,85145,851.45,0,0.0,0,BLIND_RETRY_24H,0,ESCALATE_HUMAN,RULE_HARD_DECLINE_COMPLIANCE,0
pay_syn_42_00329,insufficient_funds,card,206709,2067.09,2,0.2081,0,BLIND_RETRY_24H,0,STOP,RULE_MAX_RETRIES_EXCEEDED,0
pay_syn_42_00330,invalid_otp,card,84296,842.96,0,0.57,1,BLIND_RETRY_24H,1,RETRY_LINK_NOW,RULE_HIGH_PROB_IMMEDIATE_RETRY,1
pay_syn_42_00331,invalid_otp,upi,349203,3492.03,0,0.63,1,BLIND_RETRY_24H,0,RETRY_LINK_NOW,RULE_HIGH_PROB_IMMEDIATE_RETRY,1
pay_syn_42_00332,invalid_otp,netbanking,93577,935.77,0,0.51,0,BLIND_RETRY_24H,0,RETRY_LINK_NOW,RULE_HIGH_PROB_IMMEDIATE_RETRY,1
pay_syn_42_00333,invalid_otp,upi,14232,142.32,2,0.4032,0,BLIND_RETRY_24H,1,STOP,RULE_MAX_RETRIES_EXCEEDED,0
pay_syn_42_00334,card_expired,upi,44191,441.91,0,0.0,0,BLIND_RETRY_24H,0,ESCALATE_HUMAN,RULE_HARD_DECLINE_COMPLIANCE,0
pay_syn_42_00335,insufficient_funds,wallet,136684,1366.84,0,0.3543,1,BLIND_RETRY_24H,1,RETRY_LINK_DELAYED,RULE_LOW_PROB_DELAYED_NUDGE,0
pay_syn_42_00336,invalid_otp,upi,846827,8468.27,0,0.63,0,BLIND_RETRY_24H,1,RETRY_LINK_NOW,RULE_HIGH_PROB_IMMEDIATE_RETRY,0
pay_syn_42_00337,payment_cancelled,upi,333539,3335.39,0,0.2448,0,BLIND_RETRY_24H,0,RETRY_LINK_DELAYED,RULE_LOW_PROB_DELAYED_NUDGE,0
pay_syn_42_00338,insufficient_funds,upi,11765,117.65,0,0.3742,0,BLIND_RETRY_24H,0,RETRY_LINK_DELAYED,RULE_LOW_PROB_DELAYED_NUDGE,0
pay_syn_42_00339,payment_cancelled,upi,26337,263.37,0,0.2681,1,BLIND_RETRY_24H,0,RETRY_LINK_DELAYED,RULE_LOW_PROB_DELAYED_NUDGE,0
pay_syn_42_00340,insufficient_funds,upi,471323,4713.23,1,0.2715,0,BLIND_RETRY_24H,1,RETRY_LINK_DELAYED,RULE_LOW_PROB_DELAYED_NUDGE,1
pay_syn_42_00341,payment_timed_out,upi,268668,2686.68,1,0.546,0,BLIND_RETRY_24H,0,RETRY_LINK_NOW,RULE_HIGH_PROB_IMMEDIATE_RETRY,0
pay_syn_42_00342,invalid_otp,upi,1628113,16281.13,1,0.504,0,BLIND_RETRY_24H,0,ESCALATE_HUMAN,RULE_HIGH_AMOUNT_ESCALATION,0
pay_syn_42_00343,gateway_technical_error,card,80811,808.11,0,0.665,1,BLIND_RETRY_24H,1,RETRY_LINK_NOW,RULE_HIGH_PROB_IMMEDIATE_RETRY,1
pay_syn_42_00344,gateway_technical_error,upi,52593,525.93,0,0.735,0,BLIND_RETRY_24H,0,RETRY_LINK_NOW,RULE_HIGH_PROB_IMMEDIATE_RETRY,1
pay_syn_42_00345,insufficient_funds,upi,144914,1449.14,0,0.3641,0,BLIND_RETRY_24H,0,RETRY_LINK_DELAYED,RULE_LOW_PROB_DELAYED_NUDGE,0
pay_syn_42_00346,payment_cancelled,upi,79201,792.01,0,0.2641,0,BLIND_RETRY_24H,0,RETRY_LINK_DELAYED,RULE_LOW_PROB_DELAYED_NUDGE,0
pay_syn_42_00347,payment_timed_out,upi,419351,4193.51,1,0.546,1,BLIND_RETRY_24H,0,RETRY_LINK_NOW,RULE_HIGH_PROB_IMMEDIATE_RETRY,1
pay_syn_42_00348,authentication_failed,card,76432,764.32,0,0.5225,0,BLIND_RETRY_24H,1,RETRY_LINK_NOW,RULE_HIGH_PROB_IMMEDIATE_RETRY,1
pay_syn_42_00349,payment_cancelled,upi,99539,995.39,0,0.2625,0,BLIND_RETRY_24H,0,RETRY_LINK_DELAYED,RULE_LOW_PROB_DELAYED_NUDGE,0
pay_syn_42_00350,authentication_failed,netbanking,45640,456.4,0,0.4675,1,BLIND_RETRY_24H,0,RETRY_LINK_NOW,RULE_HIGH_PROB_IMMEDIATE_RETRY,0
pay_syn_42_00351,payment_cancelled,card,308001,3080.01,0,0.2233,0,BLIND_RETRY_24H,0,RETRY_LINK_DELAYED,RULE_LOW_PROB_DELAYED_NUDGE,0
pay_syn_42_00352,authentication_failed,wallet,48571,485.71,0,0.561,0,BLIND_RETRY_24H,0,RETRY_LINK_NOW,RULE_HIGH_PROB_IMMEDIATE_RETRY,0
pay_syn_42_00353,authentication_failed,upi,211071,2110.71,0,0.5775,1,BLIND_RETRY_24H,0,RETRY_LINK_NOW,RULE_HIGH_PROB_IMMEDIATE_RETRY,1
pay_syn_42_00354,authentication_failed,netbanking,1055627,10556.27,0,0.4675,1,BLIND_RETRY_24H,1,ESCALATE_HUMAN,RULE_HIGH_AMOUNT_ESCALATION,0
pay_syn_42_00355,gateway_technical_error,card,18931,189.31,0,0.665,1,BLIND_RETRY_24H,1,RETRY_LINK_NOW,RULE_HIGH_PROB_IMMEDIATE_RETRY,1
pay_syn_42_00356,payment_timed_out,card,694411,6944.11,0,0.6175,0,BLIND_RETRY_24H,0,RETRY_LINK_NOW,RULE_HIGH_PROB_IMMEDIATE_RETRY,1
pay_syn_42_00357,invalid_otp,wallet,182250,1822.5,0,0.612,1,BLIND_RETRY_24H,1,RETRY_LINK_NOW,RULE_HIGH_PROB_IMMEDIATE_RETRY,1
pay_syn_42_00358,authentication_failed,card,38837,388.37,0,0.5225,0,BLIND_RETRY_24H,0,RETRY_LINK_NOW,RULE_HIGH_PROB_IMMEDIATE_RETRY,0
pay_syn_42_00359,insufficient_funds,card,151071,1510.71,0,0.329,0,BLIND_RETRY_24H,0,RETRY_LINK_DELAYED,RULE_LOW_PROB_DELAYED_NUDGE,0
pay_syn_42_00360,payment_cancelled,card,297602,2976.02,0,0.224,0,BLIND_RETRY_24H,0,RETRY_LINK_DELAYED,RULE_LOW_PROB_DELAYED_NUDGE,0
pay_syn_42_00361,authentication_failed,upi,56142,561.42,0,0.5775,1,BLIND_RETRY_24H,0,RETRY_LINK_NOW,RULE_HIGH_PROB_IMMEDIATE_RETRY,0
pay_syn_42_00362,authentication_failed,upi,224984,2249.84,0,0.5775,0,BLIND_RETRY_24H,0,RETRY_LINK_NOW,RULE_HIGH_PROB_IMMEDIATE_RETRY,1
pay_syn_42_00363,invalid_otp,card,772723,7727.23,0,0.57,0,BLIND_RETRY_24H,0,RETRY_LINK_NOW,RULE_HIGH_PROB_IMMEDIATE_RETRY,1
pay_syn_42_00364,payment_timed_out,netbanking,76331,763.31,0,0.5525,0,BLIND_RETRY_24H,0,RETRY_LINK_DELAYED,RULE_LOW_PROB_DELAYED_NUDGE,0
pay_syn_42_00365,payment_cancelled,upi,45099,450.99,0,0.2667,0,BLIND_RETRY_24H,0,RETRY_LINK_DELAYED,RULE_LOW_PROB_DELAYED_NUDGE,0
pay_syn_42_00366,payment_cancelled,card,116635,1166.35,0,0.2364,0,BLIND_RETRY_24H,0,RETRY_LINK_DELAYED,RULE_LOW_PROB_DELAYED_NUDGE,0
pay_syn_42_00367,insufficient_funds,upi,142410,1424.1,0,0.3643,0,BLIND_RETRY_24H,0,RETRY_LINK_DELAYED,RULE_LOW_PROB_DELAYED_NUDGE,0
pay_syn_42_00368,gateway_technical_error,upi,446315,4463.15,0,0.735,1,BLIND_RETRY_24H,0,RETRY_LINK_NOW,RULE_HIGH_PROB_IMMEDIATE_RETRY,1
pay_syn_42_00369,payment_cancelled,card,112573,1125.73,1,0.1893,0,BLIND_RETRY_24H,0,RETRY_LINK_DELAYED,RULE_LOW_PROB_DELAYED_NUDGE,0
pay_syn_42_00370,fraud_suspected,card,83751,837.51,0,0.0,0,BLIND_RETRY_24H,0,ESCALATE_HUMAN,RULE_HARD_DECLINE_COMPLIANCE,0
pay_syn_42_00371,insufficient_funds,upi,43996,439.96,0,0.3717,0,BLIND_RETRY_24H,1,RETRY_LINK_DELAYED,RULE_LOW_PROB_DELAYED_NUDGE,0
pay_syn_42_00372,payment_timed_out,upi,21695,216.95,1,0.546,0,BLIND_RETRY_24H,1,RETRY_LINK_NOW,RULE_HIGH_PROB_IMMEDIATE_RETRY,1
pay_syn_42_00373,invalid_otp,card,32410,324.1,0,0.57,0,BLIND_RETRY_24H,1,RETRY_LINK_NOW,RULE_HIGH_PROB_IMMEDIATE_RETRY,1
pay_syn_42_00374,payment_cancelled,card,32228,322.28,2,0.155,0,BLIND_RETRY_24H,0,STOP,RULE_MAX_RETRIES_EXCEEDED,0
pay_syn_42_00375,payment_cancelled,card,100672,1006.72,0,0.2375,1,BLIND_RETRY_24H,1,RETRY_LINK_DELAYED,RULE_LOW_PROB_DELAYED_NUDGE,0
pay_syn_42_00376,gateway_technical_error,netbanking,25635,256.35,1,0.476,1,BLIND_RETRY_24H,0,RETRY_LINK_NOW,RULE_HIGH_PROB_IMMEDIATE_RETRY,0
pay_syn_42_00377,payment_timed_out,upi,6895,68.95,0,0.6825,0,BLIND_RETRY_24H,0,RETRY_LINK_NOW,RULE_HIGH_PROB_IMMEDIATE_RETRY,1
pay_syn_42_00378,invalid_otp,upi,126178,1261.78,0,0.63,1,BLIND_RETRY_24H,1,RETRY_LINK_NOW,RULE_HIGH_PROB_IMMEDIATE_RETRY,1
pay_syn_42_00379,card_expired,upi,1023790,10237.9,0,0.0,0,BLIND_RETRY_24H,0,ESCALATE_HUMAN,RULE_HARD_DECLINE_COMPLIANCE,0
pay_syn_42_00380,payment_timed_out,card,462495,4624.95,0,0.6175,0,BLIND_RETRY_24H,0,RETRY_LINK_NOW,RULE_HIGH_PROB_IMMEDIATE_RETRY,1
pay_syn_42_00381,payment_cancelled,upi,99647,996.47,0,0.2625,1,BLIND_RETRY_24H,1,RETRY_LINK_DELAYED,RULE_LOW_PROB_DELAYED_NUDGE,1
pay_syn_42_00382,invalid_otp,upi,39656,396.56,1,0.504,0,BLIND_RETRY_24H,0,RETRY_LINK_DELAYED,RULE_LOW_PROB_DELAYED_NUDGE,0
pay_syn_42_00383,payment_cancelled,upi,2271307,22713.07,0,0.0983,1,BLIND_RETRY_24H,0,ESCALATE_HUMAN,RULE_HIGH_AMOUNT_ESCALATION,0
pay_syn_42_00384,gateway_technical_error,upi,142959,1429.59,0,0.735,0,BLIND_RETRY_24H,0,RETRY_LINK_NOW,RULE_HIGH_PROB_IMMEDIATE_RETRY,1
pay_syn_42_00385,insufficient_funds,upi,166552,1665.52,0,0.3625,1,BLIND_RETRY_24H,0,RETRY_LINK_DELAYED,RULE_LOW_PROB_DELAYED_NUDGE,0
pay_syn_42_00386,authentication_failed,upi,114276,1142.76,0,0.5775,1,BLIND_RETRY_24H,0,RETRY_LINK_NOW,RULE_HIGH_PROB_IMMEDIATE_RETRY,1
pay_syn_42_00387,payment_cancelled,upi,129203,1292.03,0,0.2603,0,BLIND_RETRY_24H,0,RETRY_LINK_DELAYED,RULE_LOW_PROB_DELAYED_NUDGE,0
pay_syn_42_00388,invalid_otp,card,73674,736.74,0,0.57,1,BLIND_RETRY_24H,1,RETRY_LINK_NOW,RULE_HIGH_PROB_IMMEDIATE_RETRY,0
pay_syn_42_00389,insufficient_funds,upi,101184,1011.84,0,0.3674,0,BLIND_RETRY_24H,0,RETRY_LINK_DELAYED,RULE_LOW_PROB_DELAYED_NUDGE,0
pay_syn_42_00390,insufficient_funds,upi,700509,7005.09,0,0.3221,0,BLIND_RETRY_24H,0,RETRY_LINK_DELAYED,RULE_LOW_PROB_DELAYED_NUDGE,0
pay_syn_42_00391,payment_timed_out,upi,527479,5274.79,0,0.6825,1,BLIND_RETRY_24H,0,RETRY_LINK_NOW,RULE_HIGH_PROB_IMMEDIATE_RETRY,1
pay_syn_42_00392,invalid_otp,upi,13690,136.9,1,0.504,1,BLIND_RETRY_24H,0,RETRY_LINK_NOW,RULE_HIGH_PROB_IMMEDIATE_RETRY,0
pay_syn_42_00393,payment_timed_out,upi,28479,284.79,0,0.6825,1,BLIND_RETRY_24H,0,RETRY_LINK_NOW,RULE_HIGH_PROB_IMMEDIATE_RETRY,0
pay_syn_42_00394,authentication_failed,card,56930,569.3,1,0.418,1,BLIND_RETRY_24H,0,RETRY_LINK_NOW,RULE_HIGH_PROB_IMMEDIATE_RETRY,0
pay_syn_42_00395,gateway_technical_error,card,374901,3749.01,0,0.665,1,BLIND_RETRY_24H,0,RETRY_LINK_NOW,RULE_HIGH_PROB_IMMEDIATE_RETRY,0
pay_syn_42_00396,gateway_technical_error,netbanking,542466,5424.66,1,0.476,1,BLIND_RETRY_24H,0,RETRY_LINK_NOW,RULE_HIGH_PROB_IMMEDIATE_RETRY,1
pay_syn_42_00397,insufficient_funds,upi,296265,2962.65,0,0.3527,1,BLIND_RETRY_24H,0,RETRY_LINK_NOW,RULE_HIGH_PROB_IMMEDIATE_RETRY,1
pay_syn_42_00398,invalid_otp,upi,38685,386.85,0,0.63,1,BLIND_RETRY_24H,0,RETRY_LINK_NOW,RULE_HIGH_PROB_IMMEDIATE_RETRY,1
pay_syn_42_00399,invalid_otp,card,75222,752.22,0,0.57,0,BLIND_RETRY_24H,0,RETRY_LINK_NOW,RULE_HIGH_PROB_IMMEDIATE_RETRY,1
pay_syn_42_00400,payment_cancelled,netbanking,229460,2294.6,0,0.2046,0,BLIND_RETRY_24H,0,RETRY_LINK_DELAYED,RULE_LOW_PROB_DELAYED_NUDGE,0
pay_syn_42_00401,payment_cancelled,upi,102828,1028.28,0,0.2623,0,BLIND_RETRY_24H,1,RETRY_LINK_DELAYED,RULE_LOW_PROB_DELAYED_NUDGE,1
pay_syn_42_00402,authentication_failed,upi,88687,886.87,0,0.5775,0,BLIND_RETRY_24H,0,RETRY_LINK_NOW,RULE_HIGH_PROB_IMMEDIATE_RETRY,0
pay_syn_42_00403,invalid_otp,upi,90049,900.49,0,0.63,0,BLIND_RETRY_24H,0,RETRY_LINK_NOW,RULE_HIGH_PROB_IMMEDIATE_RETRY,0
pay_syn_42_00404,authentication_failed,upi,479468,4794.68,0,0.5775,1,BLIND_RETRY_24H,0,RETRY_LINK_NOW,RULE_HIGH_PROB_IMMEDIATE_RETRY,1
pay_syn_42_00405,card_expired,upi,257193,2571.93,1,0.0,0,BLIND_RETRY_24H,0,ESCALATE_HUMAN,RULE_HARD_DECLINE_COMPLIANCE,0
pay_syn_42_00406,payment_cancelled,card,95289,952.89,0,0.2378,1,BLIND_RETRY_24H,0,RETRY_LINK_DELAYED,RULE_LOW_PROB_DELAYED_NUDGE,0
pay_syn_42_00407,payment_timed_out,upi,191744,1917.44,0,0.6825,1,BLIND_RETRY_24H,0,RETRY_LINK_NOW,RULE_HIGH_PROB_IMMEDIATE_RETRY,0
pay_syn_42_00408,payment_cancelled,card,33825,338.25,0,0.242,0,BLIND_RETRY_24H,1,RETRY_LINK_DELAYED,RULE_LOW_PROB_DELAYED_NUDGE,0
pay_syn_42_00409,payment_cancelled,upi,75371,753.71,1,0.2115,0,BLIND_RETRY_24H,0,RETRY_LINK_DELAYED,RULE_LOW_PROB_DELAYED_NUDGE,0
pay_syn_42_00410,payment_cancelled,upi,424675,4246.75,2,0.1523,0,BLIND_RETRY_24H,0,STOP,RULE_MAX_RETRIES_EXCEEDED,0
pay_syn_42_00411,insufficient_funds,card,24170,241.7,0,0.3377,0,BLIND_RETRY_24H,0,RETRY_LINK_DELAYED,RULE_LOW_PROB_DELAYED_NUDGE,0
pay_syn_42_00412,card_expired,card,260871,2608.71,0,0.0,0,BLIND_RETRY_24H,0,ESCALATE_HUMAN,RULE_HARD_DECLINE_COMPLIANCE,0
pay_syn_42_00413,gateway_technical_error,upi,13562,135.62,0,0.735,1,BLIND_RETRY_24H,0,RETRY_LINK_NOW,RULE_HIGH_PROB_IMMEDIATE_RETRY,0
pay_syn_42_00414,payment_timed_out,upi,865681,8656.81,0,0.6825,0,BLIND_RETRY_24H,0,RETRY_LINK_NOW,RULE_HIGH_PROB_IMMEDIATE_RETRY,1
pay_syn_42_00415,invalid_otp,upi,73553,735.53,0,0.63,0,BLIND_RETRY_24H,0,RETRY_LINK_NOW,RULE_HIGH_PROB_IMMEDIATE_RETRY,1
pay_syn_42_00416,payment_cancelled,upi,207777,2077.77,1,0.2035,0,BLIND_RETRY_24H,0,RETRY_LINK_DELAYED,RULE_LOW_PROB_DELAYED_NUDGE,0
pay_syn_42_00417,card_expired,card,151876,1518.76,0,0.0,0,BLIND_RETRY_24H,0,ESCALATE_HUMAN,RULE_HARD_DECLINE_COMPLIANCE,0
pay_syn_42_00418,authentication_failed,upi,158024,1580.24,1,0.462,1,BLIND_RETRY_24H,0,RETRY_LINK_NOW,RULE_HIGH_PROB_IMMEDIATE_RETRY,1
pay_syn_42_00419,card_expired,upi,187916,1879.16,1,0.0,0,BLIND_RETRY_24H,0,ESCALATE_HUMAN,RULE_HARD_DECLINE_COMPLIANCE,0
pay_syn_42_00420,insufficient_funds,upi,20414,204.14,0,0.3735,1,BLIND_RETRY_24H,0,RETRY_LINK_NOW,RULE_HIGH_PROB_IMMEDIATE_RETRY,1
pay_syn_42_00421,payment_timed_out,upi,161639,1616.39,0,0.6825,0,BLIND_RETRY_24H,0,RETRY_LINK_NOW,RULE_HIGH_PROB_IMMEDIATE_RETRY,1
pay_syn_42_00422,card_expired,upi,109402,1094.02,0,0.0,0,BLIND_RETRY_24H,0,ESCALATE_HUMAN,RULE_HARD_DECLINE_COMPLIANCE,0
pay_syn_42_00423,authentication_failed,upi,73971,739.71,0,0.5775,1,BLIND_RETRY_24H,1,RETRY_LINK_NOW,RULE_HIGH_PROB_IMMEDIATE_RETRY,0
pay_syn_42_00424,invalid_otp,upi,56899,568.99,0,0.63,0,BLIND_RETRY_24H,0,RETRY_LINK_NOW,RULE_HIGH_PROB_IMMEDIATE_RETRY,1
pay_syn_42_00425,payment_timed_out,upi,166142,1661.42,0,0.6825,1,BLIND_RETRY_24H,1,RETRY_LINK_NOW,RULE_HIGH_PROB_IMMEDIATE_RETRY,1
pay_syn_42_00426,invalid_otp,upi,45659,456.59,0,0.63,1,BLIND_RETRY_24H,0,RETRY_LINK_NOW,RULE_HIGH_PROB_IMMEDIATE_RETRY,1
pay_syn_42_00427,payment_cancelled,card,415501,4155.01,0,0.2159,1,BLIND_RETRY_24H,0,RETRY_LINK_NOW,RULE_HIGH_PROB_IMMEDIATE_RETRY,0
pay_syn_42_00428,gateway_technical_error,card,225264,2252.64,0,0.665,1,BLIND_RETRY_24H,0,RETRY_LINK_NOW,RULE_HIGH_PROB_IMMEDIATE_RETRY,1
pay_syn_42_00429,payment_cancelled,card,177514,1775.14,1,0.1858,0,BLIND_RETRY_24H,0,RETRY_LINK_DELAYED,RULE_LOW_PROB_DELAYED_NUDGE,0
pay_syn_42_00430,card_expired,upi,394798,3947.98,0,0.0,0,BLIND_RETRY_24H,0,ESCALATE_HUMAN,RULE_HARD_DECLINE_COMPLIANCE,0
pay_syn_42_00431,payment_timed_out,upi,17680,176.8,2,0.4368,0,BLIND_RETRY_24H,1,STOP,RULE_MAX_RETRIES_EXCEEDED,0
pay_syn_42_00432,insufficient_funds,upi,32782,327.82,0,0.3726,1,BLIND_RETRY_24H,0,RETRY_LINK_DELAYED,RULE_LOW_PROB_DELAYED_NUDGE,1
pay_syn_42_00433,card_lost_or_stolen,upi,236711,2367.11,0,0.0,0,BLIND_RETRY_24H,0,ESCALATE_HUMAN,RULE_HARD_DECLINE_COMPLIANCE,0
pay_syn_42_00434,payment_cancelled,card,60286,602.86,0,0.2402,0,BLIND_RETRY_24H,1,RETRY_LINK_DELAYED,RULE_LOW_PROB_DELAYED_NUDGE,1
pay_syn_42_00435,payment_cancelled,card,68357,683.57,0,0.2397,0,BLIND_RETRY_24H,1,RETRY_LINK_DELAYED,RULE_LOW_PROB_DELAYED_NUDGE,0
pay_syn_42_00436,authentication_failed,card,28505,285.05,0,0.5225,1,BLIND_RETRY_24H,0,RETRY_LINK_NOW,RULE_HIGH_PROB_IMMEDIATE_RETRY,0
pay_syn_42_00437,invalid_otp,upi,45785,457.85,0,0.63,1,BLIND_RETRY_24H,1,RETRY_LINK_NOW,RULE_HIGH_PROB_IMMEDIATE_RETRY,1
pay_syn_42_00438,payment_timed_out,netbanking,426845,4268.45,0,0.5525,1,BLIND_RETRY_24H,0,RETRY_LINK_NOW,RULE_HIGH_PROB_IMMEDIATE_RETRY,0
pay_syn_42_00439,payment_timed_out,upi,230457,2304.57,0,0.6825,0,BLIND_RETRY_24H,0,RETRY_LINK_NOW,RULE_HIGH_PROB_IMMEDIATE_RETRY,1
pay_syn_42_00440,payment_cancelled,upi,164142,1641.42,1,0.2061,0,BLIND_RETRY_24H,1,RETRY_LINK_DELAYED,RULE_LOW_PROB_DELAYED_NUDGE,0
pay_syn_42_00441,payment_cancelled,netbanking,71109,711.09,0,0.2143,0,BLIND_RETRY_24H,1,RETRY_LINK_DELAYED,RULE_LOW_PROB_DELAYED_NUDGE,0
pay_syn_42_00442,invalid_otp,card,153182,1531.82,0,0.57,0,BLIND_RETRY_24H,0,RETRY_LINK_NOW,RULE_HIGH_PROB_IMMEDIATE_RETRY,1
pay_syn_42_00443,invalid_otp,upi,474194,4741.94,1,0.504,1,BLIND_RETRY_24H,0,RETRY_LINK_NOW,RULE_HIGH_PROB_IMMEDIATE_RETRY,1
pay_syn_42_00444,payment_cancelled,card,61801,618.01,0,0.2401,1,BLIND_RETRY_24H,0,RETRY_LINK_DELAYED,RULE_LOW_PROB_DELAYED_NUDGE,0
pay_syn_42_00445,invalid_otp,upi,128886,1288.86,0,0.63,0,BLIND_RETRY_24H,0,RETRY_LINK_NOW,RULE_HIGH_PROB_IMMEDIATE_RETRY,1
pay_syn_42_00446,payment_timed_out,upi,939451,9394.51,0,0.6825,1,BLIND_RETRY_24H,0,RETRY_LINK_NOW,RULE_HIGH_PROB_IMMEDIATE_RETRY,1
pay_syn_42_00447,payment_cancelled,upi,291763,2917.63,0,0.248,0,BLIND_RETRY_24H,0,RETRY_LINK_DELAYED,RULE_LOW_PROB_DELAYED_NUDGE,0
pay_syn_42_00448,invalid_otp,card,72147,721.47,0,0.57,0,BLIND_RETRY_24H,0,RETRY_LINK_NOW,RULE_HIGH_PROB_IMMEDIATE_RETRY,0
pay_syn_42_00449,payment_cancelled,upi,265445,2654.45,2,0.16,0,BLIND_RETRY_24H,0,STOP,RULE_MAX_RETRIES_EXCEEDED,0
pay_syn_42_00450,risk_check_failed,upi,23811,238.11,0,0.0,0,BLIND_RETRY_24H,0,ESCALATE_HUMAN,RULE_HARD_DECLINE_COMPLIANCE,0
pay_syn_42_00451,invalid_otp,upi,123413,1234.13,2,0.4032,1,BLIND_RETRY_24H,0,STOP,RULE_MAX_RETRIES_EXCEEDED,0
pay_syn_42_00452,payment_cancelled,card,265112,2651.12,0,0.2262,0,BLIND_RETRY_24H,0,RETRY_LINK_DELAYED,RULE_LOW_PROB_DELAYED_NUDGE,0
pay_syn_42_00453,payment_timed_out,card,203493,2034.93,1,0.494,0,BLIND_RETRY_24H,0,RETRY_LINK_NOW,RULE_HIGH_PROB_IMMEDIATE_RETRY,1
pay_syn_42_00454,insufficient_funds,upi,262187,2621.87,1,0.2842,0,BLIND_RETRY_24H,0,RETRY_LINK_DELAYED,RULE_LOW_PROB_DELAYED_NUDGE,0
pay_syn_42_00455,card_expired,upi,335201,3352.01,1,0.0,0,BLIND_RETRY_24H,0,ESCALATE_HUMAN,RULE_HARD_DECLINE_COMPLIANCE,0
pay_syn_42_00456,payment_timed_out,netbanking,221964,2219.64,0,0.5525,1,BLIND_RETRY_24H,0,RETRY_LINK_DELAYED,RULE_LOW_PROB_DELAYED_NUDGE,1
pay_syn_42_00457,invalid_otp,netbanking,214862,2148.62,0,0.51,1,BLIND_RETRY_24H,1,RETRY_LINK_NOW,RULE_HIGH_PROB_IMMEDIATE_RETRY,1
pay_syn_42_00458,authentication_failed,upi,168321,1683.21,0,0.5775,1,BLIND_RETRY_24H,0,RETRY_LINK_NOW,RULE_HIGH_PROB_IMMEDIATE_RETRY,1
pay_syn_42_00459,gateway_technical_error,upi,40782,407.82,0,0.735,0,BLIND_RETRY_24H,1,RETRY_LINK_NOW,RULE_HIGH_PROB_IMMEDIATE_RETRY,0
pay_syn_42_00460,risk_check_failed,upi,426615,4266.15,0,0.0,0,BLIND_RETRY_24H,0,ESCALATE_HUMAN,RULE_HARD_DECLINE_COMPLIANCE,0
pay_syn_42_00461,card_lost_or_stolen,card,128240,1282.4,0,0.0,0,BLIND_RETRY_24H,0,ESCALATE_HUMAN,RULE_HARD_DECLINE_COMPLIANCE,0
pay_syn_42_00462,payment_cancelled,upi,283458,2834.58,0,0.2486,0,BLIND_RETRY_24H,0,RETRY_LINK_DELAYED,RULE_LOW_PROB_DELAYED_NUDGE,1
pay_syn_42_00463,payment_cancelled,card,375977,3759.77,0,0.2186,1,BLIND_RETRY_24H,0,RETRY_LINK_DELAYED,RULE_LOW_PROB_DELAYED_NUDGE,1
pay_syn_42_00464,insufficient_funds,upi,75926,759.26,0,0.3693,0,BLIND_RETRY_24H,0,RETRY_LINK_DELAYED,RULE_LOW_PROB_DELAYED_NUDGE,1
pay_syn_42_00465,gateway_technical_error,upi,83052,830.52,1,0.588,1,BLIND_RETRY_24H,0,RETRY_LINK_NOW,RULE_HIGH_PROB_IMMEDIATE_RETRY,1
pay_syn_42_00466,insufficient_funds,card,95328,953.28,0,0.3328,0,BLIND_RETRY_24H,0,RETRY_LINK_DELAYED,RULE_LOW_PROB_DELAYED_NUDGE,0
pay_syn_42_00467,gateway_technical_error,upi,533120,5331.2,0,0.735,1,BLIND_RETRY_24H,0,RETRY_LINK_NOW,RULE_HIGH_PROB_IMMEDIATE_RETRY,0
pay_syn_42_00468,gateway_technical_error,upi,50066,500.66,1,0.588,1,BLIND_RETRY_24H,0,RETRY_LINK_NOW,RULE_HIGH_PROB_IMMEDIATE_RETRY,0
pay_syn_42_00469,authentication_failed,upi,657925,6579.25,1,0.462,1,BLIND_RETRY_24H,0,RETRY_LINK_NOW,RULE_HIGH_PROB_IMMEDIATE_RETRY,0
pay_syn_42_00470,insufficient_funds,upi,166272,1662.72,0,0.3625,0,BLIND_RETRY_24H,0,RETRY_LINK_DELAYED,RULE_LOW_PROB_DELAYED_NUDGE,1
pay_syn_42_00471,payment_timed_out,upi,179679,1796.79,0,0.6825,1,BLIND_RETRY_24H,1,RETRY_LINK_NOW,RULE_HIGH_PROB_IMMEDIATE_RETRY,0
pay_syn_42_00472,insufficient_funds,upi,356384,3563.84,0,0.3481,1,BLIND_RETRY_24H,0,RETRY_LINK_DELAYED,RULE_LOW_PROB_DELAYED_NUDGE,1
pay_syn_42_00473,insufficient_funds,upi,146632,1466.32,2,0.2329,0,BLIND_RETRY_24H,1,STOP,RULE_MAX_RETRIES_EXCEEDED,0
pay_syn_42_00474,gateway_technical_error,upi,432440,4324.4,0,0.735,0,BLIND_RETRY_24H,0,RETRY_LINK_NOW,RULE_HIGH_PROB_IMMEDIATE_RETRY,1
pay_syn_42_00475,risk_check_failed,upi,75823,758.23,0,0.0,0,BLIND_RETRY_24H,0,ESCALATE_HUMAN,RULE_HARD_DECLINE_COMPLIANCE,0
pay_syn_42_00476,authentication_failed,card,631247,6312.47,2,0.3344,0,BLIND_RETRY_24H,0,STOP,RULE_MAX_RETRIES_EXCEEDED,0
pay_syn_42_00477,payment_timed_out,upi,82053,820.53,1,0.546,1,BLIND_RETRY_24H,1,RETRY_LINK_NOW,RULE_HIGH_PROB_IMMEDIATE_RETRY,1
pay_syn_42_00478,invalid_otp,card,662578,6625.78,0,0.57,0,BLIND_RETRY_24H,0,RETRY_LINK_NOW,RULE_HIGH_PROB_IMMEDIATE_RETRY,0
pay_syn_42_00479,payment_cancelled,card,84370,843.7,0,0.2386,0,BLIND_RETRY_24H,0,RETRY_LINK_DELAYED,RULE_LOW_PROB_DELAYED_NUDGE,0
pay_syn_42_00480,gateway_technical_error,upi,98244,982.44,1,0.588,1,BLIND_RETRY_24H,0,RETRY_LINK_NOW,RULE_HIGH_PROB_IMMEDIATE_RETRY,1
pay_syn_42_00481,payment_timed_out,card,44383,443.83,0,0.6175,1,BLIND_RETRY_24H,0,RETRY_LINK_NOW,RULE_HIGH_PROB_IMMEDIATE_RETRY,0
pay_syn_42_00482,insufficient_funds,card,57561,575.61,1,0.2683,1,BLIND_RETRY_24H,0,RETRY_LINK_DELAYED,RULE_LOW_PROB_DELAYED_NUDGE,0
pay_syn_42_00483,gateway_technical_error,card,128929,1289.29,0,0.665,1,BLIND_RETRY_24H,0,RETRY_LINK_NOW,RULE_HIGH_PROB_IMMEDIATE_RETRY,1
pay_syn_42_00484,invalid_otp,upi,173305,1733.05,0,0.63,0,BLIND_RETRY_24H,0,RETRY_LINK_NOW,RULE_HIGH_PROB_IMMEDIATE_RETRY,0
pay_syn_42_00485,gateway_technical_error,netbanking,395507,3955.07,0,0.595,0,BLIND_RETRY_24H,0,RETRY_LINK_NOW,RULE_HIGH_PROB_IMMEDIATE_RETRY,0
pay_syn_42_00486,risk_check_failed,upi,105850,1058.5,0,0.0,0,BLIND_RETRY_24H,0,ESCALATE_HUMAN,RULE_HARD_DECLINE_COMPLIANCE,0
pay_syn_42_00487,payment_cancelled,upi,38956,389.56,0,0.2671,0,BLIND_RETRY_24H,1,RETRY_LINK_DELAYED,RULE_LOW_PROB_DELAYED_NUDGE,1
pay_syn_42_00488,payment_cancelled,card,203989,2039.89,0,0.2304,0,BLIND_RETRY_24H,0,RETRY_LINK_DELAYED,RULE_LOW_PROB_DELAYED_NUDGE,0
pay_syn_42_00489,gateway_technical_error,upi,160856,1608.56,1,0.588,0,BLIND_RETRY_24H,0,RETRY_LINK_NOW,RULE_HIGH_PROB_IMMEDIATE_RETRY,0
pay_syn_42_00490,payment_cancelled,netbanking,230237,2302.37,0,0.2045,0,BLIND_RETRY_24H,0,RETRY_LINK_DELAYED,RULE_LOW_PROB_DELAYED_NUDGE,0
pay_syn_42_00491,fraud_suspected,upi,66414,664.14,0,0.0,0,BLIND_RETRY_24H,0,ESCALATE_HUMAN,RULE_HARD_DECLINE_COMPLIANCE,0
pay_syn_42_00492,bank_account_invalid,upi,74688,746.88,1,0.0,0,BLIND_RETRY_24H,0,ESCALATE_HUMAN,RULE_HARD_DECLINE_COMPLIANCE,0
pay_syn_42_00493,payment_cancelled,upi,66439,664.39,0,0.265,1,BLIND_RETRY_24H,0,RETRY_LINK_DELAYED,RULE_LOW_PROB_DELAYED_NUDGE,0
pay_syn_42_00494,payment_cancelled,upi,495384,4953.84,0,0.2326,0,BLIND_RETRY_24H,0,RETRY_LINK_DELAYED,RULE_LOW_PROB_DELAYED_NUDGE,0
pay_syn_42_00495,gateway_technical_error,card,639042,6390.42,0,0.665,0,BLIND_RETRY_24H,0,RETRY_LINK_NOW,RULE_HIGH_PROB_IMMEDIATE_RETRY,1
pay_syn_42_00496,insufficient_funds,upi,71493,714.93,0,0.3697,1,BLIND_RETRY_24H,0,RETRY_LINK_DELAYED,RULE_LOW_PROB_DELAYED_NUDGE,1
pay_syn_42_00497,invalid_otp,upi,72964,729.64,1,0.504,1,BLIND_RETRY_24H,0,RETRY_LINK_NOW,RULE_HIGH_PROB_IMMEDIATE_RETRY,0
pay_syn_42_00498,invalid_otp,wallet,268712,2687.12,0,0.612,1,BLIND_RETRY_24H,1,RETRY_LINK_NOW,RULE_HIGH_PROB_IMMEDIATE_RETRY,0
pay_syn_42_00499,risk_check_failed,netbanking,734853,7348.53,0,0.0,0,BLIND_RETRY_24H,0,ESCALATE_HUMAN,RULE_HARD_DECLINE_COMPLIANCE,0
pay_syn_42_00500,insufficient_funds,upi,965726,9657.26,1,0.2416,0,BLIND_RETRY_24H,0,RETRY_LINK_DELAYED,RULE_LOW_PROB_DELAYED_NUDGE,0
pay_syn_42_00501,insufficient_funds,netbanking,68262,682.62,0,0.2994,0,BLIND_RETRY_24H,0,RETRY_LINK_DELAYED,RULE_LOW_PROB_DELAYED_NUDGE,0
pay_syn_42_00502,insufficient_funds,card,87439,874.39,0,0.3334,0,BLIND_RETRY_24H,0,RETRY_LINK_DELAYED,RULE_LOW_PROB_DELAYED_NUDGE,1
pay_syn_42_00503,gateway_technical_error,card,183436,1834.36,0,0.665,1,BLIND_RETRY_24H,0,RETRY_LINK_NOW,RULE_HIGH_PROB_IMMEDIATE_RETRY,1
pay_syn_42_00504,invalid_otp,upi,193508,1935.08,0,0.63,1,BLIND_RETRY_24H,0,RETRY_LINK_NOW,RULE_HIGH_PROB_IMMEDIATE_RETRY,1
pay_syn_42_00505,insufficient_funds,netbanking,110252,1102.52,0,0.2969,0,BLIND_RETRY_24H,0,RETRY_LINK_DELAYED,RULE_LOW_PROB_DELAYED_NUDGE,0
pay_syn_42_00506,payment_cancelled,upi,55661,556.61,0,0.2659,1,BLIND_RETRY_24H,0,RETRY_LINK_DELAYED,RULE_LOW_PROB_DELAYED_NUDGE,1
pay_syn_42_00507,invalid_otp,card,129150,1291.5,0,0.57,1,BLIND_RETRY_24H,0,RETRY_LINK_NOW,RULE_HIGH_PROB_IMMEDIATE_RETRY,1
pay_syn_42_00508,gateway_technical_error,card,964325,9643.25,0,0.665,1,BLIND_RETRY_24H,0,RETRY_LINK_NOW,RULE_HIGH_PROB_IMMEDIATE_RETRY,1
pay_syn_42_00509,invalid_otp,upi,75796,757.96,0,0.63,0,BLIND_RETRY_24H,0,RETRY_LINK_NOW,RULE_HIGH_PROB_IMMEDIATE_RETRY,1
pay_syn_42_00510,payment_timed_out,upi,171328,1713.28,2,0.4368,0,BLIND_RETRY_24H,0,STOP,RULE_MAX_RETRIES_EXCEEDED,0
pay_syn_42_00511,invalid_otp,netbanking,2158223,21582.23,0,0.51,0,BLIND_RETRY_24H,0,ESCALATE_HUMAN,RULE_HIGH_AMOUNT_ESCALATION,1
pay_syn_42_00512,gateway_technical_error,card,74698,746.98,0,0.665,1,BLIND_RETRY_24H,0,RETRY_LINK_NOW,RULE_HIGH_PROB_IMMEDIATE_RETRY,0
pay_syn_42_00513,card_expired,upi,283580,2835.8,0,0.0,0,BLIND_RETRY_24H,0,ESCALATE_HUMAN,RULE_HARD_DECLINE_COMPLIANCE,0
pay_syn_42_00514,insufficient_funds,card,1021261,10212.61,0,0.2695,0,BLIND_RETRY_24H,0,ESCALATE_HUMAN,RULE_HIGH_AMOUNT_ESCALATION,0
pay_syn_42_00515,invalid_otp,upi,256502,2565.02,0,0.63,0,BLIND_RETRY_24H,1,RETRY_LINK_NOW,RULE_HIGH_PROB_IMMEDIATE_RETRY,1
pay_syn_42_00516,card_expired,card,453497,4534.97,0,0.0,0,BLIND_RETRY_24H,0,ESCALATE_HUMAN,RULE_HARD_DECLINE_COMPLIANCE,0
pay_syn_42_00517,bank_account_invalid,card,330281,3302.81,1,0.0,0,BLIND_RETRY_24H,0,ESCALATE_HUMAN,RULE_HARD_DECLINE_COMPLIANCE,0
pay_syn_42_00518,authentication_failed,upi,234022,2340.22,0,0.5775,0,BLIND_RETRY_24H,0,RETRY_LINK_NOW,RULE_HIGH_PROB_IMMEDIATE_RETRY,0
pay_syn_42_00519,gateway_technical_error,card,612648,6126.48,0,0.665,1,BLIND_RETRY_24H,0,RETRY_LINK_NOW,RULE_HIGH_PROB_IMMEDIATE_RETRY,1
pay_syn_42_00520,insufficient_funds,upi,273416,2734.16,1,0.2835,0,BLIND_RETRY_24H,0,RETRY_LINK_DELAYED,RULE_LOW_PROB_DELAYED_NUDGE,0
pay_syn_42_00521,insufficient_funds,card,111451,1114.51,0,0.3317,0,BLIND_RETRY_24H,0,RETRY_LINK_DELAYED,RULE_LOW_PROB_DELAYED_NUDGE,0
pay_syn_42_00522,invalid_otp,wallet,157402,1574.02,0,0.612,0,BLIND_RETRY_24H,0,RETRY_LINK_NOW,RULE_HIGH_PROB_IMMEDIATE_RETRY,1
pay_syn_42_00523,authentication_failed,card,200930,2009.3,1,0.418,0,BLIND_RETRY_24H,0,RETRY_LINK_NOW,RULE_HIGH_PROB_IMMEDIATE_RETRY,0
pay_syn_42_00524,gateway_technical_error,wallet,86899,868.99,0,0.714,1,BLIND_RETRY_24H,0,RETRY_LINK_NOW,RULE_HIGH_PROB_IMMEDIATE_RETRY,1
pay_syn_42_00525,authentication_failed,card,165277,1652.77,0,0.5225,0,BLIND_RETRY_24H,0,RETRY_LINK_NOW,RULE_HIGH_PROB_IMMEDIATE_RETRY,0
pay_syn_42_00526,card_expired,card,140963,1409.63,0,0.0,0,BLIND_RETRY_24H,0,ESCALATE_HUMAN,RULE_HARD_DECLINE_COMPLIANCE,0
pay_syn_42_00527,payment_timed_out,wallet,272448,2724.48,0,0.663,0,BLIND_RETRY_24H,0,RETRY_LINK_NOW,RULE_HIGH_PROB_IMMEDIATE_RETRY,1
pay_syn_42_00528,bank_account_invalid,upi,1446634,14466.34,0,0.0,0,BLIND_RETRY_24H,0,ESCALATE_HUMAN,RULE_HARD_DECLINE_COMPLIANCE,0
pay_syn_42_00529,payment_timed_out,upi,176221,1762.21,0,0.6825,0,BLIND_RETRY_24H,1,RETRY_LINK_NOW,RULE_HIGH_PROB_IMMEDIATE_RETRY,1
pay_syn_42_00530,insufficient_funds,upi,759464,7594.64,2,0.2033,0,BLIND_RETRY_24H,0,STOP,RULE_MAX_RETRIES_EXCEEDED,0
pay_syn_42_00531,card_expired,card,261413,2614.13,0,0.0,0,BLIND_RETRY_24H,0,ESCALATE_HUMAN,RULE_HARD_DECLINE_COMPLIANCE,0
pay_syn_42_00532,insufficient_funds,upi,164463,1644.63,0,0.3626,0,BLIND_RETRY_24H,0,RETRY_LINK_DELAYED,RULE_LOW_PROB_DELAYED_NUDGE,1
pay_syn_42_00533,invalid_otp,upi,81969,819.69,0,0.63,1,BLIND_RETRY_24H,0,RETRY_LINK_NOW,RULE_HIGH_PROB_IMMEDIATE_RETRY,0
pay_syn_42_00534,payment_timed_out,netbanking,165822,1658.22,0,0.5525,0,BLIND_RETRY_24H,0,RETRY_LINK_DELAYED,RULE_LOW_PROB_DELAYED_NUDGE,0
pay_syn_42_00535,insufficient_funds,card,155040,1550.4,0,0.3287,0,BLIND_RETRY_24H,0,RETRY_LINK_DELAYED,RULE_LOW_PROB_DELAYED_NUDGE,1
pay_syn_42_00536,payment_cancelled,upi,62009,620.09,1,0.2123,0,BLIND_RETRY_24H,0,RETRY_LINK_DELAYED,RULE_LOW_PROB_DELAYED_NUDGE,1
pay_syn_42_00537,gateway_technical_error,upi,72429,724.29,0,0.735,0,BLIND_RETRY_24H,0,RETRY_LINK_NOW,RULE_HIGH_PROB_IMMEDIATE_RETRY,1
pay_syn_42_00538,insufficient_funds,card,202826,2028.26,1,0.2604,1,BLIND_RETRY_24H,0,RETRY_LINK_DELAYED,RULE_LOW_PROB_DELAYED_NUDGE,0
pay_syn_42_00539,invalid_otp,card,749564,7495.64,0,0.57,0,BLIND_RETRY_24H,0,RETRY_LINK_NOW,RULE_HIGH_PROB_IMMEDIATE_RETRY,1
pay_syn_42_00540,insufficient_funds,upi,124598,1245.98,2,0.234,0,BLIND_RETRY_24H,0,STOP,RULE_MAX_RETRIES_EXCEEDED,0
pay_syn_42_00541,authentication_failed,card,27238,272.38,0,0.5225,1,BLIND_RETRY_24H,0,RETRY_LINK_NOW,RULE_HIGH_PROB_IMMEDIATE_RETRY,1
pay_syn_42_00542,invalid_otp,upi,11926,119.26,0,0.63,0,BLIND_RETRY_24H,0,RETRY_LINK_NOW,RULE_HIGH_PROB_IMMEDIATE_RETRY,0
pay_syn_42_00543,invalid_otp,upi,43556,435.56,0,0.63,1,BLIND_RETRY_24H,1,RETRY_LINK_NOW,RULE_HIGH_PROB_IMMEDIATE_RETRY,0
pay_syn_42_00544,insufficient_funds,upi,291957,2919.57,0,0.353,0,BLIND_RETRY_24H,0,RETRY_LINK_NOW,RULE_HIGH_PROB_IMMEDIATE_RETRY,0
pay_syn_42_00545,payment_cancelled,card,32756,327.56,2,0.1549,0,BLIND_RETRY_24H,0,STOP,RULE_MAX_RETRIES_EXCEEDED,0
pay_syn_42_00546,gateway_technical_error,upi,349715,3497.15,0,0.735,1,BLIND_RETRY_24H,0,RETRY_LINK_NOW,RULE_HIGH_PROB_IMMEDIATE_RETRY,1
pay_syn_42_00547,invalid_otp,upi,273865,2738.65,0,0.63,1,BLIND_RETRY_24H,1,RETRY_LINK_NOW,RULE_HIGH_PROB_IMMEDIATE_RETRY,1
pay_syn_42_00548,payment_timed_out,upi,120100,1201.0,0,0.6825,1,BLIND_RETRY_24H,0,RETRY_LINK_NOW,RULE_HIGH_PROB_IMMEDIATE_RETRY,1
pay_syn_42_00549,invalid_otp,card,25012,250.12,0,0.57,0,BLIND_RETRY_24H,0,RETRY_LINK_NOW,RULE_HIGH_PROB_IMMEDIATE_RETRY,1
pay_syn_42_00550,card_expired,upi,62572,625.72,0,0.0,0,BLIND_RETRY_24H,0,ESCALATE_HUMAN,RULE_HARD_DECLINE_COMPLIANCE,0
pay_syn_42_00551,insufficient_funds,upi,102725,1027.25,1,0.2938,1,BLIND_RETRY_24H,0,RETRY_LINK_DELAYED,RULE_LOW_PROB_DELAYED_NUDGE,1
pay_syn_42_00552,authentication_failed,upi,197290,1972.9,0,0.5775,1,BLIND_RETRY_24H,0,RETRY_LINK_NOW,RULE_HIGH_PROB_IMMEDIATE_RETRY,1
pay_syn_42_00553,invalid_otp,upi,33809,338.09,2,0.4032,0,BLIND_RETRY_24H,0,STOP,RULE_MAX_RETRIES_EXCEEDED,0
pay_syn_42_00554,authentication_failed,wallet,655603,6556.03,0,0.561,1,BLIND_RETRY_24H,0,RETRY_LINK_NOW,RULE_HIGH_PROB_IMMEDIATE_RETRY,0
pay_syn_42_00555,invalid_otp,upi,195276,1952.76,0,0.63,0,BLIND_RETRY_24H,0,RETRY_LINK_NOW,RULE_HIGH_PROB_IMMEDIATE_RETRY,0
pay_syn_42_00556,card_expired,card,221372,2213.72,0,0.0,0,BLIND_RETRY_24H,0,ESCALATE_HUMAN,RULE_HARD_DECLINE_COMPLIANCE,0
pay_syn_42_00557,authentication_failed,card,271622,2716.22,0,0.5225,1,BLIND_RETRY_24H,1,RETRY_LINK_NOW,RULE_HIGH_PROB_IMMEDIATE_RETRY,1
pay_syn_42_00558,card_expired,card,577947,5779.47,1,0.0,0,BLIND_RETRY_24H,0,ESCALATE_HUMAN,RULE_HARD_DECLINE_COMPLIANCE,0
pay_syn_42_00559,invalid_otp,upi,166266,1662.66,0,0.63,0,BLIND_RETRY_24H,0,RETRY_LINK_NOW,RULE_HIGH_PROB_IMMEDIATE_RETRY,1
pay_syn_42_00560,payment_timed_out,upi,292165,2921.65,0,0.6825,1,BLIND_RETRY_24H,0,RETRY_LINK_NOW,RULE_HIGH_PROB_IMMEDIATE_RETRY,1
pay_syn_42_00561,authentication_failed,card,63649,636.49,0,0.5225,1,BLIND_RETRY_24H,0,RETRY_LINK_NOW,RULE_HIGH_PROB_IMMEDIATE_RETRY,1
pay_syn_42_00562,risk_check_failed,card,971119,9711.19,0,0.0,0,BLIND_RETRY_24H,0,ESCALATE_HUMAN,RULE_HARD_DECLINE_COMPLIANCE,0
pay_syn_42_00563,fraud_suspected,upi,154212,1542.12,1,0.0,0,BLIND_RETRY_24H,0,ESCALATE_HUMAN,RULE_HARD_DECLINE_COMPLIANCE,0
pay_syn_42_00564,invalid_otp,netbanking,63324,633.24,1,0.408,0,BLIND_RETRY_24H,1,RETRY_LINK_NOW,RULE_HIGH_PROB_IMMEDIATE_RETRY,1
pay_syn_42_00565,payment_timed_out,upi,81991,819.91,0,0.6825,1,BLIND_RETRY_24H,0,RETRY_LINK_NOW,RULE_HIGH_PROB_IMMEDIATE_RETRY,0
pay_syn_42_00566,gateway_technical_error,upi,16759,167.59,0,0.735,1,BLIND_RETRY_24H,0,RETRY_LINK_NOW,RULE_HIGH_PROB_IMMEDIATE_RETRY,1
pay_syn_42_00567,authentication_failed,upi,81441,814.41,0,0.5775,0,BLIND_RETRY_24H,0,RETRY_LINK_NOW,RULE_HIGH_PROB_IMMEDIATE_RETRY,0
pay_syn_42_00568,authentication_failed,upi,9311,93.11,0,0.5775,1,BLIND_RETRY_24H,0,RETRY_LINK_NOW,RULE_HIGH_PROB_IMMEDIATE_RETRY,0
pay_syn_42_00569,payment_timed_out,wallet,317919,3179.19,1,0.5304,0,BLIND_RETRY_24H,0,RETRY_LINK_NOW,RULE_HIGH_PROB_IMMEDIATE_RETRY,0
pay_syn_42_00570,invalid_otp,upi,213881,2138.81,1,0.504,1,BLIND_RETRY_24H,0,RETRY_LINK_NOW,RULE_HIGH_PROB_IMMEDIATE_RETRY,0
pay_syn_42_00571,authentication_failed,card,46235,462.35,0,0.5225,1,BLIND_RETRY_24H,0,RETRY_LINK_NOW,RULE_HIGH_PROB_IMMEDIATE_RETRY,0
pay_syn_42_00572,payment_cancelled,upi,127095,1270.95,0,0.2605,0,BLIND_RETRY_24H,0,RETRY_LINK_DELAYED,RULE_LOW_PROB_DELAYED_NUDGE,1
pay_syn_42_00573,fraud_suspected,upi,133413,1334.13,1,0.0,0,BLIND_RETRY_24H,0,ESCALATE_HUMAN,RULE_HARD_DECLINE_COMPLIANCE,0
pay_syn_42_00574,payment_cancelled,card,37458,374.58,0,0.2418,0,BLIND_RETRY_24H,0,RETRY_LINK_DELAYED,RULE_LOW_PROB_DELAYED_NUDGE,0
pay_syn_42_00575,authentication_failed,wallet,105041,1050.41,1,0.4488,1,BLIND_RETRY_24H,0,RETRY_LINK_NOW,RULE_HIGH_PROB_IMMEDIATE_RETRY,0
pay_syn_42_00576,payment_cancelled,upi,137964,1379.64,1,0.2077,0,BLIND_RETRY_24H,0,RETRY_LINK_DELAYED,RULE_LOW_PROB_DELAYED_NUDGE,1
pay_syn_42_00577,insufficient_funds,upi,102056,1020.56,0,0.3673,1,BLIND_RETRY_24H,1,RETRY_LINK_DELAYED,RULE_LOW_PROB_DELAYED_NUDGE,0
pay_syn_42_00578,insufficient_funds,card,63259,632.59,0,0.335,1,BLIND_RETRY_24H,0,RETRY_LINK_DELAYED,RULE_LOW_PROB_DELAYED_NUDGE,0
pay_syn_42_00579,insufficient_funds,upi,44506,445.06,2,0.2379,0,BLIND_RETRY_24H,0,STOP,RULE_MAX_RETRIES_EXCEEDED,0
pay_syn_42_00580,gateway_technical_error,upi,98318,983.18,0,0.735,1,BLIND_RETRY_24H,1,RETRY_LINK_NOW,RULE_HIGH_PROB_IMMEDIATE_RETRY,1
pay_syn_42_00581,payment_timed_out,card,71459,714.59,0,0.6175,1,BLIND_RETRY_24H,0,RETRY_LINK_NOW,RULE_HIGH_PROB_IMMEDIATE_RETRY,1
pay_syn_42_00582,payment_cancelled,netbanking,251453,2514.53,1,0.1626,1,BLIND_RETRY_24H,0,RETRY_LINK_DELAYED,RULE_LOW_PROB_DELAYED_NUDGE,0
pay_syn_42_00583,payment_cancelled,upi,624347,6243.47,0,0.2229,1,BLIND_RETRY_24H,0,RETRY_LINK_DELAYED,RULE_LOW_PROB_DELAYED_NUDGE,0
pay_syn_42_00584,payment_timed_out,upi,370374,3703.74,0,0.6825,0,BLIND_RETRY_24H,0,RETRY_LINK_NOW,RULE_HIGH_PROB_IMMEDIATE_RETRY,0
pay_syn_42_00585,authentication_failed,upi,143023,1430.23,0,0.5775,0,BLIND_RETRY_24H,0,RETRY_LINK_NOW,RULE_HIGH_PROB_IMMEDIATE_RETRY,1
pay_syn_42_00586,bank_account_invalid,upi,65745,657.45,0,0.0,0,BLIND_RETRY_24H,0,ESCALATE_HUMAN,RULE_HARD_DECLINE_COMPLIANCE,0
pay_syn_42_00587,payment_cancelled,card,358571,3585.71,0,0.2198,0,BLIND_RETRY_24H,1,RETRY_LINK_DELAYED,RULE_LOW_PROB_DELAYED_NUDGE,0
pay_syn_42_00588,insufficient_funds,card,269375,2693.75,0,0.3209,0,BLIND_RETRY_24H,1,RETRY_LINK_DELAYED,RULE_LOW_PROB_DELAYED_NUDGE,0
pay_syn_42_00589,payment_timed_out,upi,570520,5705.2,0,0.6825,1,BLIND_RETRY_24H,1,RETRY_LINK_NOW,RULE_HIGH_PROB_IMMEDIATE_RETRY,0
pay_syn_42_00590,fraud_suspected,upi,166463,1664.63,0,0.0,0,BLIND_RETRY_24H,0,ESCALATE_HUMAN,RULE_HARD_DECLINE_COMPLIANCE,0
pay_syn_42_00591,payment_timed_out,card,904132,9041.32,0,0.6175,1,BLIND_RETRY_24H,1,RETRY_LINK_NOW,RULE_HIGH_PROB_IMMEDIATE_RETRY,1
pay_syn_42_00592,invalid_otp,netbanking,166520,1665.2,1,0.408,1,BLIND_RETRY_24H,0,RETRY_LINK_NOW,RULE_HIGH_PROB_IMMEDIATE_RETRY,0
pay_syn_42_00593,payment_timed_out,upi,65422,654.22,0,0.6825,0,BLIND_RETRY_24H,1,RETRY_LINK_NOW,RULE_HIGH_PROB_IMMEDIATE_RETRY,1
pay_syn_42_00594,invalid_otp,wallet,78660,786.6,1,0.4896,1,BLIND_RETRY_24H,0,RETRY_LINK_NOW,RULE_HIGH_PROB_IMMEDIATE_RETRY,0
pay_syn_42_00595,card_blocked,card,238063,2380.63,0,0.0,0,BLIND_RETRY_24H,0,ESCALATE_HUMAN,RULE_HARD_DECLINE_COMPLIANCE,0
pay_syn_42_00596,invalid_otp,card,71261,712.61,0,0.57,1,BLIND_RETRY_24H,0,RETRY_LINK_NOW,RULE_HIGH_PROB_IMMEDIATE_RETRY,1
pay_syn_42_00597,authentication_failed,upi,895796,8957.96,0,0.5775,1,BLIND_RETRY_24H,0,RETRY_LINK_NOW,RULE_HIGH_PROB_IMMEDIATE_RETRY,1
pay_syn_42_00598,payment_timed_out,upi,216452,2164.52,2,0.4368,0,BLIND_RETRY_24H,0,STOP,RULE_MAX_RETRIES_EXCEEDED,0
pay_syn_42_00599,insufficient_funds,upi,139661,1396.61,0,0.3645,1,BLIND_RETRY_24H,1,RETRY_LINK_DELAYED,RULE_LOW_PROB_DELAYED_NUDGE,0
pay_syn_42_00600,insufficient_funds,upi,152849,1528.49,0,0.3635,0,BLIND_RETRY_24H,1,RETRY_LINK_DELAYED,RULE_LOW_PROB_DELAYED_NUDGE,0
pay_syn_42_00601,authentication_failed,card,100917,1009.17,0,0.5225,0,BLIND_RETRY_24H,1,RETRY_LINK_NOW,RULE_HIGH_PROB_IMMEDIATE_RETRY,1
pay_syn_42_00602,invalid_otp,card,21370,213.7,0,0.57,0,BLIND_RETRY_24H,1,RETRY_LINK_NOW,RULE_HIGH_PROB_IMMEDIATE_RETRY,1
pay_syn_42_00603,payment_cancelled,upi,78721,787.21,0,0.2641,0,BLIND_RETRY_24H,0,RETRY_LINK_DELAYED,RULE_LOW_PROB_DELAYED_NUDGE,1
pay_syn_42_00604,bank_account_invalid,upi,756574,7565.74,2,0.0,0,BLIND_RETRY_24H,0,STOP,RULE_MAX_RETRIES_EXCEEDED,0
pay_syn_42_00605,card_expired,upi,171453,1714.53,0,0.0,0,BLIND_RETRY_24H,0,ESCALATE_HUMAN,RULE_HARD_DECLINE_COMPLIANCE,0
pay_syn_42_00606,fraud_suspected,upi,423784,4237.84,0,0.0,0,BLIND_RETRY_24H,0,ESCALATE_HUMAN,RULE_HARD_DECLINE_COMPLIANCE,0
pay_syn_42_00607,card_expired,upi,438765,4387.65,0,0.0,0,BLIND_RETRY_24H,0,ESCALATE_HUMAN,RULE_HARD_DECLINE_COMPLIANCE,0
pay_syn_42_00608,authentication_failed,card,128388,1283.88,2,0.3344,0,BLIND_RETRY_24H,0,STOP,RULE_MAX_RETRIES_EXCEEDED,0
pay_syn_42_00609,bank_account_invalid,upi,274505,2745.05,1,0.0,0,BLIND_RETRY_24H,0,ESCALATE_HUMAN,RULE_HARD_DECLINE_COMPLIANCE,0
pay_syn_42_00610,payment_timed_out,netbanking,23650,236.5,2,0.3536,1,BLIND_RETRY_24H,0,STOP,RULE_MAX_RETRIES_EXCEEDED,0
pay_syn_42_00611,invalid_otp,upi,679671,6796.71,2,0.4032,0,BLIND_RETRY_24H,1,STOP,RULE_MAX_RETRIES_EXCEEDED,0
pay_syn_42_00612,fraud_suspected,netbanking,611256,6112.56,1,0.0,0,BLIND_RETRY_24H,0,ESCALATE_HUMAN,RULE_HARD_DECLINE_COMPLIANCE,0
pay_syn_42_00613,gateway_technical_error,upi,230638,2306.38,0,0.735,1,BLIND_RETRY_24H,0,RETRY_LINK_NOW,RULE_HIGH_PROB_IMMEDIATE_RETRY,0
pay_syn_42_00614,risk_check_failed,upi,178423,1784.23,2,0.0,0,BLIND_RETRY_24H,0,STOP,RULE_MAX_RETRIES_EXCEEDED,0
pay_syn_42_00615,insufficient_funds,upi,130230,1302.3,2,0.2337,0,BLIND_RETRY_24H,0,STOP,RULE_MAX_RETRIES_EXCEEDED,0
pay_syn_42_00616,card_expired,upi,486588,4865.88,0,0.0,0,BLIND_RETRY_24H,0,ESCALATE_HUMAN,RULE_HARD_DECLINE_COMPLIANCE,0
pay_syn_42_00617,gateway_technical_error,upi,313025,3130.25,0,0.735,1,BLIND_RETRY_24H,1,RETRY_LINK_NOW,RULE_HIGH_PROB_IMMEDIATE_RETRY,0
pay_syn_42_00618,payment_timed_out,upi,5836,58.36,1,0.546,0,BLIND_RETRY_24H,0,RETRY_LINK_NOW,RULE_HIGH_PROB_IMMEDIATE_RETRY,1
pay_syn_42_00619,payment_cancelled,upi,89903,899.03,1,0.2106,0,BLIND_RETRY_24H,0,RETRY_LINK_DELAYED,RULE_LOW_PROB_DELAYED_NUDGE,0
pay_syn_42_00620,payment_timed_out,card,39087,390.87,1,0.494,1,BLIND_RETRY_24H,0,RETRY_LINK_NOW,RULE_HIGH_PROB_IMMEDIATE_RETRY,1
pay_syn_42_00621,payment_cancelled,upi,32242,322.42,0,0.2676,0,BLIND_RETRY_24H,0,RETRY_LINK_DELAYED,RULE_LOW_PROB_DELAYED_NUDGE,1
pay_syn_42_00622,insufficient_funds,upi,480258,4802.58,0,0.3388,1,BLIND_RETRY_24H,0,RETRY_LINK_DELAYED,RULE_LOW_PROB_DELAYED_NUDGE,0
pay_syn_42_00623,invalid_otp,upi,127205,1272.05,0,0.63,1,BLIND_RETRY_24H,0,RETRY_LINK_NOW,RULE_HIGH_PROB_IMMEDIATE_RETRY,0
pay_syn_42_00624,payment_timed_out,card,226368,2263.68,2,0.3952,1,BLIND_RETRY_24H,0,STOP,RULE_MAX_RETRIES_EXCEEDED,0
pay_syn_42_00625,invalid_otp,card,145754,1457.54,0,0.57,1,BLIND_RETRY_24H,0,RETRY_LINK_NOW,RULE_HIGH_PROB_IMMEDIATE_RETRY,1
pay_syn_42_00626,insufficient_funds,card,32659,326.59,0,0.3371,0,BLIND_RETRY_24H,0,RETRY_LINK_DELAYED,RULE_LOW_PROB_DELAYED_NUDGE,0
pay_syn_42_00627,gateway_technical_error,upi,24172,241.72,0,0.735,1,BLIND_RETRY_24H,0,RETRY_LINK_NOW,RULE_HIGH_PROB_IMMEDIATE_RETRY,1
pay_syn_42_00628,authentication_failed,netbanking,83637,836.37,0,0.4675,0,BLIND_RETRY_24H,0,RETRY_LINK_NOW,RULE_HIGH_PROB_IMMEDIATE_RETRY,1
pay_syn_42_00629,invalid_otp,upi,91277,912.77,1,0.504,1,BLIND_RETRY_24H,1,RETRY_LINK_NOW,RULE_HIGH_PROB_IMMEDIATE_RETRY,0
pay_syn_42_00630,invalid_otp,card,91216,912.16,0,0.57,0,BLIND_RETRY_24H,1,RETRY_LINK_NOW,RULE_HIGH_PROB_IMMEDIATE_RETRY,1
pay_syn_42_00631,gateway_technical_error,upi,94030,940.3,1,0.588,0,BLIND_RETRY_24H,0,RETRY_LINK_NOW,RULE_HIGH_PROB_IMMEDIATE_RETRY,0
pay_syn_42_00632,insufficient_funds,upi,1315323,13153.23,0,0.2756,0,BLIND_RETRY_24H,0,ESCALATE_HUMAN,RULE_HIGH_AMOUNT_ESCALATION,0
pay_syn_42_00633,authentication_failed,upi,416017,4160.17,0,0.5775,1,BLIND_RETRY_24H,0,RETRY_LINK_NOW,RULE_HIGH_PROB_IMMEDIATE_RETRY,1
pay_syn_42_00634,payment_timed_out,upi,174179,1741.79,1,0.546,1,BLIND_RETRY_24H,0,RETRY_LINK_NOW,RULE_HIGH_PROB_IMMEDIATE_RETRY,1
pay_syn_42_00635,card_expired,upi,123798,1237.98,0,0.0,0,BLIND_RETRY_24H,0,ESCALATE_HUMAN,RULE_HARD_DECLINE_COMPLIANCE,0
pay_syn_42_00636,insufficient_funds,upi,128570,1285.7,0,0.3653,0,BLIND_RETRY_24H,0,RETRY_LINK_NOW,RULE_HIGH_PROB_IMMEDIATE_RETRY,1
pay_syn_42_00637,gateway_technical_error,upi,299861,2998.61,0,0.735,1,BLIND_RETRY_24H,0,RETRY_LINK_NOW,RULE_HIGH_PROB_IMMEDIATE_RETRY,1
pay_syn_42_00638,insufficient_funds,upi,122563,1225.63,0,0.3658,0,BLIND_RETRY_24H,0,RETRY_LINK_DELAYED,RULE_LOW_PROB_DELAYED_NUDGE,0
pay_syn_42_00639,authentication_failed,upi,367005,3670.05,0,0.5775,1,BLIND_RETRY_24H,1,RETRY_LINK_NOW,RULE_HIGH_PROB_IMMEDIATE_RETRY,1
pay_syn_42_00640,insufficient_funds,upi,196086,1960.86,0,0.3602,0,BLIND_RETRY_24H,0,RETRY_LINK_DELAYED,RULE_LOW_PROB_DELAYED_NUDGE,1
pay_syn_42_00641,payment_cancelled,upi,1332253,13322.53,0,0.1693,1,BLIND_RETRY_24H,1,ESCALATE_HUMAN,RULE_HIGH_AMOUNT_ESCALATION,0
pay_syn_42_00642,authentication_failed,upi,114877,1148.77,0,0.5775,1,BLIND_RETRY_24H,0,RETRY_LINK_NOW,RULE_HIGH_PROB_IMMEDIATE_RETRY,0
pay_syn_42_00643,payment_cancelled,card,453237,4532.37,0,0.2133,1,BLIND_RETRY_24H,0,RETRY_LINK_DELAYED,RULE_LOW_PROB_DELAYED_NUDGE,0
pay_syn_42_00644,payment_cancelled,card,42671,426.71,0,0.2414,0,BLIND_RETRY_24H,0,RETRY_LINK_DELAYED,RULE_LOW_PROB_DELAYED_NUDGE,0
pay_syn_42_00645,gateway_technical_error,upi,67442,674.42,0,0.735,0,BLIND_RETRY_24H,1,RETRY_LINK_NOW,RULE_HIGH_PROB_IMMEDIATE_RETRY,1
pay_syn_42_00646,risk_check_failed,netbanking,1099762,10997.62,0,0.0,0,BLIND_RETRY_24H,0,ESCALATE_HUMAN,RULE_HARD_DECLINE_COMPLIANCE,0
pay_syn_42_00647,card_lost_or_stolen,upi,348797,3487.97,0,0.0,0,BLIND_RETRY_24H,0,ESCALATE_HUMAN,RULE_HARD_DECLINE_COMPLIANCE,0
pay_syn_42_00648,payment_cancelled,card,231057,2310.57,2,0.1463,0,BLIND_RETRY_24H,0,STOP,RULE_MAX_RETRIES_EXCEEDED,0
pay_syn_42_00649,insufficient_funds,upi,1884037,18840.37,2,0.1489,0,BLIND_RETRY_24H,0,STOP,RULE_MAX_RETRIES_EXCEEDED,0
pay_syn_42_00650,invalid_otp,card,125717,1257.17,1,0.456,0,BLIND_RETRY_24H,0,RETRY_LINK_NOW,RULE_HIGH_PROB_IMMEDIATE_RETRY,0
pay_syn_42_00651,invalid_otp,card,451915,4519.15,0,0.57,1,BLIND_RETRY_24H,1,RETRY_LINK_NOW,RULE_HIGH_PROB_IMMEDIATE_RETRY,0
pay_syn_42_00652,authentication_failed,card,494303,4943.03,0,0.5225,0,BLIND_RETRY_24H,0,RETRY_LINK_NOW,RULE_HIGH_PROB_IMMEDIATE_RETRY,0
pay_syn_42_00653,payment_timed_out,upi,807699,8076.99,0,0.6825,1,BLIND_RETRY_24H,0,RETRY_LINK_NOW,RULE_HIGH_PROB_IMMEDIATE_RETRY,1
pay_syn_42_00654,payment_cancelled,upi,37956,379.56,0,0.2672,0,BLIND_RETRY_24H,0,RETRY_LINK_DELAYED,RULE_LOW_PROB_DELAYED_NUDGE,0
pay_syn_42_00655,gateway_technical_error,upi,124819,1248.19,0,0.735,0,BLIND_RETRY_24H,0,RETRY_LINK_NOW,RULE_HIGH_PROB_IMMEDIATE_RETRY,1
pay_syn_42_00656,insufficient_funds,upi,192299,1922.99,1,0.2884,0,BLIND_RETRY_24H,1,RETRY_LINK_DELAYED,RULE_LOW_PROB_DELAYED_NUDGE,1
pay_syn_42_00657,payment_timed_out,upi,790367,7903.67,0,0.6825,0,BLIND_RETRY_24H,0,RETRY_LINK_NOW,RULE_HIGH_PROB_IMMEDIATE_RETRY,1
pay_syn_42_00658,card_lost_or_stolen,card,220589,2205.89,0,0.0,0,BLIND_RETRY_24H,0,ESCALATE_HUMAN,RULE_HARD_DECLINE_COMPLIANCE,0
pay_syn_42_00659,payment_cancelled,upi,495631,4956.31,1,0.1861,0,BLIND_RETRY_24H,0,RETRY_LINK_DELAYED,RULE_LOW_PROB_DELAYED_NUDGE,0
pay_syn_42_00660,card_expired,upi,34711,347.11,0,0.0,0,BLIND_RETRY_24H,0,ESCALATE_HUMAN,RULE_HARD_DECLINE_COMPLIANCE,0
pay_syn_42_00661,gateway_technical_error,upi,96553,965.53,0,0.735,0,BLIND_RETRY_24H,0,RETRY_LINK_NOW,RULE_HIGH_PROB_IMMEDIATE_RETRY,1
pay_syn_42_00662,insufficient_funds,upi,608315,6083.15,1,0.2633,1,BLIND_RETRY_24H,0,RETRY_LINK_DELAYED,RULE_LOW_PROB_DELAYED_NUDGE,1
pay_syn_42_00663,invalid_otp,upi,110723,1107.23,0,0.63,1,BLIND_RETRY_24H,0,RETRY_LINK_NOW,RULE_HIGH_PROB_IMMEDIATE_RETRY,0
pay_syn_42_00664,card_expired,upi,136258,1362.58,0,0.0,0,BLIND_RETRY_24H,0,ESCALATE_HUMAN,RULE_HARD_DECLINE_COMPLIANCE,0
pay_syn_42_00665,invalid_otp,card,773844,7738.44,1,0.456,1,BLIND_RETRY_24H,1,RETRY_LINK_DELAYED,RULE_LOW_PROB_DELAYED_NUDGE,0
pay_syn_42_00666,invalid_otp,upi,52760,527.6,0,0.63,1,BLIND_RETRY_24H,1,RETRY_LINK_NOW,RULE_HIGH_PROB_IMMEDIATE_RETRY,0
pay_syn_42_00667,invalid_otp,upi,66324,663.24,0,0.63,1,BLIND_RETRY_24H,1,RETRY_LINK_NOW,RULE_HIGH_PROB_IMMEDIATE_RETRY,0
pay_syn_42_00668,insufficient_funds,upi,31250,312.5,0,0.3727,1,BLIND_RETRY_24H,1,RETRY_LINK_DELAYED,RULE_LOW_PROB_DELAYED_NUDGE,0
pay_syn_42_00669,gateway_technical_error,netbanking,815362,8153.62,1,0.476,0,BLIND_RETRY_24H,1,RETRY_LINK_NOW,RULE_HIGH_PROB_IMMEDIATE_RETRY,1
pay_syn_42_00670,bank_account_invalid,card,406756,4067.56,0,0.0,0,BLIND_RETRY_24H,0,ESCALATE_HUMAN,RULE_HARD_DECLINE_COMPLIANCE,0
pay_syn_42_00671,authentication_failed,wallet,394397,3943.97,2,0.359,0,BLIND_RETRY_24H,0,STOP,RULE_MAX_RETRIES_EXCEEDED,0
pay_syn_42_00672,insufficient_funds,card,93700,937.0,0,0.3329,0,BLIND_RETRY_24H,0,RETRY_LINK_DELAYED,RULE_LOW_PROB_DELAYED_NUDGE,1
pay_syn_42_00673,invalid_otp,upi,29046,290.46,0,0.63,1,BLIND_RETRY_24H,1,RETRY_LINK_NOW,RULE_HIGH_PROB_IMMEDIATE_RETRY,0
pay_syn_42_00674,payment_cancelled,upi,21922,219.22,1,0.2147,0,BLIND_RETRY_24H,0,RETRY_LINK_DELAYED,RULE_LOW_PROB_DELAYED_NUDGE,0
pay_syn_42_00675,invalid_otp,card,614074,6140.74,1,0.456,0,BLIND_RETRY_24H,0,RETRY_LINK_NOW,RULE_HIGH_PROB_IMMEDIATE_RETRY,0
pay_syn_42_00676,bank_account_invalid,upi,249065,2490.65,2,0.0,0,BLIND_RETRY_24H,0,STOP,RULE_MAX_RETRIES_EXCEEDED,0
pay_syn_42_00677,insufficient_funds,upi,308659,3086.59,0,0.3517,1,BLIND_RETRY_24H,1,RETRY_LINK_DELAYED,RULE_LOW_PROB_DELAYED_NUDGE,0
pay_syn_42_00678,payment_timed_out,card,182495,1824.95,2,0.3952,0,BLIND_RETRY_24H,0,STOP,RULE_MAX_RETRIES_EXCEEDED,0
pay_syn_42_00679,payment_cancelled,upi,58443,584.43,1,0.2125,0,BLIND_RETRY_24H,0,RETRY_LINK_DELAYED,RULE_LOW_PROB_DELAYED_NUDGE,0
pay_syn_42_00680,payment_timed_out,upi,98364,983.64,0,0.6825,1,BLIND_RETRY_24H,0,RETRY_LINK_NOW,RULE_HIGH_PROB_IMMEDIATE_RETRY,1
pay_syn_42_00681,insufficient_funds,card,45149,451.49,0,0.3363,0,BLIND_RETRY_24H,0,RETRY_LINK_DELAYED,RULE_LOW_PROB_DELAYED_NUDGE,1
pay_syn_42_00682,payment_cancelled,card,39784,397.84,0,0.2416,0,BLIND_RETRY_24H,0,RETRY_LINK_DELAYED,RULE_LOW_PROB_DELAYED_NUDGE,0
pay_syn_42_00683,authentication_failed,card,367809,3678.09,0,0.5225,0,BLIND_RETRY_24H,1,RETRY_LINK_NOW,RULE_HIGH_PROB_IMMEDIATE_RETRY,0
pay_syn_42_00684,card_blocked,upi,23804,238.04,2,0.0,0,BLIND_RETRY_24H,0,STOP,RULE_MAX_RETRIES_EXCEEDED,0
pay_syn_42_00685,fraud_suspected,upi,45453,454.53,2,0.0,0,BLIND_RETRY_24H,0,STOP,RULE_MAX_RETRIES_EXCEEDED,0
pay_syn_42_00686,authentication_failed,upi,104618,1046.18,0,0.5775,0,BLIND_RETRY_24H,0,RETRY_LINK_NOW,RULE_HIGH_PROB_IMMEDIATE_RETRY,0
pay_syn_42_00687,payment_timed_out,netbanking,150404,1504.04,0,0.5525,0,BLIND_RETRY_24H,0,RETRY_LINK_DELAYED,RULE_LOW_PROB_DELAYED_NUDGE,1
pay_syn_42_00688,payment_cancelled,upi,30876,308.76,0,0.2677,1,BLIND_RETRY_24H,0,RETRY_LINK_DELAYED,RULE_LOW_PROB_DELAYED_NUDGE,0
pay_syn_42_00689,invalid_otp,upi,23223,232.23,0,0.63,0,BLIND_RETRY_24H,0,RETRY_LINK_NOW,RULE_HIGH_PROB_IMMEDIATE_RETRY,1
pay_syn_42_00690,authentication_failed,upi,217443,2174.43,2,0.3696,0,BLIND_RETRY_24H,0,STOP,RULE_MAX_RETRIES_EXCEEDED,0
pay_syn_42_00691,authentication_failed,card,171352,1713.52,1,0.418,1,BLIND_RETRY_24H,0,RETRY_LINK_NOW,RULE_HIGH_PROB_IMMEDIATE_RETRY,1
pay_syn_42_00692,invalid_otp,upi,600624,6006.24,0,0.63,0,BLIND_RETRY_24H,0,RETRY_LINK_NOW,RULE_HIGH_PROB_IMMEDIATE_RETRY,1
pay_syn_42_00693,payment_timed_out,upi,153230,1532.3,0,0.6825,0,BLIND_RETRY_24H,0,RETRY_LINK_NOW,RULE_HIGH_PROB_IMMEDIATE_RETRY,0
pay_syn_42_00694,card_lost_or_stolen,upi,243482,2434.82,0,0.0,0,BLIND_RETRY_24H,0,ESCALATE_HUMAN,RULE_HARD_DECLINE_COMPLIANCE,0
pay_syn_42_00695,payment_timed_out,upi,61882,618.82,0,0.6825,1,BLIND_RETRY_24H,1,RETRY_LINK_NOW,RULE_HIGH_PROB_IMMEDIATE_RETRY,0
pay_syn_42_00696,payment_cancelled,upi,64601,646.01,0,0.2652,0,BLIND_RETRY_24H,0,RETRY_LINK_DELAYED,RULE_LOW_PROB_DELAYED_NUDGE,0
pay_syn_42_00697,insufficient_funds,upi,34095,340.95,1,0.298,0,BLIND_RETRY_24H,0,RETRY_LINK_DELAYED,RULE_LOW_PROB_DELAYED_NUDGE,0
pay_syn_42_00698,fraud_suspected,card,62503,625.03,0,0.0,0,BLIND_RETRY_24H,0,ESCALATE_HUMAN,RULE_HARD_DECLINE_COMPLIANCE,0
pay_syn_42_00699,payment_timed_out,card,96831,968.31,0,0.6175,0,BLIND_RETRY_24H,1,RETRY_LINK_NOW,RULE_HIGH_PROB_IMMEDIATE_RETRY,0
pay_syn_42_00700,payment_cancelled,upi,528441,5284.41,1,0.1841,1,BLIND_RETRY_24H,0,RETRY_LINK_DELAYED,RULE_LOW_PROB_DELAYED_NUDGE,0
pay_syn_42_00701,insufficient_funds,card,53439,534.39,0,0.3357,0,BLIND_RETRY_24H,0,RETRY_LINK_DELAYED,RULE_LOW_PROB_DELAYED_NUDGE,1
pay_syn_42_00702,gateway_technical_error,card,1418108,14181.08,2,0.4256,1,BLIND_RETRY_24H,1,STOP,RULE_MAX_RETRIES_EXCEEDED,0
pay_syn_42_00703,insufficient_funds,card,268962,2689.62,0,0.3209,1,BLIND_RETRY_24H,0,RETRY_LINK_DELAYED,RULE_LOW_PROB_DELAYED_NUDGE,0
pay_syn_42_00704,payment_cancelled,upi,211155,2111.55,0,0.2541,1,BLIND_RETRY_24H,0,RETRY_LINK_DELAYED,RULE_LOW_PROB_DELAYED_NUDGE,1
pay_syn_42_00705,gateway_technical_error,upi,140556,1405.56,0,0.735,1,BLIND_RETRY_24H,1,RETRY_LINK_NOW,RULE_HIGH_PROB_IMMEDIATE_RETRY,0
pay_syn_42_00706,insufficient_funds,card,113945,1139.45,0,0.3315,0,BLIND_RETRY_24H,0,RETRY_LINK_DELAYED,RULE_LOW_PROB_DELAYED_NUDGE,1
pay_syn_42_00707,authentication_failed,upi,72543,725.43,0,0.5775,0,BLIND_RETRY_24H,0,RETRY_LINK_NOW,RULE_HIGH_PROB_IMMEDIATE_RETRY,0
pay_syn_42_00708,insufficient_funds,upi,29685,296.85,0,0.3728,0,BLIND_RETRY_24H,0,RETRY_LINK_DELAYED,RULE_LOW_PROB_DELAYED_NUDGE,1
pay_syn_42_00709,payment_timed_out,wallet,55333,553.33,0,0.663,1,BLIND_RETRY_24H,1,RETRY_LINK_NOW,RULE_HIGH_PROB_IMMEDIATE_RETRY,1
pay_syn_42_00710,payment_cancelled,card,812766,8127.66,1,0.151,0,BLIND_RETRY_24H,0,RETRY_LINK_DELAYED,RULE_LOW_PROB_DELAYED_NUDGE,0
pay_syn_42_00711,card_expired,upi,250459,2504.59,0,0.0,0,BLIND_RETRY_24H,0,ESCALATE_HUMAN,RULE_HARD_DECLINE_COMPLIANCE,0
pay_syn_42_00712,payment_timed_out,upi,803238,8032.38,0,0.6825,1,BLIND_RETRY_24H,0,RETRY_LINK_NOW,RULE_HIGH_PROB_IMMEDIATE_RETRY,0
pay_syn_42_00713,payment_cancelled,upi,70638,706.38,0,0.2647,1,BLIND_RETRY_24H,0,RETRY_LINK_DELAYED,RULE_LOW_PROB_DELAYED_NUDGE,0
pay_syn_42_00714,invalid_otp,upi,43868,438.68,0,0.63,1,BLIND_RETRY_24H,0,RETRY_LINK_NOW,RULE_HIGH_PROB_IMMEDIATE_RETRY,0
pay_syn_42_00715,risk_check_failed,upi,139060,1390.6,0,0.0,0,BLIND_RETRY_24H,0,ESCALATE_HUMAN,RULE_HARD_DECLINE_COMPLIANCE,0
pay_syn_42_00716,payment_cancelled,card,57423,574.23,1,0.1923,0,BLIND_RETRY_24H,0,RETRY_LINK_DELAYED,RULE_LOW_PROB_DELAYED_NUDGE,0
pay_syn_42_00717,payment_cancelled,upi,173223,1732.23,0,0.257,0,BLIND_RETRY_24H,0,RETRY_LINK_DELAYED,RULE_LOW_PROB_DELAYED_NUDGE,1
pay_syn_42_00718,insufficient_funds,upi,24190,241.9,0,0.3732,0,BLIND_RETRY_24H,0,RETRY_LINK_DELAYED,RULE_LOW_PROB_DELAYED_NUDGE,1
pay_syn_42_00719,payment_timed_out,upi,14944,149.44,0,0.6825,1,BLIND_RETRY_24H,1,RETRY_LINK_NOW,RULE_HIGH_PROB_IMMEDIATE_RETRY,1
pay_syn_42_00720,payment_cancelled,upi,202123,2021.23,1,0.2038,0,BLIND_RETRY_24H,0,RETRY_LINK_DELAYED,RULE_LOW_PROB_DELAYED_NUDGE,1
pay_syn_42_00721,gateway_technical_error,upi,843234,8432.34,0,0.735,1,BLIND_RETRY_24H,0,RETRY_LINK_NOW,RULE_HIGH_PROB_IMMEDIATE_RETRY,1
pay_syn_42_00722,payment_timed_out,card,212371,2123.71,1,0.494,1,BLIND_RETRY_24H,1,RETRY_LINK_NOW,RULE_HIGH_PROB_IMMEDIATE_RETRY,1
pay_syn_42_00723,authentication_failed,upi,247541,2475.41,0,0.5775,1,BLIND_RETRY_24H,1,RETRY_LINK_NOW,RULE_HIGH_PROB_IMMEDIATE_RETRY,0
pay_syn_42_00724,bank_account_invalid,netbanking,145623,1456.23,0,0.0,0,BLIND_RETRY_24H,0,ESCALATE_HUMAN,RULE_HARD_DECLINE_COMPLIANCE,0
pay_syn_42_00725,gateway_technical_error,netbanking,161372,1613.72,0,0.595,1,BLIND_RETRY_24H,0,RETRY_LINK_NOW,RULE_HIGH_PROB_IMMEDIATE_RETRY,1
pay_syn_42_00726,fraud_suspected,upi,28285,282.85,1,0.0,0,BLIND_RETRY_24H,0,ESCALATE_HUMAN,RULE_HARD_DECLINE_COMPLIANCE,0
pay_syn_42_00727,insufficient_funds,upi,59640,596.4,0,0.3706,0,BLIND_RETRY_24H,1,RETRY_LINK_DELAYED,RULE_LOW_PROB_DELAYED_NUDGE,1
pay_syn_42_00728,payment_timed_out,upi,521713,5217.13,1,0.546,0,BLIND_RETRY_24H,0,RETRY_LINK_NOW,RULE_HIGH_PROB_IMMEDIATE_RETRY,1
pay_syn_42_00729,invalid_otp,netbanking,40281,402.81,0,0.51,0,BLIND_RETRY_24H,1,RETRY_LINK_NOW,RULE_HIGH_PROB_IMMEDIATE_RETRY,1
pay_syn_42_00730,payment_cancelled,upi,94572,945.72,2,0.1683,0,BLIND_RETRY_24H,0,STOP,RULE_MAX_RETRIES_EXCEEDED,0
pay_syn_42_00731,payment_cancelled,upi,508682,5086.82,2,0.1482,0,BLIND_RETRY_24H,0,STOP,RULE_MAX_RETRIES_EXCEEDED,0
pay_syn_42_00732,gateway_technical_error,upi,156539,1565.39,1,0.588,0,BLIND_RETRY_24H,0,RETRY_LINK_NOW,RULE_HIGH_PROB_IMMEDIATE_RETRY,1
pay_syn_42_00733,invalid_otp,card,165450,1654.5,2,0.3648,1,BLIND_RETRY_24H,0,STOP,RULE_MAX_RETRIES_EXCEEDED,0
pay_syn_42_00734,invalid_otp,card,95334,953.34,0,0.57,0,BLIND_RETRY_24H,0,RETRY_LINK_NOW,RULE_HIGH_PROB_IMMEDIATE_RETRY,1
pay_syn_42_00735,payment_timed_out,wallet,291878,2918.78,0,0.663,1,BLIND_RETRY_24H,0,RETRY_LINK_NOW,RULE_HIGH_PROB_IMMEDIATE_RETRY,0
pay_syn_42_00736,invalid_otp,netbanking,383672,3836.72,0,0.51,1,BLIND_RETRY_24H,0,RETRY_LINK_NOW,RULE_HIGH_PROB_IMMEDIATE_RETRY,0
pay_syn_42_00737,insufficient_funds,card,56420,564.2,0,0.3355,1,BLIND_RETRY_24H,0,RETRY_LINK_DELAYED,RULE_LOW_PROB_DELAYED_NUDGE,0
pay_syn_42_00738,insufficient_funds,card,30971,309.71,0,0.3372,0,BLIND_RETRY_24H,0,RETRY_LINK_DELAYED,RULE_LOW_PROB_DELAYED_NUDGE,1
pay_syn_42_00739,gateway_technical_error,upi,17771,177.71,0,0.735,1,BLIND_RETRY_24H,0,RETRY_LINK_NOW,RULE_HIGH_PROB_IMMEDIATE_RETRY,1
pay_syn_42_00740,insufficient_funds,card,234207,2342.07,0,0.3233,0,BLIND_RETRY_24H,0,RETRY_LINK_DELAYED,RULE_LOW_PROB_DELAYED_NUDGE,0
pay_syn_42_00741,gateway_technical_error,upi,205378,2053.78,0,0.735,0,BLIND_RETRY_24H,0,RETRY_LINK_NOW,RULE_HIGH_PROB_IMMEDIATE_RETRY,0
pay_syn_42_00742,invalid_otp,upi,2079150,20791.5,0,0.63,1,BLIND_RETRY_24H,0,ESCALATE_HUMAN,RULE_HIGH_AMOUNT_ESCALATION,0
pay_syn_42_00743,payment_timed_out,upi,146559,1465.59,0,0.6825,1,BLIND_RETRY_24H,0,RETRY_LINK_NOW,RULE_HIGH_PROB_IMMEDIATE_RETRY,0
pay_syn_42_00744,invalid_otp,upi,120137,1201.37,0,0.63,0,BLIND_RETRY_24H,0,RETRY_LINK_NOW,RULE_HIGH_PROB_IMMEDIATE_RETRY,0
pay_syn_42_00745,gateway_technical_error,upi,179746,1797.46,0,0.735,0,BLIND_RETRY_24H,1,RETRY_LINK_NOW,RULE_HIGH_PROB_IMMEDIATE_RETRY,1
pay_syn_42_00746,invalid_otp,upi,190811,1908.11,0,0.63,1,BLIND_RETRY_24H,0,RETRY_LINK_NOW,RULE_HIGH_PROB_IMMEDIATE_RETRY,0
pay_syn_42_00747,gateway_technical_error,netbanking,110494,1104.94,1,0.476,1,BLIND_RETRY_24H,0,RETRY_LINK_NOW,RULE_HIGH_PROB_IMMEDIATE_RETRY,0
pay_syn_42_00748,fraud_suspected,upi,58329,583.29,0,0.0,0,BLIND_RETRY_24H,0,ESCALATE_HUMAN,RULE_HARD_DECLINE_COMPLIANCE,0
pay_syn_42_00749,invalid_otp,upi,138160,1381.6,0,0.63,0,BLIND_RETRY_24H,0,RETRY_LINK_NOW,RULE_HIGH_PROB_IMMEDIATE_RETRY,0
pay_syn_42_00750,authentication_failed,upi,132606,1326.06,0,0.5775,0,BLIND_RETRY_24H,0,RETRY_LINK_NOW,RULE_HIGH_PROB_IMMEDIATE_RETRY,0
pay_syn_42_00751,invalid_otp,upi,130306,1303.06,0,0.63,1,BLIND_RETRY_24H,1,RETRY_LINK_NOW,RULE_HIGH_PROB_IMMEDIATE_RETRY,1
pay_syn_42_00752,payment_timed_out,upi,329296,3292.96,0,0.6825,0,BLIND_RETRY_24H,0,RETRY_LINK_NOW,RULE_HIGH_PROB_IMMEDIATE_RETRY,0
pay_syn_42_00753,insufficient_funds,upi,135477,1354.77,0,0.3648,0,BLIND_RETRY_24H,0,RETRY_LINK_DELAYED,RULE_LOW_PROB_DELAYED_NUDGE,1
pay_syn_42_00754,invalid_otp,netbanking,31639,316.39,0,0.51,1,BLIND_RETRY_24H,0,RETRY_LINK_NOW,RULE_HIGH_PROB_IMMEDIATE_RETRY,0
pay_syn_42_00755,insufficient_funds,card,68508,685.08,0,0.3347,1,BLIND_RETRY_24H,1,RETRY_LINK_DELAYED,RULE_LOW_PROB_DELAYED_NUDGE,0
pay_syn_42_00756,invalid_otp,card,109043,1090.43,1,0.456,1,BLIND_RETRY_24H,0,RETRY_LINK_NOW,RULE_HIGH_PROB_IMMEDIATE_RETRY,1
pay_syn_42_00757,fraud_suspected,upi,142555,1425.55,0,0.0,0,BLIND_RETRY_24H,0,ESCALATE_HUMAN,RULE_HARD_DECLINE_COMPLIANCE,0
pay_syn_42_00758,stolen_card,upi,239865,2398.65,0,0.0,0,BLIND_RETRY_24H,0,ESCALATE_HUMAN,RULE_HARD_DECLINE_COMPLIANCE,0
pay_syn_42_00759,fraud_suspected,wallet,143788,1437.88,0,0.0,0,BLIND_RETRY_24H,0,ESCALATE_HUMAN,RULE_HARD_DECLINE_COMPLIANCE,0
pay_syn_42_00760,insufficient_funds,upi,15247,152.47,0,0.3739,1,BLIND_RETRY_24H,0,RETRY_LINK_DELAYED,RULE_LOW_PROB_DELAYED_NUDGE,1
pay_syn_42_00761,payment_timed_out,upi,35401,354.01,1,0.546,0,BLIND_RETRY_24H,1,RETRY_LINK_NOW,RULE_HIGH_PROB_IMMEDIATE_RETRY,0
pay_syn_42_00762,invalid_otp,upi,259132,2591.32,0,0.63,0,BLIND_RETRY_24H,0,RETRY_LINK_NOW,RULE_HIGH_PROB_IMMEDIATE_RETRY,0
pay_syn_42_00763,insufficient_funds,upi,105914,1059.14,0,0.3671,1,BLIND_RETRY_24H,0,RETRY_LINK_DELAYED,RULE_LOW_PROB_DELAYED_NUDGE,0
pay_syn_42_00764,insufficient_funds,netbanking,690360,6903.6,0,0.2614,0,BLIND_RETRY_24H,0,RETRY_LINK_DELAYED,RULE_LOW_PROB_DELAYED_NUDGE,1
pay_syn_42_00765,insufficient_funds,upi,157740,1577.4,0,0.3631,0,BLIND_RETRY_24H,1,RETRY_LINK_DELAYED,RULE_LOW_PROB_DELAYED_NUDGE,0
pay_syn_42_00766,insufficient_funds,card,92446,924.46,1,0.2664,1,BLIND_RETRY_24H,0,RETRY_LINK_DELAYED,RULE_LOW_PROB_DELAYED_NUDGE,0
pay_syn_42_00767,invalid_otp,upi,68216,682.16,0,0.63,0,BLIND_RETRY_24H,0,RETRY_LINK_NOW,RULE_HIGH_PROB_IMMEDIATE_RETRY,1
pay_syn_42_00768,payment_timed_out,card,96034,960.34,0,0.6175,1,BLIND_RETRY_24H,0,RETRY_LINK_NOW,RULE_HIGH_PROB_IMMEDIATE_RETRY,1
pay_syn_42_00769,payment_cancelled,upi,159820,1598.2,2,0.1651,0,BLIND_RETRY_24H,0,STOP,RULE_MAX_RETRIES_EXCEEDED,0
pay_syn_42_00770,authentication_failed,upi,134393,1343.93,0,0.5775,0,BLIND_RETRY_24H,0,RETRY_LINK_NOW,RULE_HIGH_PROB_IMMEDIATE_RETRY,0
pay_syn_42_00771,bank_account_invalid,card,380667,3806.67,0,0.0,0,BLIND_RETRY_24H,0,ESCALATE_HUMAN,RULE_HARD_DECLINE_COMPLIANCE,0
pay_syn_42_00772,payment_cancelled,upi,26155,261.55,1,0.2145,0,BLIND_RETRY_24H,0,RETRY_LINK_DELAYED,RULE_LOW_PROB_DELAYED_NUDGE,0
pay_syn_42_00773,authentication_failed,card,29780,297.8,0,0.5225,1,BLIND_RETRY_24H,1,RETRY_LINK_NOW,RULE_HIGH_PROB_IMMEDIATE_RETRY,1
pay_syn_42_00774,payment_cancelled,card,104603,1046.03,0,0.2372,0,BLIND_RETRY_24H,0,RETRY_LINK_DELAYED,RULE_LOW_PROB_DELAYED_NUDGE,0
pay_syn_42_00775,insufficient_funds,upi,242991,2429.91,2,0.2283,0,BLIND_RETRY_24H,0,STOP,RULE_MAX_RETRIES_EXCEEDED,0
pay_syn_42_00776,insufficient_funds,upi,308736,3087.36,1,0.2814,1,BLIND_RETRY_24H,1,RETRY_LINK_DELAYED,RULE_LOW_PROB_DELAYED_NUDGE,0
pay_syn_42_00777,fraud_suspected,upi,71041,710.41,0,0.0,0,BLIND_RETRY_24H,0,ESCALATE_HUMAN,RULE_HARD_DECLINE_COMPLIANCE,0
pay_syn_42_00778,payment_timed_out,upi,7747,77.47,0,0.6825,1,BLIND_RETRY_24H,0,RETRY_LINK_NOW,RULE_HIGH_PROB_IMMEDIATE_RETRY,1
pay_syn_42_00779,insufficient_funds,upi,73446,734.46,0,0.3695,0,BLIND_RETRY_24H,0,RETRY_LINK_DELAYED,RULE_LOW_PROB_DELAYED_NUDGE,0
pay_syn_42_00780,invalid_otp,card,206108,2061.08,0,0.57,1,BLIND_RETRY_24H,0,RETRY_LINK_NOW,RULE_HIGH_PROB_IMMEDIATE_RETRY,1
pay_syn_42_00781,authentication_failed,upi,131706,1317.06,0,0.5775,1,BLIND_RETRY_24H,0,RETRY_LINK_NOW,RULE_HIGH_PROB_IMMEDIATE_RETRY,0
pay_syn_42_00782,gateway_technical_error,upi,253315,2533.15,2,0.4704,0,BLIND_RETRY_24H,0,STOP,RULE_MAX_RETRIES_EXCEEDED,0
pay_syn_42_00783,gateway_technical_error,netbanking,499518,4995.18,0,0.595,1,BLIND_RETRY_24H,1,RETRY_LINK_NOW,RULE_HIGH_PROB_IMMEDIATE_RETRY,0
pay_syn_42_00784,invalid_otp,upi,112509,1125.09,0,0.63,1,BLIND_RETRY_24H,0,RETRY_LINK_NOW,RULE_HIGH_PROB_IMMEDIATE_RETRY,1
pay_syn_42_00785,authentication_failed,upi,82253,822.53,0,0.5775,0,BLIND_RETRY_24H,1,RETRY_LINK_NOW,RULE_HIGH_PROB_IMMEDIATE_RETRY,1
pay_syn_42_00786,insufficient_funds,upi,50609,506.09,0,0.3712,0,BLIND_RETRY_24H,0,RETRY_LINK_DELAYED,RULE_LOW_PROB_DELAYED_NUDGE,0
pay_syn_42_00787,payment_cancelled,upi,29616,296.16,1,0.2143,0,BLIND_RETRY_24H,0,RETRY_LINK_DELAYED,RULE_LOW_PROB_DELAYED_NUDGE,0
pay_syn_42_00788,insufficient_funds,card,22703,227.03,0,0.3378,0,BLIND_RETRY_24H,0,RETRY_LINK_DELAYED,RULE_LOW_PROB_DELAYED_NUDGE,0
pay_syn_42_00789,risk_check_failed,upi,64164,641.64,0,0.0,0,BLIND_RETRY_24H,0,ESCALATE_HUMAN,RULE_HARD_DECLINE_COMPLIANCE,0
pay_syn_42_00790,payment_timed_out,upi,420443,4204.43,2,0.4368,0,BLIND_RETRY_24H,0,STOP,RULE_MAX_RETRIES_EXCEEDED,0
pay_syn_42_00791,payment_timed_out,upi,282346,2823.46,0,0.6825,1,BLIND_RETRY_24H,1,RETRY_LINK_NOW,RULE_HIGH_PROB_IMMEDIATE_RETRY,1
pay_syn_42_00792,insufficient_funds,upi,78313,783.13,0,0.3691,0,BLIND_RETRY_24H,0,RETRY_LINK_DELAYED,RULE_LOW_PROB_DELAYED_NUDGE,0
pay_syn_42_00793,insufficient_funds,upi,1437203,14372.03,0,0.2664,0,BLIND_RETRY_24H,0,ESCALATE_HUMAN,RULE_HIGH_AMOUNT_ESCALATION,0
pay_syn_42_00794,invalid_otp,card,68795,687.95,0,0.57,0,BLIND_RETRY_24H,0,RETRY_LINK_NOW,RULE_HIGH_PROB_IMMEDIATE_RETRY,0
pay_syn_42_00795,payment_cancelled,card,560781,5607.81,0,0.206,1,BLIND_RETRY_24H,1,RETRY_LINK_DELAYED,RULE_LOW_PROB_DELAYED_NUDGE,0
pay_syn_42_00796,gateway_technical_error,card,746262,7462.62,0,0.665,1,BLIND_RETRY_24H,0,RETRY_LINK_NOW,RULE_HIGH_PROB_IMMEDIATE_RETRY,0
pay_syn_42_00797,invalid_otp,upi,222157,2221.57,0,0.63,1,BLIND_RETRY_24H,0,RETRY_LINK_NOW,RULE_HIGH_PROB_IMMEDIATE_RETRY,1
pay_syn_42_00798,card_expired,upi,63556,635.56,0,0.0,0,BLIND_RETRY_24H,0,ESCALATE_HUMAN,RULE_HARD_DECLINE_COMPLIANCE,0
pay_syn_42_00799,insufficient_funds,card,89618,896.18,0,0.3332,1,BLIND_RETRY_24H,0,RETRY_LINK_DELAYED,RULE_LOW_PROB_DELAYED_NUDGE,0
pay_syn_42_00800,invalid_otp,card,164114,1641.14,0,0.57,1,BLIND_RETRY_24H,0,RETRY_LINK_NOW,RULE_HIGH_PROB_IMMEDIATE_RETRY,1
pay_syn_42_00801,payment_cancelled,card,30434,304.34,0,0.2423,0,BLIND_RETRY_24H,0,RETRY_LINK_DELAYED,RULE_LOW_PROB_DELAYED_NUDGE,0
pay_syn_42_00802,insufficient_funds,upi,46000,460.0,0,0.3716,0,BLIND_RETRY_24H,1,RETRY_LINK_DELAYED,RULE_LOW_PROB_DELAYED_NUDGE,1
pay_syn_42_00803,gateway_technical_error,upi,42343,423.43,0,0.735,1,BLIND_RETRY_24H,0,RETRY_LINK_NOW,RULE_HIGH_PROB_IMMEDIATE_RETRY,1
pay_syn_42_00804,insufficient_funds,upi,241709,2417.09,0,0.3568,1,BLIND_RETRY_24H,0,RETRY_LINK_DELAYED,RULE_LOW_PROB_DELAYED_NUDGE,0
pay_syn_42_00805,gateway_technical_error,upi,493582,4935.82,0,0.735,1,BLIND_RETRY_24H,0,RETRY_LINK_NOW,RULE_HIGH_PROB_IMMEDIATE_RETRY,1
pay_syn_42_00806,insufficient_funds,card,295380,2953.8,0,0.3191,1,BLIND_RETRY_24H,0,RETRY_LINK_DELAYED,RULE_LOW_PROB_DELAYED_NUDGE,1
pay_syn_42_00807,risk_check_failed,upi,400642,4006.42,0,0.0,0,BLIND_RETRY_24H,0,ESCALATE_HUMAN,RULE_HARD_DECLINE_COMPLIANCE,0
pay_syn_42_00808,payment_timed_out,upi,58261,582.61,0,0.6825,1,BLIND_RETRY_24H,0,RETRY_LINK_NOW,RULE_HIGH_PROB_IMMEDIATE_RETRY,0
pay_syn_42_00809,gateway_technical_error,upi,93922,939.22,0,0.735,1,BLIND_RETRY_24H,0,RETRY_LINK_NOW,RULE_HIGH_PROB_IMMEDIATE_RETRY,1
pay_syn_42_00810,gateway_technical_error,card,101646,1016.46,2,0.4256,0,BLIND_RETRY_24H,1,STOP,RULE_MAX_RETRIES_EXCEEDED,0
pay_syn_42_00811,authentication_failed,upi,221161,2211.61,0,0.5775,1,BLIND_RETRY_24H,0,RETRY_LINK_NOW,RULE_HIGH_PROB_IMMEDIATE_RETRY,1
pay_syn_42_00812,invalid_otp,card,1449418,14494.18,0,0.57,0,BLIND_RETRY_24H,0,ESCALATE_HUMAN,RULE_HIGH_AMOUNT_ESCALATION,0
pay_syn_42_00813,gateway_technical_error,upi,65993,659.93,1,0.588,0,BLIND_RETRY_24H,1,RETRY_LINK_NOW,RULE_HIGH_PROB_IMMEDIATE_RETRY,0
pay_syn_42_00814,invalid_otp,upi,371682,3716.82,0,0.63,1,BLIND_RETRY_24H,0,RETRY_LINK_NOW,RULE_HIGH_PROB_IMMEDIATE_RETRY,1
pay_syn_42_00815,payment_timed_out,upi,719625,7196.25,1,0.546,0,BLIND_RETRY_24H,0,RETRY_LINK_NOW,RULE_HIGH_PROB_IMMEDIATE_RETRY,1
pay_syn_42_00816,payment_cancelled,upi,234167,2341.67,0,0.2524,0,BLIND_RETRY_24H,0,RETRY_LINK_DELAYED,RULE_LOW_PROB_DELAYED_NUDGE,1
pay_syn_42_00817,gateway_technical_error,card,89655,896.55,1,0.532,0,BLIND_RETRY_24H,0,RETRY_LINK_NOW,RULE_HIGH_PROB_IMMEDIATE_RETRY,1
pay_syn_42_00818,invalid_otp,card,53212,532.12,0,0.57,1,BLIND_RETRY_24H,0,RETRY_LINK_NOW,RULE_HIGH_PROB_IMMEDIATE_RETRY,0
pay_syn_42_00819,insufficient_funds,upi,42441,424.41,2,0.238,0,BLIND_RETRY_24H,1,STOP,RULE_MAX_RETRIES_EXCEEDED,0
pay_syn_42_00820,gateway_technical_error,card,15401,154.01,1,0.532,0,BLIND_RETRY_24H,0,RETRY_LINK_NOW,RULE_HIGH_PROB_IMMEDIATE_RETRY,1
pay_syn_42_00821,invalid_otp,wallet,105008,1050.08,0,0.612,0,BLIND_RETRY_24H,0,RETRY_LINK_NOW,RULE_HIGH_PROB_IMMEDIATE_RETRY,0
pay_syn_42_00822,invalid_otp,card,98782,987.82,0,0.57,0,BLIND_RETRY_24H,1,RETRY_LINK_NOW,RULE_HIGH_PROB_IMMEDIATE_RETRY,1
pay_syn_42_00823,risk_check_failed,card,345135,3451.35,0,0.0,0,BLIND_RETRY_24H,0,ESCALATE_HUMAN,RULE_HARD_DECLINE_COMPLIANCE,0
pay_syn_42_00824,payment_cancelled,upi,70529,705.29,0,0.2647,0,BLIND_RETRY_24H,0,RETRY_LINK_DELAYED,RULE_LOW_PROB_DELAYED_NUDGE,0
pay_syn_42_00825,insufficient_funds,card,111451,1114.51,0,0.3317,0,BLIND_RETRY_24H,0,RETRY_LINK_DELAYED,RULE_LOW_PROB_DELAYED_NUDGE,1
pay_syn_42_00826,gateway_technical_error,upi,182774,1827.74,0,0.735,1,BLIND_RETRY_24H,0,RETRY_LINK_NOW,RULE_HIGH_PROB_IMMEDIATE_RETRY,1
pay_syn_42_00827,gateway_technical_error,upi,229864,2298.64,0,0.735,0,BLIND_RETRY_24H,0,RETRY_LINK_NOW,RULE_HIGH_PROB_IMMEDIATE_RETRY,1
pay_syn_42_00828,authentication_failed,upi,300600,3006.0,0,0.5775,0,BLIND_RETRY_24H,0,RETRY_LINK_NOW,RULE_HIGH_PROB_IMMEDIATE_RETRY,1
pay_syn_42_00829,invalid_otp,upi,163455,1634.55,1,0.504,0,BLIND_RETRY_24H,0,RETRY_LINK_NOW,RULE_HIGH_PROB_IMMEDIATE_RETRY,1
pay_syn_42_00830,risk_check_failed,card,32166,321.66,0,0.0,0,BLIND_RETRY_24H,0,ESCALATE_HUMAN,RULE_HARD_DECLINE_COMPLIANCE,0
pay_syn_42_00831,fraud_suspected,card,207903,2079.03,1,0.0,0,BLIND_RETRY_24H,0,ESCALATE_HUMAN,RULE_HARD_DECLINE_COMPLIANCE,0
pay_syn_42_00832,risk_check_failed,card,65426,654.26,0,0.0,0,BLIND_RETRY_24H,0,ESCALATE_HUMAN,RULE_HARD_DECLINE_COMPLIANCE,0
pay_syn_42_00833,card_expired,upi,522971,5229.71,0,0.0,0,BLIND_RETRY_24H,0,ESCALATE_HUMAN,RULE_HARD_DECLINE_COMPLIANCE,0
pay_syn_42_00834,payment_cancelled,card,137114,1371.14,0,0.235,0,BLIND_RETRY_24H,0,RETRY_LINK_DELAYED,RULE_LOW_PROB_DELAYED_NUDGE,0
pay_syn_42_00835,authentication_failed,upi,174556,1745.56,0,0.5775,1,BLIND_RETRY_24H,0,RETRY_LINK_NOW,RULE_HIGH_PROB_IMMEDIATE_RETRY,0
pay_syn_42_00836,invalid_otp,upi,2343185,23431.85,0,0.63,1,BLIND_RETRY_24H,0,ESCALATE_HUMAN,RULE_HIGH_AMOUNT_ESCALATION,0
pay_syn_42_00837,card_expired,upi,306768,3067.68,0,0.0,0,BLIND_RETRY_24H,0,ESCALATE_HUMAN,RULE_HARD_DECLINE_COMPLIANCE,0
pay_syn_42_00838,payment_timed_out,netbanking,203708,2037.08,0,0.5525,0,BLIND_RETRY_24H,0,RETRY_LINK_DELAYED,RULE_LOW_PROB_DELAYED_NUDGE,1
pay_syn_42_00839,card_blocked,upi,115021,1150.21,0,0.0,0,BLIND_RETRY_24H,0,ESCALATE_HUMAN,RULE_HARD_DECLINE_COMPLIANCE,0
pay_syn_42_00840,payment_cancelled,card,34837,348.37,1,0.1936,0,BLIND_RETRY_24H,0,RETRY_LINK_DELAYED,RULE_LOW_PROB_DELAYED_NUDGE,0
pay_syn_42_00841,authentication_failed,card,106430,1064.3,0,0.5225,0,BLIND_RETRY_24H,1,RETRY_LINK_NOW,RULE_HIGH_PROB_IMMEDIATE_RETRY,1
pay_syn_42_00842,gateway_technical_error,upi,52554,525.54,0,0.735,1,BLIND_RETRY_24H,0,RETRY_LINK_NOW,RULE_HIGH_PROB_IMMEDIATE_RETRY,1
pay_syn_42_00843,invalid_otp,upi,840763,8407.63,0,0.63,1,BLIND_RETRY_24H,1,RETRY_LINK_NOW,RULE_HIGH_PROB_IMMEDIATE_RETRY,1
pay_syn_42_00844,payment_cancelled,upi,206759,2067.59,0,0.2544,1,BLIND_RETRY_24H,0,RETRY_LINK_DELAYED,RULE_LOW_PROB_DELAYED_NUDGE,1
pay_syn_42_00845,insufficient_funds,upi,499551,4995.51,0,0.3373,0,BLIND_RETRY_24H,1,RETRY_LINK_DELAYED,RULE_LOW_PROB_DELAYED_NUDGE,0
pay_syn_42_00846,insufficient_funds,upi,68488,684.88,0,0.3699,1,BLIND_RETRY_24H,0,RETRY_LINK_DELAYED,RULE_LOW_PROB_DELAYED_NUDGE,1
pay_syn_42_00847,payment_cancelled,upi,56488,564.88,0,0.2658,0,BLIND_RETRY_24H,1,RETRY_LINK_DELAYED,RULE_LOW_PROB_DELAYED_NUDGE,1
pay_syn_42_00848,card_expired,upi,273287,2732.87,0,0.0,0,BLIND_RETRY_24H,0,ESCALATE_HUMAN,RULE_HARD_DECLINE_COMPLIANCE,0
pay_syn_42_00849,card_blocked,upi,50460,504.6,0,0.0,0,BLIND_RETRY_24H,0,ESCALATE_HUMAN,RULE_HARD_DECLINE_COMPLIANCE,0
pay_syn_42_00850,gateway_technical_error,card,82782,827.82,0,0.665,0,BLIND_RETRY_24H,0,RETRY_LINK_NOW,RULE_HIGH_PROB_IMMEDIATE_RETRY,1
pay_syn_42_00851,card_lost_or_stolen,upi,895225,8952.25,0,0.0,0,BLIND_RETRY_24H,0,ESCALATE_HUMAN,RULE_HARD_DECLINE_COMPLIANCE,0
pay_syn_42_00852,payment_timed_out,upi,86299,862.99,1,0.546,0,BLIND_RETRY_24H,0,RETRY_LINK_NOW,RULE_HIGH_PROB_IMMEDIATE_RETRY,0
pay_syn_42_00853,payment_timed_out,upi,28141,281.41,0,0.6825,0,BLIND_RETRY_24H,1,RETRY_LINK_NOW,RULE_HIGH_PROB_IMMEDIATE_RETRY,0
pay_syn_42_00854,insufficient_funds,upi,19308,193.08,0,0.3736,1,BLIND_RETRY_24H,0,RETRY_LINK_NOW,RULE_HIGH_PROB_IMMEDIATE_RETRY,0
pay_syn_42_00855,insufficient_funds,upi,25008,250.08,0,0.3732,0,BLIND_RETRY_24H,0,RETRY_LINK_DELAYED,RULE_LOW_PROB_DELAYED_NUDGE,0
pay_syn_42_00856,gateway_technical_error,upi,537139,5371.39,0,0.735,1,BLIND_RETRY_24H,1,RETRY_LINK_NOW,RULE_HIGH_PROB_IMMEDIATE_RETRY,0
pay_syn_42_00857,gateway_technical_error,card,72994,729.94,1,0.532,0,BLIND_RETRY_24H,1,RETRY_LINK_NOW,RULE_HIGH_PROB_IMMEDIATE_RETRY,1
pay_syn_42_00858,risk_check_failed,upi,2233743,22337.43,0,0.0,0,BLIND_RETRY_24H,0,ESCALATE_HUMAN,RULE_HARD_DECLINE_COMPLIANCE,0
pay_syn_42_00859,gateway_technical_error,upi,730505,7305.05,1,0.588,1,BLIND_RETRY_24H,0,RETRY_LINK_NOW,RULE_HIGH_PROB_IMMEDIATE_RETRY,1
pay_syn_42_00860,gateway_technical_error,upi,1216967,12169.67,1,0.588,0,BLIND_RETRY_24H,1,ESCALATE_HUMAN,RULE_HIGH_AMOUNT_ESCALATION,0
pay_syn_42_00861,gateway_technical_error,card,413180,4131.8,1,0.532,1,BLIND_RETRY_24H,0,RETRY_LINK_NOW,RULE_HIGH_PROB_IMMEDIATE_RETRY,1
pay_syn_42_00862,gateway_technical_error,wallet,257030,2570.3,0,0.714,0,BLIND_RETRY_24H,0,RETRY_LINK_NOW,RULE_HIGH_PROB_IMMEDIATE_RETRY,1
pay_syn_42_00863,authentication_failed,upi,54456,544.56,0,0.5775,1,BLIND_RETRY_24H,0,RETRY_LINK_NOW,RULE_HIGH_PROB_IMMEDIATE_RETRY,1
pay_syn_42_00864,authentication_failed,card,133447,1334.47,0,0.5225,1,BLIND_RETRY_24H,0,RETRY_LINK_NOW,RULE_HIGH_PROB_IMMEDIATE_RETRY,1
pay_syn_42_00865,payment_timed_out,upi,288138,2881.38,0,0.6825,0,BLIND_RETRY_24H,0,RETRY_LINK_NOW,RULE_HIGH_PROB_IMMEDIATE_RETRY,0
pay_syn_42_00866,card_expired,upi,383083,3830.83,0,0.0,0,BLIND_RETRY_24H,0,ESCALATE_HUMAN,RULE_HARD_DECLINE_COMPLIANCE,0
pay_syn_42_00867,payment_cancelled,upi,38151,381.51,0,0.2672,0,BLIND_RETRY_24H,0,RETRY_LINK_DELAYED,RULE_LOW_PROB_DELAYED_NUDGE,0
pay_syn_42_00868,fraud_suspected,upi,108244,1082.44,0,0.0,0,BLIND_RETRY_24H,0,ESCALATE_HUMAN,RULE_HARD_DECLINE_COMPLIANCE,0
pay_syn_42_00869,payment_timed_out,upi,122299,1222.99,0,0.6825,1,BLIND_RETRY_24H,0,RETRY_LINK_NOW,RULE_HIGH_PROB_IMMEDIATE_RETRY,0
pay_syn_42_00870,insufficient_funds,card,117154,1171.54,1,0.2651,0,BLIND_RETRY_24H,0,RETRY_LINK_DELAYED,RULE_LOW_PROB_DELAYED_NUDGE,0
pay_syn_42_00871,insufficient_funds,card,43415,434.15,0,0.3364,0,BLIND_RETRY_24H,0,RETRY_LINK_DELAYED,RULE_LOW_PROB_DELAYED_NUDGE,1
pay_syn_42_00872,invalid_otp,upi,1029591,10295.91,0,0.63,0,BLIND_RETRY_24H,1,ESCALATE_HUMAN,RULE_HIGH_AMOUNT_ESCALATION,1
pay_syn_42_00873,payment_cancelled,upi,104406,1044.06,0,0.2622,0,BLIND_RETRY_24H,0,RETRY_LINK_DELAYED,RULE_LOW_PROB_DELAYED_NUDGE,0
pay_syn_42_00874,card_expired,netbanking,46620,466.2,0,0.0,0,BLIND_RETRY_24H,0,ESCALATE_HUMAN,RULE_HARD_DECLINE_COMPLIANCE,0
pay_syn_42_00875,gateway_technical_error,upi,1064712,10647.12,0,0.735,1,BLIND_RETRY_24H,1,ESCALATE_HUMAN,RULE_HIGH_AMOUNT_ESCALATION,1
pay_syn_42_00876,authentication_failed,wallet,731416,7314.16,2,0.359,0,BLIND_RETRY_24H,0,STOP,RULE_MAX_RETRIES_EXCEEDED,0
pay_syn_42_00877,card_lost_or_stolen,upi,156396,1563.96,1,0.0,0,BLIND_RETRY_24H,0,ESCALATE_HUMAN,RULE_HARD_DECLINE_COMPLIANCE,0
pay_syn_42_00878,insufficient_funds,upi,19147,191.47,0,0.3736,0,BLIND_RETRY_24H,0,RETRY_LINK_NOW,RULE_HIGH_PROB_IMMEDIATE_RETRY,0
pay_syn_42_00879,payment_cancelled,netbanking,80220,802.2,1,0.171,0,BLIND_RETRY_24H,1,RETRY_LINK_DELAYED,RULE_LOW_PROB_DELAYED_NUDGE,0
pay_syn_42_00880,gateway_technical_error,upi,23179,231.79,0,0.735,0,BLIND_RETRY_24H,1,RETRY_LINK_NOW,RULE_HIGH_PROB_IMMEDIATE_RETRY,1
pay_syn_42_00881,gateway_technical_error,upi,235656,2356.56,1,0.588,1,BLIND_RETRY_24H,0,RETRY_LINK_NOW,RULE_HIGH_PROB_IMMEDIATE_RETRY,1
pay_syn_42_00882,authentication_failed,card,74548,745.48,0,0.5225,1,BLIND_RETRY_24H,0,RETRY_LINK_NOW,RULE_HIGH_PROB_IMMEDIATE_RETRY,0
pay_syn_42_00883,invalid_otp,card,129950,1299.5,0,0.57,1,BLIND_RETRY_24H,1,RETRY_LINK_NOW,RULE_HIGH_PROB_IMMEDIATE_RETRY,1
pay_syn_42_00884,authentication_failed,card,940952,9409.52,0,0.5225,0,BLIND_RETRY_24H,1,RETRY_LINK_NOW,RULE_HIGH_PROB_IMMEDIATE_RETRY,0
pay_syn_42_00885,invalid_otp,upi,69060,690.6,0,0.63,1,BLIND_RETRY_24H,0,RETRY_LINK_NOW,RULE_HIGH_PROB_IMMEDIATE_RETRY,1
pay_syn_42_00886,payment_cancelled,upi,224318,2243.18,0,0.2531,1,BLIND_RETRY_24H,0,RETRY_LINK_DELAYED,RULE_LOW_PROB_DELAYED_NUDGE,0
pay_syn_42_00887,insufficient_funds,card,311097,3110.97,0,0.3181,0,BLIND_RETRY_24H,0,RETRY_LINK_DELAYED,RULE_LOW_PROB_DELAYED_NUDGE,0
pay_syn_42_00888,gateway_technical_error,card,516483,5164.83,1,0.532,1,BLIND_RETRY_24H,0,RETRY_LINK_NOW,RULE_HIGH_PROB_IMMEDIATE_RETRY,0
pay_syn_42_00889,payment_cancelled,upi,119970,1199.7,0,0.261,0,BLIND_RETRY_24H,1,RETRY_LINK_DELAYED,RULE_LOW_PROB_DELAYED_NUDGE,0
pay_syn_42_00890,invalid_otp,upi,107058,1070.58,0,0.63,1,BLIND_RETRY_24H,1,RETRY_LINK_NOW,RULE_HIGH_PROB_IMMEDIATE_RETRY,1
pay_syn_42_00891,invalid_otp,card,104406,1044.06,1,0.456,1,BLIND_RETRY_24H,0,RETRY_LINK_NOW,RULE_HIGH_PROB_IMMEDIATE_RETRY,0
pay_syn_42_00892,gateway_technical_error,card,200641,2006.41,0,0.665,0,BLIND_RETRY_24H,0,RETRY_LINK_NOW,RULE_HIGH_PROB_IMMEDIATE_RETRY,1
pay_syn_42_00893,payment_timed_out,netbanking,691852,6918.52,0,0.5525,1,BLIND_RETRY_24H,0,RETRY_LINK_NOW,RULE_HIGH_PROB_IMMEDIATE_RETRY,1
pay_syn_42_00894,payment_cancelled,card,99403,994.03,0,0.2375,0,BLIND_RETRY_24H,0,RETRY_LINK_DELAYED,RULE_LOW_PROB_DELAYED_NUDGE,1
pay_syn_42_00895,gateway_technical_error,card,9307,93.07,0,0.665,1,BLIND_RETRY_24H,0,RETRY_LINK_NOW,RULE_HIGH_PROB_IMMEDIATE_RETRY,1
pay_syn_42_00896,card_expired,card,354201,3542.01,0,0.0,0,BLIND_RETRY_24H,0,ESCALATE_HUMAN,RULE_HARD_DECLINE_COMPLIANCE,0
pay_syn_42_00897,payment_cancelled,upi,144186,1441.86,0,0.2592,0,BLIND_RETRY_24H,0,RETRY_LINK_DELAYED,RULE_LOW_PROB_DELAYED_NUDGE,0
pay_syn_42_00898,insufficient_funds,upi,236264,2362.64,0,0.3572,1,BLIND_RETRY_24H,0,RETRY_LINK_DELAYED,RULE_LOW_PROB_DELAYED_NUDGE,1
pay_syn_42_00899,authentication_failed,upi,24013,240.13,0,0.5775,0,BLIND_RETRY_24H,1,RETRY_LINK_NOW,RULE_HIGH_PROB_IMMEDIATE_RETRY,0
pay_syn_42_00900,insufficient_funds,upi,74848,748.48,0,0.3694,0,BLIND_RETRY_24H,1,RETRY_LINK_DELAYED,RULE_LOW_PROB_DELAYED_NUDGE,0
pay_syn_42_00901,gateway_technical_error,upi,320892,3208.92,1,0.588,1,BLIND_RETRY_24H,1,RETRY_LINK_NOW,RULE_HIGH_PROB_IMMEDIATE_RETRY,0
pay_syn_42_00902,payment_timed_out,upi,33707,337.07,0,0.6825,1,BLIND_RETRY_24H,1,RETRY_LINK_NOW,RULE_HIGH_PROB_IMMEDIATE_RETRY,1
pay_syn_42_00903,card_expired,upi,223741,2237.41,0,0.0,0,BLIND_RETRY_24H,0,ESCALATE_HUMAN,RULE_HARD_DECLINE_COMPLIANCE,0
pay_syn_42_00904,invalid_otp,upi,128793,1287.93,2,0.4032,1,BLIND_RETRY_24H,0,STOP,RULE_MAX_RETRIES_EXCEEDED,0
pay_syn_42_00905,card_expired,upi,59702,597.02,1,0.0,0,BLIND_RETRY_24H,0,ESCALATE_HUMAN,RULE_HARD_DECLINE_COMPLIANCE,0
pay_syn_42_00906,payment_cancelled,upi,54934,549.34,0,0.2659,0,BLIND_RETRY_24H,0,RETRY_LINK_DELAYED,RULE_LOW_PROB_DELAYED_NUDGE,0
pay_syn_42_00907,invalid_otp,card,43817,438.17,0,0.57,0,BLIND_RETRY_24H,0,RETRY_LINK_NOW,RULE_HIGH_PROB_IMMEDIATE_RETRY,1
pay_syn_42_00908,gateway_technical_error,upi,143346,1433.46,0,0.735,1,BLIND_RETRY_24H,0,RETRY_LINK_NOW,RULE_HIGH_PROB_IMMEDIATE_RETRY,0
pay_syn_42_00909,card_expired,upi,162634,1626.34,1,0.0,0,BLIND_RETRY_24H,0,ESCALATE_HUMAN,RULE_HARD_DECLINE_COMPLIANCE,0
pay_syn_42_00910,risk_check_failed,netbanking,89450,894.5,0,0.0,0,BLIND_RETRY_24H,0,ESCALATE_HUMAN,RULE_HARD_DECLINE_COMPLIANCE,0
pay_syn_42_00911,authentication_failed,upi,41185,411.85,1,0.462,1,BLIND_RETRY_24H,0,RETRY_LINK_NOW,RULE_HIGH_PROB_IMMEDIATE_RETRY,1
pay_syn_42_00912,invalid_otp,upi,5387,53.87,0,0.63,0,BLIND_RETRY_24H,1,RETRY_LINK_NOW,RULE_HIGH_PROB_IMMEDIATE_RETRY,0
pay_syn_42_00913,payment_timed_out,upi,216509,2165.09,0,0.6825,1,BLIND_RETRY_24H,0,RETRY_LINK_NOW,RULE_HIGH_PROB_IMMEDIATE_RETRY,0
pay_syn_42_00914,insufficient_funds,upi,362036,3620.36,0,0.3477,0,BLIND_RETRY_24H,0,RETRY_LINK_DELAYED,RULE_LOW_PROB_DELAYED_NUDGE,0
pay_syn_42_00915,authentication_failed,card,264670,2646.7,0,0.5225,1,BLIND_RETRY_24H,0,RETRY_LINK_NOW,RULE_HIGH_PROB_IMMEDIATE_RETRY,1
pay_syn_42_00916,card_expired,card,1287760,12877.6,0,0.0,0,BLIND_RETRY_24H,0,ESCALATE_HUMAN,RULE_HARD_DECLINE_COMPLIANCE,0
pay_syn_42_00917,gateway_technical_error,upi,109533,1095.33,0,0.735,1,BLIND_RETRY_24H,0,RETRY_LINK_NOW,RULE_HIGH_PROB_IMMEDIATE_RETRY,0
pay_syn_42_00918,invalid_otp,card,607759,6077.59,1,0.456,0,BLIND_RETRY_24H,0,RETRY_LINK_NOW,RULE_HIGH_PROB_IMMEDIATE_RETRY,0
pay_syn_42_00919,card_blocked,upi,65815,658.15,0,0.0,0,BLIND_RETRY_24H,0,ESCALATE_HUMAN,RULE_HARD_DECLINE_COMPLIANCE,0
pay_syn_42_00920,payment_cancelled,card,55607,556.07,0,0.2405,0,BLIND_RETRY_24H,0,RETRY_LINK_DELAYED,RULE_LOW_PROB_DELAYED_NUDGE,0
pay_syn_42_00921,authentication_failed,upi,153293,1532.93,0,0.5775,1,BLIND_RETRY_24H,0,RETRY_LINK_NOW,RULE_HIGH_PROB_IMMEDIATE_RETRY,1
pay_syn_42_00922,gateway_technical_error,wallet,799960,7999.6,0,0.714,0,BLIND_RETRY_24H,0,RETRY_LINK_NOW,RULE_HIGH_PROB_IMMEDIATE_RETRY,0
pay_syn_42_00923,gateway_technical_error,netbanking,97166,971.66,1,0.476,0,BLIND_RETRY_24H,0,RETRY_LINK_NOW,RULE_HIGH_PROB_IMMEDIATE_RETRY,1
pay_syn_42_00924,authentication_failed,card,23996,239.96,0,0.5225,0,BLIND_RETRY_24H,0,RETRY_LINK_NOW,RULE_HIGH_PROB_IMMEDIATE_RETRY,0
pay_syn_42_00925,fraud_suspected,upi,353837,3538.37,0,0.0,0,BLIND_RETRY_24H,0,ESCALATE_HUMAN,RULE_HARD_DECLINE_COMPLIANCE,0
pay_syn_42_00926,gateway_technical_error,card,122952,1229.52,0,0.665,1,BLIND_RETRY_24H,1,RETRY_LINK_NOW,RULE_HIGH_PROB_IMMEDIATE_RETRY,0
pay_syn_42_00927,insufficient_funds,upi,186055,1860.55,2,0.231,0,BLIND_RETRY_24H,0,STOP,RULE_MAX_RETRIES_EXCEEDED,0
pay_syn_42_00928,payment_timed_out,upi,58583,585.83,0,0.6825,1,BLIND_RETRY_24H,0,RETRY_LINK_NOW,RULE_HIGH_PROB_IMMEDIATE_RETRY,1
pay_syn_42_00929,payment_cancelled,card,151716,1517.16,1,0.1872,0,BLIND_RETRY_24H,0,RETRY_LINK_DELAYED,RULE_LOW_PROB_DELAYED_NUDGE,0
pay_syn_42_00930,invalid_otp,upi,27531,275.31,0,0.63,0,BLIND_RETRY_24H,1,RETRY_LINK_NOW,RULE_HIGH_PROB_IMMEDIATE_RETRY,0
pay_syn_42_00931,payment_timed_out,card,1051573,10515.73,0,0.6175,0,BLIND_RETRY_24H,1,ESCALATE_HUMAN,RULE_HIGH_AMOUNT_ESCALATION,1
pay_syn_42_00932,payment_timed_out,upi,439425,4394.25,0,0.6825,1,BLIND_RETRY_24H,0,RETRY_LINK_NOW,RULE_HIGH_PROB_IMMEDIATE_RETRY,1
pay_syn_42_00933,invalid_otp,upi,144323,1443.23,2,0.4032,1,BLIND_RETRY_24H,0,STOP,RULE_MAX_RETRIES_EXCEEDED,0
pay_syn_42_00934,payment_timed_out,upi,342224,3422.24,0,0.6825,0,BLIND_RETRY_24H,0,RETRY_LINK_NOW,RULE_HIGH_PROB_IMMEDIATE_RETRY,0
pay_syn_42_00935,gateway_technical_error,upi,65990,659.9,0,0.735,0,BLIND_RETRY_24H,1,RETRY_LINK_NOW,RULE_HIGH_PROB_IMMEDIATE_RETRY,1
pay_syn_42_00936,payment_cancelled,card,415870,4158.7,0,0.2159,0,BLIND_RETRY_24H,0,RETRY_LINK_NOW,RULE_HIGH_PROB_IMMEDIATE_RETRY,0
pay_syn_42_00937,payment_cancelled,upi,92681,926.81,0,0.2631,1,BLIND_RETRY_24H,1,RETRY_LINK_DELAYED,RULE_LOW_PROB_DELAYED_NUDGE,0
pay_syn_42_00938,payment_timed_out,upi,85919,859.19,0,0.6825,0,BLIND_RETRY_24H,0,RETRY_LINK_NOW,RULE_HIGH_PROB_IMMEDIATE_RETRY,1
pay_syn_42_00939,insufficient_funds,upi,46842,468.42,2,0.2378,0,BLIND_RETRY_24H,0,STOP,RULE_MAX_RETRIES_EXCEEDED,0
pay_syn_42_00940,gateway_technical_error,upi,213444,2134.44,0,0.735,1,BLIND_RETRY_24H,0,RETRY_LINK_NOW,RULE_HIGH_PROB_IMMEDIATE_RETRY,1
pay_syn_42_00941,payment_cancelled,upi,137559,1375.59,0,0.2597,0,BLIND_RETRY_24H,0,RETRY_LINK_DELAYED,RULE_LOW_PROB_DELAYED_NUDGE,0
pay_syn_42_00942,payment_cancelled,upi,633245,6332.45,0,0.2222,0,BLIND_RETRY_24H,0,RETRY_LINK_DELAYED,RULE_LOW_PROB_DELAYED_NUDGE,0
pay_syn_42_00943,payment_cancelled,wallet,41628,416.28,0,0.2593,0,BLIND_RETRY_24H,0,RETRY_LINK_DELAYED,RULE_LOW_PROB_DELAYED_NUDGE,1
pay_syn_42_00944,payment_cancelled,upi,214552,2145.52,0,0.2538,0,BLIND_RETRY_24H,0,RETRY_LINK_DELAYED,RULE_LOW_PROB_DELAYED_NUDGE,0
pay_syn_42_00945,insufficient_funds,upi,494496,4944.96,0,0.3377,0,BLIND_RETRY_24H,0,RETRY_LINK_DELAYED,RULE_LOW_PROB_DELAYED_NUDGE,0
pay_syn_42_00946,payment_cancelled,upi,2312154,23121.54,0,0.0953,0,BLIND_RETRY_24H,1,ESCALATE_HUMAN,RULE_HIGH_AMOUNT_ESCALATION,0
pay_syn_42_00947,card_expired,upi,165876,1658.76,0,0.0,0,BLIND_RETRY_24H,0,ESCALATE_HUMAN,RULE_HARD_DECLINE_COMPLIANCE,0
pay_syn_42_00948,card_expired,card,90825,908.25,0,0.0,0,BLIND_RETRY_24H,0,ESCALATE_HUMAN,RULE_HARD_DECLINE_COMPLIANCE,0
pay_syn_42_00949,gateway_technical_error,upi,161212,1612.12,0,0.735,1,BLIND_RETRY_24H,0,RETRY_LINK_NOW,RULE_HIGH_PROB_IMMEDIATE_RETRY,1
pay_syn_42_00950,insufficient_funds,card,570648,5706.48,0,0.3003,0,BLIND_RETRY_24H,0,RETRY_LINK_DELAYED,RULE_LOW_PROB_DELAYED_NUDGE,0
pay_syn_42_00951,gateway_technical_error,card,570345,5703.45,0,0.665,1,BLIND_RETRY_24H,0,RETRY_LINK_NOW,RULE_HIGH_PROB_IMMEDIATE_RETRY,1
pay_syn_42_00952,payment_timed_out,upi,117629,1176.29,0,0.6825,1,BLIND_RETRY_24H,0,RETRY_LINK_NOW,RULE_HIGH_PROB_IMMEDIATE_RETRY,1
pay_syn_42_00953,card_expired,upi,557860,5578.6,0,0.0,0,BLIND_RETRY_24H,0,ESCALATE_HUMAN,RULE_HARD_DECLINE_COMPLIANCE,0
pay_syn_42_00954,payment_timed_out,upi,130616,1306.16,0,0.6825,1,BLIND_RETRY_24H,0,RETRY_LINK_NOW,RULE_HIGH_PROB_IMMEDIATE_RETRY,1
pay_syn_42_00955,insufficient_funds,upi,337679,3376.79,0,0.3495,1,BLIND_RETRY_24H,0,RETRY_LINK_DELAYED,RULE_LOW_PROB_DELAYED_NUDGE,1
pay_syn_42_00956,gateway_technical_error,upi,244404,2444.04,1,0.588,1,BLIND_RETRY_24H,0,RETRY_LINK_NOW,RULE_HIGH_PROB_IMMEDIATE_RETRY,0
pay_syn_42_00957,authentication_failed,card,87050,870.5,1,0.418,0,BLIND_RETRY_24H,0,RETRY_LINK_NOW,RULE_HIGH_PROB_IMMEDIATE_RETRY,1
pay_syn_42_00958,payment_cancelled,wallet,48558,485.58,1,0.207,0,BLIND_RETRY_24H,1,RETRY_LINK_DELAYED,RULE_LOW_PROB_DELAYED_NUDGE,0
pay_syn_42_00959,invalid_otp,upi,510959,5109.59,0,0.63,1,BLIND_RETRY_24H,1,RETRY_LINK_NOW,RULE_HIGH_PROB_IMMEDIATE_RETRY,0
pay_syn_42_00960,bank_account_invalid,upi,713985,7139.85,0,0.0,0,BLIND_RETRY_24H,0,ESCALATE_HUMAN,RULE_HARD_DECLINE_COMPLIANCE,0
pay_syn_42_00961,payment_timed_out,upi,208829,2088.29,0,0.6825,1,BLIND_RETRY_24H,1,RETRY_LINK_NOW,RULE_HIGH_PROB_IMMEDIATE_RETRY,1
pay_syn_42_00962,card_expired,card,130425,1304.25,0,0.0,0,BLIND_RETRY_24H,0,ESCALATE_HUMAN,RULE_HARD_DECLINE_COMPLIANCE,0
pay_syn_42_00963,risk_check_failed,upi,36615,366.15,1,0.0,0,BLIND_RETRY_24H,0,ESCALATE_HUMAN,RULE_HARD_DECLINE_COMPLIANCE,0
pay_syn_42_00964,risk_check_failed,wallet,494656,4946.56,0,0.0,0,BLIND_RETRY_24H,0,ESCALATE_HUMAN,RULE_HARD_DECLINE_COMPLIANCE,0
pay_syn_42_00965,insufficient_funds,upi,182917,1829.17,1,0.289,1,BLIND_RETRY_24H,0,RETRY_LINK_DELAYED,RULE_LOW_PROB_DELAYED_NUDGE,0
pay_syn_42_00966,bank_account_invalid,upi,100748,1007.48,2,0.0,0,BLIND_RETRY_24H,0,STOP,RULE_MAX_RETRIES_EXCEEDED,0
pay_syn_42_00967,payment_timed_out,card,349269,3492.69,1,0.494,0,BLIND_RETRY_24H,0,RETRY_LINK_NOW,RULE_HIGH_PROB_IMMEDIATE_RETRY,0
pay_syn_42_00968,invalid_otp,card,30473,304.73,1,0.456,0,BLIND_RETRY_24H,0,RETRY_LINK_NOW,RULE_HIGH_PROB_IMMEDIATE_RETRY,1
pay_syn_42_00969,payment_timed_out,upi,44570,445.7,1,0.546,1,BLIND_RETRY_24H,0,RETRY_LINK_NOW,RULE_HIGH_PROB_IMMEDIATE_RETRY,0
pay_syn_42_00970,insufficient_funds,netbanking,63554,635.54,0,0.2997,0,BLIND_RETRY_24H,0,RETRY_LINK_DELAYED,RULE_LOW_PROB_DELAYED_NUDGE,0
pay_syn_42_00971,insufficient_funds,netbanking,235736,2357.36,0,0.2892,0,BLIND_RETRY_24H,0,RETRY_LINK_DELAYED,RULE_LOW_PROB_DELAYED_NUDGE,0
pay_syn_42_00972,insufficient_funds,upi,163196,1631.96,2,0.2321,0,BLIND_RETRY_24H,0,STOP,RULE_MAX_RETRIES_EXCEEDED,0
pay_syn_42_00973,card_expired,upi,269241,2692.41,0,0.0,0,BLIND_RETRY_24H,0,ESCALATE_HUMAN,RULE_HARD_DECLINE_COMPLIANCE,0
pay_syn_42_00974,authentication_failed,upi,453994,4539.94,0,0.5775,0,BLIND_RETRY_24H,1,RETRY_LINK_NOW,RULE_HIGH_PROB_IMMEDIATE_RETRY,0
pay_syn_42_00975,payment_timed_out,upi,280689,2806.89,0,0.6825,1,BLIND_RETRY_24H,1,RETRY_LINK_NOW,RULE_HIGH_PROB_IMMEDIATE_RETRY,1
pay_syn_42_00976,bank_account_invalid,upi,1082778,10827.78,0,0.0,0,BLIND_RETRY_24H,0,ESCALATE_HUMAN,RULE_HARD_DECLINE_COMPLIANCE,0
pay_syn_42_00977,insufficient_funds,netbanking,452688,4526.88,1,0.2207,0,BLIND_RETRY_24H,0,RETRY_LINK_DELAYED,RULE_LOW_PROB_DELAYED_NUDGE,1
pay_syn_42_00978,invalid_otp,upi,117331,1173.31,0,0.63,1,BLIND_RETRY_24H,1,RETRY_LINK_NOW,RULE_HIGH_PROB_IMMEDIATE_RETRY,1
pay_syn_42_00979,bank_account_invalid,card,74333,743.33,1,0.0,0,BLIND_RETRY_24H,0,ESCALATE_HUMAN,RULE_HARD_DECLINE_COMPLIANCE,0
pay_syn_42_00980,card_expired,wallet,121247,1212.47,0,0.0,0,BLIND_RETRY_24H,0,ESCALATE_HUMAN,RULE_HARD_DECLINE_COMPLIANCE,0
pay_syn_42_00981,stolen_card,upi,292309,2923.09,0,0.0,0,BLIND_RETRY_24H,0,ESCALATE_HUMAN,RULE_HARD_DECLINE_COMPLIANCE,0
pay_syn_42_00982,invalid_otp,upi,82962,829.62,0,0.63,0,BLIND_RETRY_24H,0,RETRY_LINK_NOW,RULE_HIGH_PROB_IMMEDIATE_RETRY,1
pay_syn_42_00983,stolen_card,card,301903,3019.03,2,0.0,0,BLIND_RETRY_24H,0,STOP,RULE_MAX_RETRIES_EXCEEDED,0
pay_syn_42_00984,insufficient_funds,upi,263570,2635.7,2,0.2273,0,BLIND_RETRY_24H,1,STOP,RULE_MAX_RETRIES_EXCEEDED,0
pay_syn_42_00985,insufficient_funds,netbanking,47867,478.67,1,0.2406,0,BLIND_RETRY_24H,0,RETRY_LINK_DELAYED,RULE_LOW_PROB_DELAYED_NUDGE,1
pay_syn_42_00986,payment_timed_out,upi,442303,4423.03,0,0.6825,1,BLIND_RETRY_24H,0,RETRY_LINK_NOW,RULE_HIGH_PROB_IMMEDIATE_RETRY,1
pay_syn_42_00987,invalid_otp,card,200624,2006.24,0,0.57,1,BLIND_RETRY_24H,0,RETRY_LINK_NOW,RULE_HIGH_PROB_IMMEDIATE_RETRY,1
pay_syn_42_00988,payment_cancelled,netbanking,1011730,10117.3,2,0.1003,0,BLIND_RETRY_24H,0,STOP,RULE_MAX_RETRIES_EXCEEDED,0
pay_syn_42_00989,invalid_otp,wallet,131112,1311.12,2,0.3917,1,BLIND_RETRY_24H,0,STOP,RULE_MAX_RETRIES_EXCEEDED,0
pay_syn_42_00990,gateway_technical_error,card,95959,959.59,2,0.4256,0,BLIND_RETRY_24H,0,STOP,RULE_MAX_RETRIES_EXCEEDED,0
pay_syn_42_00991,fraud_suspected,upi,42029,420.29,0,0.0,0,BLIND_RETRY_24H,0,ESCALATE_HUMAN,RULE_HARD_DECLINE_COMPLIANCE,0
pay_syn_42_00992,card_lost_or_stolen,upi,41381,413.81,1,0.0,0,BLIND_RETRY_24H,0,ESCALATE_HUMAN,RULE_HARD_DECLINE_COMPLIANCE,0
pay_syn_42_00993,payment_timed_out,wallet,380982,3809.82,0,0.663,0,BLIND_RETRY_24H,1,RETRY_LINK_NOW,RULE_HIGH_PROB_IMMEDIATE_RETRY,1
pay_syn_42_00994,card_expired,upi,879268,8792.68,0,0.0,0,BLIND_RETRY_24H,0,ESCALATE_HUMAN,RULE_HARD_DECLINE_COMPLIANCE,0
pay_syn_42_00995,insufficient_funds,netbanking,119405,1194.05,0,0.2963,0,BLIND_RETRY_24H,0,RETRY_LINK_DELAYED,RULE_LOW_PROB_DELAYED_NUDGE,1
pay_syn_42_00996,payment_timed_out,upi,111242,1112.42,0,0.6825,1,BLIND_RETRY_24H,1,RETRY_LINK_NOW,RULE_HIGH_PROB_IMMEDIATE_RETRY,0
pay_syn_42_00997,payment_timed_out,upi,144672,1446.72,0,0.6825,1,BLIND_RETRY_24H,0,RETRY_LINK_NOW,RULE_HIGH_PROB_IMMEDIATE_RETRY,1
pay_syn_42_00998,invalid_otp,card,480814,4808.14,2,0.3648,0,BLIND_RETRY_24H,1,STOP,RULE_MAX_RETRIES_EXCEEDED,0
pay_syn_42_00999,card_expired,upi,48295,482.95,0,0.0,0,BLIND_RETRY_24H,0,ESCALATE_HUMAN,RULE_HARD_DECLINE_COMPLIANCE,0
pay_syn_42_01000,insufficient_funds,upi,174098,1740.98,0,0.3619,0,BLIND_RETRY_24H,0,RETRY_LINK_DELAYED,RULE_LOW_PROB_DELAYED_NUDGE,1
pay_syn_42_01001,card_expired,card,391557,3915.57,0,0.0,0,BLIND_RETRY_24H,0,ESCALATE_HUMAN,RULE_HARD_DECLINE_COMPLIANCE,0
pay_syn_42_01002,payment_timed_out,upi,232437,2324.37,1,0.546,0,BLIND_RETRY_24H,0,RETRY_LINK_NOW,RULE_HIGH_PROB_IMMEDIATE_RETRY,1
pay_syn_42_01003,invalid_otp,upi,6847,68.47,2,0.4032,1,BLIND_RETRY_24H,0,STOP,RULE_MAX_RETRIES_EXCEEDED,0
pay_syn_42_01004,gateway_technical_error,upi,282330,2823.3,0,0.735,1,BLIND_RETRY_24H,0,RETRY_LINK_NOW,RULE_HIGH_PROB_IMMEDIATE_RETRY,1
pay_syn_42_01005,payment_cancelled,upi,235036,2350.36,1,0.2018,0,BLIND_RETRY_24H,0,RETRY_LINK_DELAYED,RULE_LOW_PROB_DELAYED_NUDGE,1
pay_syn_42_01006,gateway_technical_error,upi,606946,6069.46,0,0.735,1,BLIND_RETRY_24H,0,RETRY_LINK_NOW,RULE_HIGH_PROB_IMMEDIATE_RETRY,0
pay_syn_42_01007,authentication_failed,upi,789122,7891.22,2,0.3696,0,BLIND_RETRY_24H,0,STOP,RULE_MAX_RETRIES_EXCEEDED,0
pay_syn_42_01008,payment_timed_out,netbanking,568966,5689.66,0,0.5525,0,BLIND_RETRY_24H,0,RETRY_LINK_NOW,RULE_HIGH_PROB_IMMEDIATE_RETRY,1
pay_syn_42_01009,gateway_technical_error,upi,145531,1455.31,0,0.735,1,BLIND_RETRY_24H,1,RETRY_LINK_NOW,RULE_HIGH_PROB_IMMEDIATE_RETRY,1
pay_syn_42_01010,insufficient_funds,card,22994,229.94,1,0.2702,0,BLIND_RETRY_24H,0,RETRY_LINK_DELAYED,RULE_LOW_PROB_DELAYED_NUDGE,1
pay_syn_42_01011,payment_timed_out,upi,1458920,14589.2,0,0.6825,0,BLIND_RETRY_24H,1,ESCALATE_HUMAN,RULE_HIGH_AMOUNT_ESCALATION,0
pay_syn_42_01012,gateway_technical_error,upi,110381,1103.81,1,0.588,0,BLIND_RETRY_24H,0,RETRY_LINK_NOW,RULE_HIGH_PROB_IMMEDIATE_RETRY,0
pay_syn_42_01013,payment_timed_out,upi,140524,1405.24,0,0.6825,1,BLIND_RETRY_24H,0,RETRY_LINK_NOW,RULE_HIGH_PROB_IMMEDIATE_RETRY,0
pay_syn_42_01014,invalid_otp,card,864344,8643.44,0,0.57,1,BLIND_RETRY_24H,1,RETRY_LINK_NOW,RULE_HIGH_PROB_IMMEDIATE_RETRY,1
pay_syn_42_01015,payment_timed_out,upi,59187,591.87,0,0.6825,1,BLIND_RETRY_24H,0,RETRY_LINK_NOW,RULE_HIGH_PROB_IMMEDIATE_RETRY,1
pay_syn_42_01016,invalid_otp,upi,31356,313.56,1,0.504,1,BLIND_RETRY_24H,0,RETRY_LINK_NOW,RULE_HIGH_PROB_IMMEDIATE_RETRY,0
pay_syn_42_01017,invalid_otp,upi,83528,835.28,0,0.63,0,BLIND_RETRY_24H,1,RETRY_LINK_NOW,RULE_HIGH_PROB_IMMEDIATE_RETRY,1
pay_syn_42_01018,insufficient_funds,upi,62537,625.37,0,0.3703,1,BLIND_RETRY_24H,0,RETRY_LINK_DELAYED,RULE_LOW_PROB_DELAYED_NUDGE,0
pay_syn_42_01019,payment_timed_out,netbanking,28516,285.16,0,0.5525,0,BLIND_RETRY_24H,0,RETRY_LINK_NOW,RULE_HIGH_PROB_IMMEDIATE_RETRY,1
pay_syn_42_01020,authentication_failed,upi,122242,1222.42,0,0.5775,1,BLIND_RETRY_24H,1,RETRY_LINK_NOW,RULE_HIGH_PROB_IMMEDIATE_RETRY,1
pay_syn_42_01021,payment_timed_out,upi,146657,1466.57,0,0.6825,1,BLIND_RETRY_24H,0,RETRY_LINK_NOW,RULE_HIGH_PROB_IMMEDIATE_RETRY,1
pay_syn_42_01022,payment_cancelled,card,26953,269.53,0,0.2425,1,BLIND_RETRY_24H,0,RETRY_LINK_NOW,RULE_HIGH_PROB_IMMEDIATE_RETRY,0
pay_syn_42_01023,invalid_otp,upi,95324,953.24,2,0.4032,0,BLIND_RETRY_24H,0,STOP,RULE_MAX_RETRIES_EXCEEDED,0
pay_syn_42_01024,insufficient_funds,upi,58559,585.59,1,0.2965,0,BLIND_RETRY_24H,0,RETRY_LINK_DELAYED,RULE_LOW_PROB_DELAYED_NUDGE,1
pay_syn_42_01025,payment_cancelled,upi,17026,170.26,0,0.2688,0,BLIND_RETRY_24H,0,RETRY_LINK_NOW,RULE_HIGH_PROB_IMMEDIATE_RETRY,1
pay_syn_42_01026,card_expired,upi,152010,1520.1,1,0.0,0,BLIND_RETRY_24H,0,ESCALATE_HUMAN,RULE_HARD_DECLINE_COMPLIANCE,0
pay_syn_42_01027,authentication_failed,upi,169344,1693.44,1,0.462,1,BLIND_RETRY_24H,0,RETRY_LINK_NOW,RULE_HIGH_PROB_IMMEDIATE_RETRY,0
pay_syn_42_01028,insufficient_funds,upi,58572,585.72,1,0.2965,0,BLIND_RETRY_24H,0,RETRY_LINK_DELAYED,RULE_LOW_PROB_DELAYED_NUDGE,1
pay_syn_42_01029,payment_cancelled,card,437476,4374.76,0,0.2144,0,BLIND_RETRY_24H,0,RETRY_LINK_DELAYED,RULE_LOW_PROB_DELAYED_NUDGE,0
pay_syn_42_01030,gateway_technical_error,card,137120,1371.2,0,0.665,0,BLIND_RETRY_24H,0,RETRY_LINK_NOW,RULE_HIGH_PROB_IMMEDIATE_RETRY,1
pay_syn_42_01031,risk_check_failed,wallet,61447,614.47,1,0.0,0,BLIND_RETRY_24H,0,ESCALATE_HUMAN,RULE_HARD_DECLINE_COMPLIANCE,0
pay_syn_42_01032,gateway_technical_error,upi,25339,253.39,2,0.4704,1,BLIND_RETRY_24H,0,STOP,RULE_MAX_RETRIES_EXCEEDED,0
pay_syn_42_01033,invalid_otp,wallet,179694,1796.94,0,0.612,1,BLIND_RETRY_24H,1,RETRY_LINK_NOW,RULE_HIGH_PROB_IMMEDIATE_RETRY,0
pay_syn_42_01034,payment_cancelled,upi,234396,2343.96,1,0.2019,0,BLIND_RETRY_24H,0,RETRY_LINK_DELAYED,RULE_LOW_PROB_DELAYED_NUDGE,0
pay_syn_42_01035,bank_account_invalid,upi,78732,787.32,0,0.0,0,BLIND_RETRY_24H,0,ESCALATE_HUMAN,RULE_HARD_DECLINE_COMPLIANCE,0
pay_syn_42_01036,invalid_otp,upi,157415,1574.15,0,0.63,1,BLIND_RETRY_24H,0,RETRY_LINK_NOW,RULE_HIGH_PROB_IMMEDIATE_RETRY,1
pay_syn_42_01037,authentication_failed,card,789072,7890.72,1,0.418,1,BLIND_RETRY_24H,0,RETRY_LINK_DELAYED,RULE_LOW_PROB_DELAYED_NUDGE,0
pay_syn_42_01038,insufficient_funds,upi,359221,3592.21,0,0.3479,0,BLIND_RETRY_24H,0,RETRY_LINK_DELAYED,RULE_LOW_PROB_DELAYED_NUDGE,0
pay_syn_42_01039,invalid_otp,upi,12559,125.59,0,0.63,1,BLIND_RETRY_24H,1,RETRY_LINK_NOW,RULE_HIGH_PROB_IMMEDIATE_RETRY,1
pay_syn_42_01040,payment_cancelled,netbanking,60724,607.24,2,0.1375,0,BLIND_RETRY_24H,0,STOP,RULE_MAX_RETRIES_EXCEEDED,0
pay_syn_42_01041,insufficient_funds,upi,115935,1159.35,0,0.3663,1,BLIND_RETRY_24H,0,RETRY_LINK_DELAYED,RULE_LOW_PROB_DELAYED_NUDGE,0
pay_syn_42_01042,authentication_failed,upi,145759,1457.59,0,0.5775,1,BLIND_RETRY_24H,0,RETRY_LINK_NOW,RULE_HIGH_PROB_IMMEDIATE_RETRY,1
pay_syn_42_01043,invalid_otp,upi,161247,1612.47,0,0.63,0,BLIND_RETRY_24H,0,RETRY_LINK_NOW,RULE_HIGH_PROB_IMMEDIATE_RETRY,1
pay_syn_42_01044,gateway_technical_error,upi,217794,2177.94,0,0.735,1,BLIND_RETRY_24H,0,RETRY_LINK_NOW,RULE_HIGH_PROB_IMMEDIATE_RETRY,1
pay_syn_42_01045,insufficient_funds,card,120177,1201.77,0,0.3311,0,BLIND_RETRY_24H,0,RETRY_LINK_DELAYED,RULE_LOW_PROB_DELAYED_NUDGE,0
pay_syn_42_01046,card_expired,upi,136749,1367.49,0,0.0,0,BLIND_RETRY_24H,0,ESCALATE_HUMAN,RULE_HARD_DECLINE_COMPLIANCE,0
pay_syn_42_01047,payment_cancelled,netbanking,382170,3821.7,1,0.1562,0,BLIND_RETRY_24H,0,RETRY_LINK_DELAYED,RULE_LOW_PROB_DELAYED_NUDGE,1
pay_syn_42_01048,gateway_technical_error,card,183690,1836.9,0,0.665,1,BLIND_RETRY_24H,1,RETRY_LINK_NOW,RULE_HIGH_PROB_IMMEDIATE_RETRY,1
pay_syn_42_01049,invalid_otp,upi,38066,380.66,0,0.63,1,BLIND_RETRY_24H,0,RETRY_LINK_NOW,RULE_HIGH_PROB_IMMEDIATE_RETRY,0
pay_syn_42_01050,gateway_technical_error,card,150932,1509.32,0,0.665,1,BLIND_RETRY_24H,1,RETRY_LINK_NOW,RULE_HIGH_PROB_IMMEDIATE_RETRY,0
pay_syn_42_01051,fraud_suspected,upi,116283,1162.83,1,0.0,0,BLIND_RETRY_24H,0,ESCALATE_HUMAN,RULE_HARD_DECLINE_COMPLIANCE,0
pay_syn_42_01052,payment_timed_out,upi,16901,169.01,0,0.6825,1,BLIND_RETRY_24H,0,RETRY_LINK_NOW,RULE_HIGH_PROB_IMMEDIATE_RETRY,0
pay_syn_42_01053,payment_timed_out,upi,159694,1596.94,1,0.546,1,BLIND_RETRY_24H,0,RETRY_LINK_NOW,RULE_HIGH_PROB_IMMEDIATE_RETRY,1
pay_syn_42_01054,payment_cancelled,card,43249,432.49,1,0.1931,0,BLIND_RETRY_24H,0,RETRY_LINK_DELAYED,RULE_LOW_PROB_DELAYED_NUDGE,0
pay_syn_42_01055,payment_cancelled,upi,389093,3890.93,0,0.2406,0,BLIND_RETRY_24H,0,RETRY_LINK_DELAYED,RULE_LOW_PROB_DELAYED_NUDGE,0
pay_syn_42_01056,invalid_otp,upi,214290,2142.9,0,0.63,1,BLIND_RETRY_24H,0,RETRY_LINK_NOW,RULE_HIGH_PROB_IMMEDIATE_RETRY,1
pay_syn_42_01057,card_expired,card,36032,360.32,0,0.0,0,BLIND_RETRY_24H,0,ESCALATE_HUMAN,RULE_HARD_DECLINE_COMPLIANCE,0
pay_syn_42_01058,payment_timed_out,card,368148,3681.48,1,0.494,0,BLIND_RETRY_24H,0,RETRY_LINK_NOW,RULE_HIGH_PROB_IMMEDIATE_RETRY,1
pay_syn_42_01059,payment_timed_out,upi,619633,6196.33,1,0.546,0,BLIND_RETRY_24H,0,RETRY_LINK_NOW,RULE_HIGH_PROB_IMMEDIATE_RETRY,0
pay_syn_42_01060,insufficient_funds,upi,101734,1017.34,1,0.2939,0,BLIND_RETRY_24H,0,RETRY_LINK_DELAYED,RULE_LOW_PROB_DELAYED_NUDGE,0
pay_syn_42_01061,authentication_failed,card,115547,1155.47,0,0.5225,1,BLIND_RETRY_24H,0,RETRY_LINK_NOW,RULE_HIGH_PROB_IMMEDIATE_RETRY,1
pay_syn_42_01062,gateway_technical_error,upi,326786,3267.86,0,0.735,1,BLIND_RETRY_24H,0,RETRY_LINK_NOW,RULE_HIGH_PROB_IMMEDIATE_RETRY,1
pay_syn_42_01063,payment_timed_out,card,562386,5623.86,0,0.6175,0,BLIND_RETRY_24H,0,RETRY_LINK_NOW,RULE_HIGH_PROB_IMMEDIATE_RETRY,1
pay_syn_42_01064,invalid_otp,upi,21513,215.13,1,0.504,0,BLIND_RETRY_24H,0,RETRY_LINK_NOW,RULE_HIGH_PROB_IMMEDIATE_RETRY,0
pay_syn_42_01065,payment_cancelled,card,40340,403.4,0,0.2416,0,BLIND_RETRY_24H,0,RETRY_LINK_DELAYED,RULE_LOW_PROB_DELAYED_NUDGE,1
pay_syn_42_01066,invalid_otp,upi,85244,852.44,0,0.63,1,BLIND_RETRY_24H,0,RETRY_LINK_NOW,RULE_HIGH_PROB_IMMEDIATE_RETRY,0
pay_syn_42_01067,fraud_suspected,card,95448,954.48,0,0.0,0,BLIND_RETRY_24H,0,ESCALATE_HUMAN,RULE_HARD_DECLINE_COMPLIANCE,0
pay_syn_42_01068,insufficient_funds,upi,315779,3157.79,0,0.3512,1,BLIND_RETRY_24H,1,RETRY_LINK_DELAYED,RULE_LOW_PROB_DELAYED_NUDGE,1
pay_syn_42_01069,gateway_technical_error,card,566091,5660.91,1,0.532,1,BLIND_RETRY_24H,0,RETRY_LINK_NOW,RULE_HIGH_PROB_IMMEDIATE_RETRY,1
pay_syn_42_01070,gateway_technical_error,netbanking,621830,6218.3,0,0.595,1,BLIND_RETRY_24H,0,RETRY_LINK_NOW,RULE_HIGH_PROB_IMMEDIATE_RETRY,1
pay_syn_42_01071,insufficient_funds,upi,21023,210.23,0,0.3735,0,BLIND_RETRY_24H,0,RETRY_LINK_DELAYED,RULE_LOW_PROB_DELAYED_NUDGE,0
pay_syn_42_01072,payment_cancelled,upi,55200,552.0,2,0.1702,0,BLIND_RETRY_24H,0,STOP,RULE_MAX_RETRIES_EXCEEDED,0
pay_syn_42_01073,insufficient_funds,upi,34454,344.54,0,0.3725,0,BLIND_RETRY_24H,1,RETRY_LINK_DELAYED,RULE_LOW_PROB_DELAYED_NUDGE,1
pay_syn_42_01074,invalid_otp,upi,69805,698.05,0,0.63,1,BLIND_RETRY_24H,1,RETRY_LINK_NOW,RULE_HIGH_PROB_IMMEDIATE_RETRY,1
pay_syn_42_01075,insufficient_funds,card,54973,549.73,0,0.3356,0,BLIND_RETRY_24H,0,RETRY_LINK_DELAYED,RULE_LOW_PROB_DELAYED_NUDGE,1
pay_syn_42_01076,gateway_technical_error,upi,213552,2135.52,0,0.735,1,BLIND_RETRY_24H,0,RETRY_LINK_NOW,RULE_HIGH_PROB_IMMEDIATE_RETRY,1
pay_syn_42_01077,payment_cancelled,upi,244283,2442.83,0,0.2516,0,BLIND_RETRY_24H,0,RETRY_LINK_DELAYED,RULE_LOW_PROB_DELAYED_NUDGE,0
pay_syn_42_01078,insufficient_funds,upi,134893,1348.93,0,0.3649,1,BLIND_RETRY_24H,0,RETRY_LINK_DELAYED,RULE_LOW_PROB_DELAYED_NUDGE,0
pay_syn_42_01079,gateway_technical_error,wallet,121537,1215.37,0,0.714,1,BLIND_RETRY_24H,1,RETRY_LINK_NOW,RULE_HIGH_PROB_IMMEDIATE_RETRY,1
pay_syn_42_01080,card_expired,upi,89157,891.57,0,0.0,0,BLIND_RETRY_24H,0,ESCALATE_HUMAN,RULE_HARD_DECLINE_COMPLIANCE,0
pay_syn_42_01081,card_expired,upi,100760,1007.6,0,0.0,0,BLIND_RETRY_24H,0,ESCALATE_HUMAN,RULE_HARD_DECLINE_COMPLIANCE,0
pay_syn_42_01082,payment_cancelled,netbanking,777378,7773.78,1,0.1368,0,BLIND_RETRY_24H,1,RETRY_LINK_DELAYED,RULE_LOW_PROB_DELAYED_NUDGE,0
pay_syn_42_01083,payment_cancelled,card,288318,2883.18,0,0.2246,0,BLIND_RETRY_24H,0,RETRY_LINK_DELAYED,RULE_LOW_PROB_DELAYED_NUDGE,0
pay_syn_42_01084,insufficient_funds,card,92778,927.78,0,0.333,0,BLIND_RETRY_24H,0,RETRY_LINK_DELAYED,RULE_LOW_PROB_DELAYED_NUDGE,1
pay_syn_42_01085,risk_check_failed,upi,119031,1190.31,0,0.0,0,BLIND_RETRY_24H,0,ESCALATE_HUMAN,RULE_HARD_DECLINE_COMPLIANCE,0
pay_syn_42_01086,invalid_otp,upi,219182,2191.82,0,0.63,1,BLIND_RETRY_24H,0,RETRY_LINK_NOW,RULE_HIGH_PROB_IMMEDIATE_RETRY,1
pay_syn_42_01087,insufficient_funds,upi,36021,360.21,1,0.2979,0,BLIND_RETRY_24H,0,RETRY_LINK_DELAYED,RULE_LOW_PROB_DELAYED_NUDGE,0
pay_syn_42_01088,payment_timed_out,upi,156750,1567.5,1,0.546,1,BLIND_RETRY_24H,1,RETRY_LINK_NOW,RULE_HIGH_PROB_IMMEDIATE_RETRY,1
pay_syn_42_01089,card_expired,card,270229,2702.29,0,0.0,0,BLIND_RETRY_24H,0,ESCALATE_HUMAN,RULE_HARD_DECLINE_COMPLIANCE,0
pay_syn_42_01090,payment_cancelled,card,232373,2323.73,1,0.1828,0,BLIND_RETRY_24H,0,RETRY_LINK_DELAYED,RULE_LOW_PROB_DELAYED_NUDGE,1
pay_syn_42_01091,payment_timed_out,upi,56309,563.09,0,0.6825,1,BLIND_RETRY_24H,0,RETRY_LINK_NOW,RULE_HIGH_PROB_IMMEDIATE_RETRY,1
pay_syn_42_01092,payment_timed_out,card,67659,676.59,1,0.494,1,BLIND_RETRY_24H,0,RETRY_LINK_NOW,RULE_HIGH_PROB_IMMEDIATE_RETRY,0
pay_syn_42_01093,payment_timed_out,card,15183,151.83,0,0.6175,1,BLIND_RETRY_24H,0,RETRY_LINK_NOW,RULE_HIGH_PROB_IMMEDIATE_RETRY,1
pay_syn_42_01094,gateway_technical_error,upi,304940,3049.4,1,0.588,1,BLIND_RETRY_24H,0,RETRY_LINK_NOW,RULE_HIGH_PROB_IMMEDIATE_RETRY,1
pay_syn_42_01095,invalid_otp,card,1311473,13114.73,0,0.57,1,BLIND_RETRY_24H,1,ESCALATE_HUMAN,RULE_HIGH_AMOUNT_ESCALATION,1
pay_syn_42_01096,payment_timed_out,upi,48720,487.2,1,0.546,1,BLIND_RETRY_24H,1,RETRY_LINK_NOW,RULE_HIGH_PROB_IMMEDIATE_RETRY,0
pay_syn_42_01097,authentication_failed,card,449650,4496.5,0,0.5225,0,BLIND_RETRY_24H,1,RETRY_LINK_NOW,RULE_HIGH_PROB_IMMEDIATE_RETRY,1
pay_syn_42_01098,stolen_card,upi,1154701,11547.01,1,0.0,0,BLIND_RETRY_24H,0,ESCALATE_HUMAN,RULE_HARD_DECLINE_COMPLIANCE,0
pay_syn_42_01099,authentication_failed,card,80284,802.84,0,0.5225,1,BLIND_RETRY_24H,0,RETRY_LINK_NOW,RULE_HIGH_PROB_IMMEDIATE_RETRY,1
pay_syn_42_01100,invalid_otp,upi,119208,1192.08,1,0.504,0,BLIND_RETRY_24H,0,RETRY_LINK_NOW,RULE_HIGH_PROB_IMMEDIATE_RETRY,0
pay_syn_42_01101,gateway_technical_error,upi,177067,1770.67,0,0.735,1,BLIND_RETRY_24H,1,RETRY_LINK_NOW,RULE_HIGH_PROB_IMMEDIATE_RETRY,1
pay_syn_42_01102,insufficient_funds,netbanking,224052,2240.52,0,0.2899,0,BLIND_RETRY_24H,0,RETRY_LINK_DELAYED,RULE_LOW_PROB_DELAYED_NUDGE,0
pay_syn_42_01103,invalid_otp,card,187968,1879.68,1,0.456,1,BLIND_RETRY_24H,0,RETRY_LINK_NOW,RULE_HIGH_PROB_IMMEDIATE_RETRY,1
pay_syn_42_01104,authentication_failed,card,87060,870.6,0,0.5225,0,BLIND_RETRY_24H,0,RETRY_LINK_NOW,RULE_HIGH_PROB_IMMEDIATE_RETRY,0
pay_syn_42_01105,insufficient_funds,upi,265375,2653.75,0,0.355,0,BLIND_RETRY_24H,0,RETRY_LINK_DELAYED,RULE_LOW_PROB_DELAYED_NUDGE,1
pay_syn_42_01106,payment_cancelled,upi,89197,891.97,1,0.2107,1,BLIND_RETRY_24H,0,RETRY_LINK_DELAYED,RULE_LOW_PROB_DELAYED_NUDGE,1
pay_syn_42_01107,authentication_failed,card,202801,2028.01,0,0.5225,1,BLIND_RETRY_24H,0,RETRY_LINK_NOW,RULE_HIGH_PROB_IMMEDIATE_RETRY,1
pay_syn_42_01108,insufficient_funds,card,129700,1297.0,0,0.3305,0,BLIND_RETRY_24H,0,RETRY_LINK_DELAYED,RULE_LOW_PROB_DELAYED_NUDGE,1
pay_syn_42_01109,fraud_suspected,upi,19050,190.5,0,0.0,0,BLIND_RETRY_24H,0,ESCALATE_HUMAN,RULE_HARD_DECLINE_COMPLIANCE,0
pay_syn_42_01110,payment_timed_out,upi,536748,5367.48,0,0.6825,1,BLIND_RETRY_24H,1,RETRY_LINK_NOW,RULE_HIGH_PROB_IMMEDIATE_RETRY,0
pay_syn_42_01111,invalid_otp,card,69560,695.6,0,0.57,1,BLIND_RETRY_24H,0,RETRY_LINK_NOW,RULE_HIGH_PROB_IMMEDIATE_RETRY,0
pay_syn_42_01112,insufficient_funds,card,607466,6074.66,0,0.2978,0,BLIND_RETRY_24H,0,RETRY_LINK_DELAYED,RULE_LOW_PROB_DELAYED_NUDGE,0
pay_syn_42_01113,insufficient_funds,upi,427980,4279.8,0,0.3427,0,BLIND_RETRY_24H,0,RETRY_LINK_DELAYED,RULE_LOW_PROB_DELAYED_NUDGE,0
pay_syn_42_01114,invalid_otp,upi,171225,1712.25,0,0.63,1,BLIND_RETRY_24H,0,RETRY_LINK_NOW,RULE_HIGH_PROB_IMMEDIATE_RETRY,1
pay_syn_42_01115,payment_cancelled,upi,237614,2376.14,0,0.2521,0,BLIND_RETRY_24H,0,RETRY_LINK_DELAYED,RULE_LOW_PROB_DELAYED_NUDGE,0
pay_syn_42_01116,payment_cancelled,upi,272367,2723.67,0,0.2495,0,BLIND_RETRY_24H,0,RETRY_LINK_DELAYED,RULE_LOW_PROB_DELAYED_NUDGE,0
pay_syn_42_01117,card_expired,wallet,107807,1078.07,0,0.0,0,BLIND_RETRY_24H,0,ESCALATE_HUMAN,RULE_HARD_DECLINE_COMPLIANCE,0
pay_syn_42_01118,card_expired,upi,113411,1134.11,0,0.0,0,BLIND_RETRY_24H,0,ESCALATE_HUMAN,RULE_HARD_DECLINE_COMPLIANCE,0
pay_syn_42_01119,stolen_card,netbanking,257322,2573.22,0,0.0,0,BLIND_RETRY_24H,0,ESCALATE_HUMAN,RULE_HARD_DECLINE_COMPLIANCE,0
pay_syn_42_01120,payment_timed_out,card,5275,52.75,0,0.6175,0,BLIND_RETRY_24H,1,RETRY_LINK_NOW,RULE_HIGH_PROB_IMMEDIATE_RETRY,0
pay_syn_42_01121,payment_cancelled,upi,131215,1312.15,0,0.2601,0,BLIND_RETRY_24H,0,RETRY_LINK_DELAYED,RULE_LOW_PROB_DELAYED_NUDGE,1
pay_syn_42_01122,invalid_otp,card,87361,873.61,0,0.57,0,BLIND_RETRY_24H,0,RETRY_LINK_NOW,RULE_HIGH_PROB_IMMEDIATE_RETRY,1
pay_syn_42_01123,card_expired,upi,57240,572.4,0,0.0,0,BLIND_RETRY_24H,0,ESCALATE_HUMAN,RULE_HARD_DECLINE_COMPLIANCE,0
pay_syn_42_01124,gateway_technical_error,wallet,209594,2095.94,0,0.714,1,BLIND_RETRY_24H,0,RETRY_LINK_NOW,RULE_HIGH_PROB_IMMEDIATE_RETRY,0
pay_syn_42_01125,insufficient_funds,upi,67224,672.24,0,0.37,1,BLIND_RETRY_24H,0,RETRY_LINK_DELAYED,RULE_LOW_PROB_DELAYED_NUDGE,0
pay_syn_42_01126,invalid_otp,upi,345865,3458.65,0,0.63,0,BLIND_RETRY_24H,0,RETRY_LINK_NOW,RULE_HIGH_PROB_IMMEDIATE_RETRY,0
pay_syn_42_01127,authentication_failed,upi,382165,3821.65,0,0.5775,1,BLIND_RETRY_24H,1,RETRY_LINK_NOW,RULE_HIGH_PROB_IMMEDIATE_RETRY,1
pay_syn_42_01128,insufficient_funds,upi,235523,2355.23,0,0.3573,1,BLIND_RETRY_24H,0,RETRY_LINK_DELAYED,RULE_LOW_PROB_DELAYED_NUDGE,1
pay_syn_42_01129,insufficient_funds,upi,297383,2973.83,0,0.3526,0,BLIND_RETRY_24H,0,RETRY_LINK_DELAYED,RULE_LOW_PROB_DELAYED_NUDGE,1
pay_syn_42_01130,gateway_technical_error,card,236326,2363.26,0,0.665,1,BLIND_RETRY_24H,1,RETRY_LINK_NOW,RULE_HIGH_PROB_IMMEDIATE_RETRY,1
pay_syn_42_01131,insufficient_funds,upi,323069,3230.69,0,0.3506,0,BLIND_RETRY_24H,0,RETRY_LINK_DELAYED,RULE_LOW_PROB_DELAYED_NUDGE,0
pay_syn_42_01132,gateway_technical_error,upi,307088,3070.88,0,0.735,0,BLIND_RETRY_24H,0,RETRY_LINK_NOW,RULE_HIGH_PROB_IMMEDIATE_RETRY,0
pay_syn_42_01133,payment_timed_out,upi,197158,1971.58,0,0.6825,1,BLIND_RETRY_24H,1,RETRY_LINK_NOW,RULE_HIGH_PROB_IMMEDIATE_RETRY,1
pay_syn_42_01134,insufficient_funds,upi,434667,4346.67,0,0.3422,0,BLIND_RETRY_24H,0,RETRY_LINK_DELAYED,RULE_LOW_PROB_DELAYED_NUDGE,1
pay_syn_42_01135,authentication_failed,upi,111949,1119.49,2,0.3696,0,BLIND_RETRY_24H,0,STOP,RULE_MAX_RETRIES_EXCEEDED,0
pay_syn_42_01136,invalid_otp,upi,59029,590.29,0,0.63,1,BLIND_RETRY_24H,1,RETRY_LINK_NOW,RULE_HIGH_PROB_IMMEDIATE_RETRY,1
pay_syn_42_01137,card_expired,card,56022,560.22,0,0.0,0,BLIND_RETRY_24H,0,ESCALATE_HUMAN,RULE_HARD_DECLINE_COMPLIANCE,0
pay_syn_42_01138,payment_timed_out,upi,95455,954.55,0,0.6825,0,BLIND_RETRY_24H,0,RETRY_LINK_NOW,RULE_HIGH_PROB_IMMEDIATE_RETRY,0
pay_syn_42_01139,payment_cancelled,upi,16684,166.84,0,0.2688,1,BLIND_RETRY_24H,0,RETRY_LINK_NOW,RULE_HIGH_PROB_IMMEDIATE_RETRY,0
pay_syn_42_01140,payment_timed_out,wallet,169362,1693.62,0,0.663,1,BLIND_RETRY_24H,0,RETRY_LINK_NOW,RULE_HIGH_PROB_IMMEDIATE_RETRY,0
pay_syn_42_01141,authentication_failed,upi,276604,2766.04,0,0.5775,1,BLIND_RETRY_24H,0,RETRY_LINK_NOW,RULE_HIGH_PROB_IMMEDIATE_RETRY,1
pay_syn_42_01142,gateway_technical_error,upi,375682,3756.82,1,0.588,1,BLIND_RETRY_24H,0,RETRY_LINK_NOW,RULE_HIGH_PROB_IMMEDIATE_RETRY,1
pay_syn_42_01143,invalid_otp,card,22853,228.53,0,0.57,1,BLIND_RETRY_24H,0,RETRY_LINK_NOW,RULE_HIGH_PROB_IMMEDIATE_RETRY,1
pay_syn_42_01144,payment_cancelled,upi,57883,578.83,1,0.2125,0,BLIND_RETRY_24H,0,RETRY_LINK_DELAYED,RULE_LOW_PROB_DELAYED_NUDGE,0
pay_syn_42_01145,insufficient_funds,upi,333565,3335.65,0,0.3498,1,BLIND_RETRY_24H,0,RETRY_LINK_DELAYED,RULE_LOW_PROB_DELAYED_NUDGE,0
pay_syn_42_01146,invalid_otp,card,108224,1082.24,1,0.456,0,BLIND_RETRY_24H,0,RETRY_LINK_NOW,RULE_HIGH_PROB_IMMEDIATE_RETRY,1
pay_syn_42_01147,gateway_technical_error,card,269448,2694.48,0,0.665,0,BLIND_RETRY_24H,0,RETRY_LINK_NOW,RULE_HIGH_PROB_IMMEDIATE_RETRY,1
pay_syn_42_01148,invalid_otp,wallet,34269,342.69,0,0.612,1,BLIND_RETRY_24H,0,RETRY_LINK_NOW,RULE_HIGH_PROB_IMMEDIATE_RETRY,1
pay_syn_42_01149,invalid_otp,card,598328,5983.28,1,0.456,1,BLIND_RETRY_24H,0,RETRY_LINK_NOW,RULE_HIGH_PROB_IMMEDIATE_RETRY,0
pay_syn_42_01150,insufficient_funds,card,31744,317.44,0,0.3372,0,BLIND_RETRY_24H,0,RETRY_LINK_DELAYED,RULE_LOW_PROB_DELAYED_NUDGE,0
pay_syn_42_01151,insufficient_funds,upi,5000,50.0,2,0.2398,0,BLIND_RETRY_24H,0,STOP,RULE_MAX_RETRIES_EXCEEDED,0
pay_syn_42_01152,payment_timed_out,upi,163964,1639.64,0,0.6825,1,BLIND_RETRY_24H,0,RETRY_LINK_NOW,RULE_HIGH_PROB_IMMEDIATE_RETRY,1
pay_syn_42_01153,payment_cancelled,card,168686,1686.86,0,0.2328,0,BLIND_RETRY_24H,0,RETRY_LINK_DELAYED,RULE_LOW_PROB_DELAYED_NUDGE,1
pay_syn_42_01154,invalid_otp,upi,77993,779.93,0,0.63,0,BLIND_RETRY_24H,0,RETRY_LINK_NOW,RULE_HIGH_PROB_IMMEDIATE_RETRY,1
pay_syn_42_01155,insufficient_funds,card,226197,2261.97,2,0.2073,0,BLIND_RETRY_24H,0,STOP,RULE_MAX_RETRIES_EXCEEDED,0
pay_syn_42_01156,gateway_technical_error,netbanking,233558,2335.58,0,0.595,1,BLIND_RETRY_24H,0,RETRY_LINK_NOW,RULE_HIGH_PROB_IMMEDIATE_RETRY,1
pay_syn_42_01157,invalid_otp,upi,206247,2062.47,0,0.63,1,BLIND_RETRY_24H,1,RETRY_LINK_NOW,RULE_HIGH_PROB_IMMEDIATE_RETRY,0
pay_syn_42_01158,invalid_otp,card,76520,765.2,0,0.57,1,BLIND_RETRY_24H,0,RETRY_LINK_NOW,RULE_HIGH_PROB_IMMEDIATE_RETRY,0
pay_syn_42_01159,payment_cancelled,upi,62379,623.79,0,0.2653,0,BLIND_RETRY_24H,0,RETRY_LINK_DELAYED,RULE_LOW_PROB_DELAYED_NUDGE,1
pay_syn_42_01160,fraud_suspected,card,85388,853.88,0,0.0,0,BLIND_RETRY_24H,0,ESCALATE_HUMAN,RULE_HARD_DECLINE_COMPLIANCE,0
pay_syn_42_01161,authentication_failed,card,54204,542.04,0,0.5225,1,BLIND_RETRY_24H,0,RETRY_LINK_NOW,RULE_HIGH_PROB_IMMEDIATE_RETRY,1
pay_syn_42_01162,insufficient_funds,upi,459688,4596.88,0,0.3403,0,BLIND_RETRY_24H,1,RETRY_LINK_DELAYED,RULE_LOW_PROB_DELAYED_NUDGE,1
pay_syn_42_01163,insufficient_funds,upi,93385,933.85,1,0.2944,0,BLIND_RETRY_24H,0,RETRY_LINK_DELAYED,RULE_LOW_PROB_DELAYED_NUDGE,1
pay_syn_42_01164,insufficient_funds,wallet,158876,1588.76,0,0.3527,1,BLIND_RETRY_24H,0,RETRY_LINK_NOW,RULE_HIGH_PROB_IMMEDIATE_RETRY,0
pay_syn_42_01165,insufficient_funds,upi,331963,3319.63,1,0.28,0,BLIND_RETRY_24H,0,RETRY_LINK_DELAYED,RULE_LOW_PROB_DELAYED_NUDGE,1
pay_syn_42_01166,card_expired,card,51603,516.03,0,0.0,0,BLIND_RETRY_24H,0,ESCALATE_HUMAN,RULE_HARD_DECLINE_COMPLIANCE,0
pay_syn_42_01167,authentication_failed,upi,30477,304.77,2,0.3696,0,BLIND_RETRY_24H,0,STOP,RULE_MAX_RETRIES_EXCEEDED,0
pay_syn_42_01168,gateway_technical_error,upi,54393,543.93,0,0.735,1,BLIND_RETRY_24H,0,RETRY_LINK_NOW,RULE_HIGH_PROB_IMMEDIATE_RETRY,0
pay_syn_42_01169,invalid_otp,upi,178794,1787.94,0,0.63,1,BLIND_RETRY_24H,1,RETRY_LINK_NOW,RULE_HIGH_PROB_IMMEDIATE_RETRY,1
pay_syn_42_01170,payment_cancelled,upi,165731,1657.31,1,0.206,0,BLIND_RETRY_24H,0,RETRY_LINK_DELAYED,RULE_LOW_PROB_DELAYED_NUDGE,1
pay_syn_42_01171,authentication_failed,upi,205804,2058.04,0,0.5775,1,BLIND_RETRY_24H,0,RETRY_LINK_NOW,RULE_HIGH_PROB_IMMEDIATE_RETRY,1
pay_syn_42_01172,insufficient_funds,upi,119566,1195.66,0,0.366,0,BLIND_RETRY_24H,0,RETRY_LINK_DELAYED,RULE_LOW_PROB_DELAYED_NUDGE,0
pay_syn_42_01173,insufficient_funds,upi,9159,91.59,0,0.3744,0,BLIND_RETRY_24H,0,RETRY_LINK_DELAYED,RULE_LOW_PROB_DELAYED_NUDGE,1
pay_syn_42_01174,insufficient_funds,card,115551,1155.51,0,0.3314,0,BLIND_RETRY_24H,0,RETRY_LINK_DELAYED,RULE_LOW_PROB_DELAYED_NUDGE,0
pay_syn_42_01175,authentication_failed,upi,387359,3873.59,0,0.5775,0,BLIND_RETRY_24H,0,RETRY_LINK_NOW,RULE_HIGH_PROB_IMMEDIATE_RETRY,1
pay_syn_42_01176,card_blocked,upi,521734,5217.34,0,0.0,0,BLIND_RETRY_24H,0,ESCALATE_HUMAN,RULE_HARD_DECLINE_COMPLIANCE,0
pay_syn_42_01177,payment_timed_out,upi,147664,1476.64,0,0.6825,1,BLIND_RETRY_24H,0,RETRY_LINK_NOW,RULE_HIGH_PROB_IMMEDIATE_RETRY,1
pay_syn_42_01178,insufficient_funds,upi,166411,1664.11,0,0.3625,1,BLIND_RETRY_24H,1,RETRY_LINK_DELAYED,RULE_LOW_PROB_DELAYED_NUDGE,1
pay_syn_42_01179,insufficient_funds,upi,263687,2636.87,1,0.2841,1,BLIND_RETRY_24H,0,RETRY_LINK_DELAYED,RULE_LOW_PROB_DELAYED_NUDGE,1
pay_syn_42_01180,payment_timed_out,upi,503552,5035.52,1,0.546,1,BLIND_RETRY_24H,0,RETRY_LINK_NOW,RULE_HIGH_PROB_IMMEDIATE_RETRY,1
pay_syn_42_01181,fraud_suspected,upi,134021,1340.21,0,0.0,0,BLIND_RETRY_24H,0,ESCALATE_HUMAN,RULE_HARD_DECLINE_COMPLIANCE,0
pay_syn_42_01182,insufficient_funds,upi,259496,2594.96,0,0.3554,0,BLIND_RETRY_24H,0,RETRY_LINK_DELAYED,RULE_LOW_PROB_DELAYED_NUDGE,1
pay_syn_42_01183,payment_timed_out,card,73100,731.0,1,0.494,1,BLIND_RETRY_24H,0,RETRY_LINK_NOW,RULE_HIGH_PROB_IMMEDIATE_RETRY,1
pay_syn_42_01184,gateway_technical_error,card,34975,349.75,0,0.665,1,BLIND_RETRY_24H,0,RETRY_LINK_NOW,RULE_HIGH_PROB_IMMEDIATE_RETRY,0
pay_syn_42_01185,card_lost_or_stolen,upi,81357,813.57,0,0.0,0,BLIND_RETRY_24H,0,ESCALATE_HUMAN,RULE_HARD_DECLINE_COMPLIANCE,0
pay_syn_42_01186,payment_cancelled,card,661910,6619.1,0,0.1991,0,BLIND_RETRY_24H,0,RETRY_LINK_DELAYED,RULE_LOW_PROB_DELAYED_NUDGE,0
pay_syn_42_01187,invalid_otp,netbanking,265561,2655.61,1,0.408,0,BLIND_RETRY_24H,0,RETRY_LINK_NOW,RULE_HIGH_PROB_IMMEDIATE_RETRY,0
pay_syn_42_01188,insufficient_funds,card,38271,382.71,0,0.3367,0,BLIND_RETRY_24H,1,RETRY_LINK_DELAYED,RULE_LOW_PROB_DELAYED_NUDGE,1
pay_syn_42_01189,insufficient_funds,netbanking,280043,2800.43,0,0.2865,0,BLIND_RETRY_24H,0,RETRY_LINK_DELAYED,RULE_LOW_PROB_DELAYED_NUDGE,1
pay_syn_42_01190,authentication_failed,upi,41197,411.97,0,0.5775,1,BLIND_RETRY_24H,0,RETRY_LINK_NOW,RULE_HIGH_PROB_IMMEDIATE_RETRY,1
pay_syn_42_01191,card_lost_or_stolen,card,202647,2026.47,0,0.0,0,BLIND_RETRY_24H,0,ESCALATE_HUMAN,RULE_HARD_DECLINE_COMPLIANCE,0
pay_syn_42_01192,authentication_failed,netbanking,49658,496.58,0,0.4675,1,BLIND_RETRY_24H,0,RETRY_LINK_NOW,RULE_HIGH_PROB_IMMEDIATE_RETRY,0
pay_syn_42_01193,insufficient_funds,card,36200,362.0,0,0.3369,0,BLIND_RETRY_24H,0,RETRY_LINK_DELAYED,RULE_LOW_PROB_DELAYED_NUDGE,0
pay_syn_42_01194,invalid_otp,card,815952,8159.52,1,0.456,1,BLIND_RETRY_24H,0,RETRY_LINK_DELAYED,RULE_LOW_PROB_DELAYED_NUDGE,0
pay_syn_42_01195,authentication_failed,upi,93311,933.11,2,0.3696,1,BLIND_RETRY_24H,1,STOP,RULE_MAX_RETRIES_EXCEEDED,0
pay_syn_42_01196,bank_account_invalid,card,260062,2600.62,0,0.0,0,BLIND_RETRY_24H,0,ESCALATE_HUMAN,RULE_HARD_DECLINE_COMPLIANCE,0
pay_syn_42_01197,fraud_suspected,wallet,140110,1401.1,0,0.0,0,BLIND_RETRY_24H,0,ESCALATE_HUMAN,RULE_HARD_DECLINE_COMPLIANCE,0
pay_syn_42_01198,gateway_technical_error,upi,44479,444.79,0,0.735,0,BLIND_RETRY_24H,0,RETRY_LINK_NOW,RULE_HIGH_PROB_IMMEDIATE_RETRY,0
pay_syn_42_01199,payment_cancelled,upi,104163,1041.63,0,0.2622,0,BLIND_RETRY_24H,0,RETRY_LINK_DELAYED,RULE_LOW_PROB_DELAYED_NUDGE,1
pay_syn_42_01200,card_expired,card,44864,448.64,2,0.0,0,BLIND_RETRY_24H,0,STOP,RULE_MAX_RETRIES_EXCEEDED,0
pay_syn_42_01201,insufficient_funds,upi,1903200,19032.0,0,0.2312,1,BLIND_RETRY_24H,0,ESCALATE_HUMAN,RULE_HIGH_AMOUNT_ESCALATION,0
pay_syn_42_01202,invalid_otp,upi,317501,3175.01,0,0.63,1,BLIND_RETRY_24H,1,RETRY_LINK_NOW,RULE_HIGH_PROB_IMMEDIATE_RETRY,1
pay_syn_42_01203,risk_check_failed,card,137294,1372.94,2,0.0,0,BLIND_RETRY_24H,0,STOP,RULE_MAX_RETRIES_EXCEEDED,0
pay_syn_42_01204,authentication_failed,card,244507,2445.07,0,0.5225,1,BLIND_RETRY_24H,0,RETRY_LINK_NOW,RULE_HIGH_PROB_IMMEDIATE_RETRY,0
pay_syn_42_01205,gateway_technical_error,upi,294222,2942.22,0,0.735,1,BLIND_RETRY_24H,0,RETRY_LINK_NOW,RULE_HIGH_PROB_IMMEDIATE_RETRY,1
pay_syn_42_01206,insufficient_funds,card,295131,2951.31,0,0.3192,0,BLIND_RETRY_24H,0,RETRY_LINK_DELAYED,RULE_LOW_PROB_DELAYED_NUDGE,0
pay_syn_42_01207,payment_cancelled,card,280777,2807.77,0,0.2251,1,BLIND_RETRY_24H,0,RETRY_LINK_DELAYED,RULE_LOW_PROB_DELAYED_NUDGE,0
pay_syn_42_01208,payment_cancelled,card,256829,2568.29,0,0.2268,0,BLIND_RETRY_24H,0,RETRY_LINK_DELAYED,RULE_LOW_PROB_DELAYED_NUDGE,0
pay_syn_42_01209,gateway_technical_error,upi,149823,1498.23,0,0.735,1,BLIND_RETRY_24H,1,RETRY_LINK_NOW,RULE_HIGH_PROB_IMMEDIATE_RETRY,1
pay_syn_42_01210,payment_timed_out,card,736079,7360.79,0,0.6175,1,BLIND_RETRY_24H,0,RETRY_LINK_NOW,RULE_HIGH_PROB_IMMEDIATE_RETRY,1
pay_syn_42_01211,invalid_otp,upi,160557,1605.57,1,0.504,0,BLIND_RETRY_24H,0,RETRY_LINK_NOW,RULE_HIGH_PROB_IMMEDIATE_RETRY,1
pay_syn_42_01212,insufficient_funds,upi,141655,1416.55,1,0.2915,1,BLIND_RETRY_24H,0,RETRY_LINK_DELAYED,RULE_LOW_PROB_DELAYED_NUDGE,1
pay_syn_42_01213,gateway_technical_error,card,162080,1620.8,0,0.665,0,BLIND_RETRY_24H,1,RETRY_LINK_NOW,RULE_HIGH_PROB_IMMEDIATE_RETRY,1
pay_syn_42_01214,card_expired,card,175171,1751.71,1,0.0,0,BLIND_RETRY_24H,0,ESCALATE_HUMAN,RULE_HARD_DECLINE_COMPLIANCE,0
pay_syn_42_01215,payment_cancelled,upi,23021,230.21,0,0.2683,1,BLIND_RETRY_24H,0,RETRY_LINK_DELAYED,RULE_LOW_PROB_DELAYED_NUDGE,0
pay_syn_42_01216,payment_cancelled,card,53843,538.43,0,0.2407,1,BLIND_RETRY_24H,0,RETRY_LINK_DELAYED,RULE_LOW_PROB_DELAYED_NUDGE,0
pay_syn_42_01217,insufficient_funds,netbanking,119562,1195.62,0,0.2963,0,BLIND_RETRY_24H,1,RETRY_LINK_DELAYED,RULE_LOW_PROB_DELAYED_NUDGE,1
pay_syn_42_01218,card_blocked,wallet,21975,219.75,0,0.0,0,BLIND_RETRY_24H,0,ESCALATE_HUMAN,RULE_HARD_DECLINE_COMPLIANCE,0
pay_syn_42_01219,insufficient_funds,upi,137056,1370.56,0,0.3647,0,BLIND_RETRY_24H,0,RETRY_LINK_DELAYED,RULE_LOW_PROB_DELAYED_NUDGE,0
pay_syn_42_01220,insufficient_funds,card,172636,1726.36,1,0.262,1,BLIND_RETRY_24H,0,RETRY_LINK_DELAYED,RULE_LOW_PROB_DELAYED_NUDGE,1
pay_syn_42_01221,payment_cancelled,netbanking,33490,334.9,0,0.2166,1,BLIND_RETRY_24H,0,RETRY_LINK_DELAYED,RULE_LOW_PROB_DELAYED_NUDGE,0
pay_syn_42_01222,insufficient_funds,card,67994,679.94,0,0.3347,1,BLIND_RETRY_24H,1,RETRY_LINK_DELAYED,RULE_LOW_PROB_DELAYED_NUDGE,0
pay_syn_42_01223,insufficient_funds,card,548520,5485.2,2,0.1932,0,BLIND_RETRY_24H,0,STOP,RULE_MAX_RETRIES_EXCEEDED,0
pay_syn_42_01224,invalid_otp,upi,247367,2473.67,0,0.63,1,BLIND_RETRY_24H,0,RETRY_LINK_NOW,RULE_HIGH_PROB_IMMEDIATE_RETRY,1
pay_syn_42_01225,payment_timed_out,upi,231704,2317.04,0,0.6825,1,BLIND_RETRY_24H,0,RETRY_LINK_NOW,RULE_HIGH_PROB_IMMEDIATE_RETRY,1
pay_syn_42_01226,invalid_otp,upi,469458,4694.58,0,0.63,0,BLIND_RETRY_24H,0,RETRY_LINK_NOW,RULE_HIGH_PROB_IMMEDIATE_RETRY,1
pay_syn_42_01227,gateway_technical_error,upi,54898,548.98,0,0.735,0,BLIND_RETRY_24H,0,RETRY_LINK_NOW,RULE_HIGH_PROB_IMMEDIATE_RETRY,1
pay_syn_42_01228,invalid_otp,card,33585,335.85,0,0.57,1,BLIND_RETRY_24H,1,RETRY_LINK_NOW,RULE_HIGH_PROB_IMMEDIATE_RETRY,0
pay_syn_42_01229,payment_timed_out,upi,396820,3968.2,0,0.6825,0,BLIND_RETRY_24H,0,RETRY_LINK_NOW,RULE_HIGH_PROB_IMMEDIATE_RETRY,0
pay_syn_42_01230,card_lost_or_stolen,card,123207,1232.07,0,0.0,0,BLIND_RETRY_24H,0,ESCALATE_HUMAN,RULE_HARD_DECLINE_COMPLIANCE,0
pay_syn_42_01231,authentication_failed,upi,53451,534.51,0,0.5775,1,BLIND_RETRY_24H,0,RETRY_LINK_NOW,RULE_HIGH_PROB_IMMEDIATE_RETRY,0
pay_syn_42_01232,payment_cancelled,upi,1333960,13339.6,0,0.1692,0,BLIND_RETRY_24H,0,ESCALATE_HUMAN,RULE_HIGH_AMOUNT_ESCALATION,0
pay_syn_42_01233,payment_timed_out,upi,22851,228.51,0,0.6825,1,BLIND_RETRY_24H,1,RETRY_LINK_NOW,RULE_HIGH_PROB_IMMEDIATE_RETRY,1
pay_syn_42_01234,invalid_otp,upi,164125,1641.25,0,0.63,0,BLIND_RETRY_24H,1,RETRY_LINK_NOW,RULE_HIGH_PROB_IMMEDIATE_RETRY,1
pay_syn_42_01235,payment_timed_out,upi,108676,1086.76,0,0.6825,0,BLIND_RETRY_24H,0,RETRY_LINK_NOW,RULE_HIGH_PROB_IMMEDIATE_RETRY,1
pay_syn_42_01236,invalid_otp,upi,90398,903.98,1,0.504,1,BLIND_RETRY_24H,0,RETRY_LINK_NOW,RULE_HIGH_PROB_IMMEDIATE_RETRY,0
pay_syn_42_01237,authentication_failed,wallet,11756,117.56,1,0.4488,1,BLIND_RETRY_24H,0,RETRY_LINK_NOW,RULE_HIGH_PROB_IMMEDIATE_RETRY,0
pay_syn_42_01238,risk_check_failed,upi,723566,7235.66,0,0.0,0,BLIND_RETRY_24H,0,ESCALATE_HUMAN,RULE_HARD_DECLINE_COMPLIANCE,0
pay_syn_42_01239,authentication_failed,netbanking,27968,279.68,0,0.4675,1,BLIND_RETRY_24H,0,RETRY_LINK_NOW,RULE_HIGH_PROB_IMMEDIATE_RETRY,0
pay_syn_42_01240,insufficient_funds,netbanking,99893,998.93,0,0.2975,0,BLIND_RETRY_24H,1,RETRY_LINK_DELAYED,RULE_LOW_PROB_DELAYED_NUDGE,0
pay_syn_42_01241,invalid_otp,netbanking,83533,835.33,2,0.3264,0,BLIND_RETRY_24H,0,STOP,RULE_MAX_RETRIES_EXCEEDED,0
pay_syn_42_01242,invalid_otp,upi,255909,2559.09,0,0.63,1,BLIND_RETRY_24H,0,RETRY_LINK_NOW,RULE_HIGH_PROB_IMMEDIATE_RETRY,1
pay_syn_42_01243,bank_account_invalid,card,23092,230.92,0,0.0,0,BLIND_RETRY_24H,0,ESCALATE_HUMAN,RULE_HARD_DECLINE_COMPLIANCE,0
pay_syn_42_01244,payment_cancelled,upi,222695,2226.95,0,0.2532,0,BLIND_RETRY_24H,0,RETRY_LINK_DELAYED,RULE_LOW_PROB_DELAYED_NUDGE,0
pay_syn_42_01245,card_expired,upi,165024,1650.24,0,0.0,0,BLIND_RETRY_24H,0,ESCALATE_HUMAN,RULE_HARD_DECLINE_COMPLIANCE,0
pay_syn_42_01246,stolen_card,upi,64666,646.66,2,0.0,0,BLIND_RETRY_24H,0,STOP,RULE_MAX_RETRIES_EXCEEDED,0
pay_syn_42_01247,authentication_failed,upi,213982,2139.82,0,0.5775,0,BLIND_RETRY_24H,1,RETRY_LINK_NOW,RULE_HIGH_PROB_IMMEDIATE_RETRY,1
pay_syn_42_01248,insufficient_funds,card,136794,1367.94,1,0.264,1,BLIND_RETRY_24H,1,RETRY_LINK_DELAYED,RULE_LOW_PROB_DELAYED_NUDGE,0
pay_syn_42_01249,invalid_otp,upi,974766,9747.66,0,0.63,1,BLIND_RETRY_24H,0,RETRY_LINK_NOW,RULE_HIGH_PROB_IMMEDIATE_RETRY,0
pay_syn_42_01250,insufficient_funds,wallet,108573,1085.73,1,0.2851,0,BLIND_RETRY_24H,0,RETRY_LINK_DELAYED,RULE_LOW_PROB_DELAYED_NUDGE,1
pay_syn_42_01251,insufficient_funds,netbanking,46774,467.74,1,0.2406,0,BLIND_RETRY_24H,0,RETRY_LINK_DELAYED,RULE_LOW_PROB_DELAYED_NUDGE,0
pay_syn_42_01252,payment_timed_out,upi,225216,2252.16,0,0.6825,0,BLIND_RETRY_24H,0,RETRY_LINK_NOW,RULE_HIGH_PROB_IMMEDIATE_RETRY,1
pay_syn_42_01253,gateway_technical_error,upi,94922,949.22,1,0.588,1,BLIND_RETRY_24H,1,RETRY_LINK_NOW,RULE_HIGH_PROB_IMMEDIATE_RETRY,1
pay_syn_42_01254,insufficient_funds,upi,133839,1338.39,0,0.3649,1,BLIND_RETRY_24H,1,RETRY_LINK_DELAYED,RULE_LOW_PROB_DELAYED_NUDGE,1
pay_syn_42_01255,payment_timed_out,upi,33851,338.51,0,0.6825,1,BLIND_RETRY_24H,0,RETRY_LINK_NOW,RULE_HIGH_PROB_IMMEDIATE_RETRY,1
pay_syn_42_01256,invalid_otp,upi,260442,2604.42,0,0.63,0,BLIND_RETRY_24H,0,RETRY_LINK_NOW,RULE_HIGH_PROB_IMMEDIATE_RETRY,1
pay_syn_42_01257,authentication_failed,card,79867,798.67,0,0.5225,1,BLIND_RETRY_24H,1,RETRY_LINK_NOW,RULE_HIGH_PROB_IMMEDIATE_RETRY,0
pay_syn_42_01258,payment_cancelled,upi,179447,1794.47,0,0.2565,1,BLIND_RETRY_24H,0,RETRY_LINK_DELAYED,RULE_LOW_PROB_DELAYED_NUDGE,0
pay_syn_42_01259,gateway_technical_error,netbanking,1348987,13489.87,0,0.595,1,BLIND_RETRY_24H,1,ESCALATE_HUMAN,RULE_HIGH_AMOUNT_ESCALATION,0
pay_syn_42_01260,payment_cancelled,upi,102073,1020.73,0,0.2623,0,BLIND_RETRY_24H,0,RETRY_LINK_DELAYED,RULE_LOW_PROB_DELAYED_NUDGE,1
pay_syn_42_01261,payment_cancelled,upi,303696,3036.96,0,0.2471,0,BLIND_RETRY_24H,0,RETRY_LINK_DELAYED,RULE_LOW_PROB_DELAYED_NUDGE,1
pay_syn_42_01262,insufficient_funds,upi,109735,1097.35,0,0.3668,1,BLIND_RETRY_24H,0,RETRY_LINK_DELAYED,RULE_LOW_PROB_DELAYED_NUDGE,0
pay_syn_42_01263,gateway_technical_error,upi,65569,655.69,1,0.588,1,BLIND_RETRY_24H,0,RETRY_LINK_NOW,RULE_HIGH_PROB_IMMEDIATE_RETRY,1
pay_syn_42_01264,insufficient_funds,wallet,572979,5729.79,0,0.3223,0,BLIND_RETRY_24H,0,RETRY_LINK_DELAYED,RULE_LOW_PROB_DELAYED_NUDGE,0
pay_syn_42_01265,insufficient_funds,netbanking,17188,171.88,1,0.2421,0,BLIND_RETRY_24H,1,RETRY_LINK_DELAYED,RULE_LOW_PROB_DELAYED_NUDGE,0
pay_syn_42_01266,payment_cancelled,upi,405727,4057.27,2,0.1532,0,BLIND_RETRY_24H,0,STOP,RULE_MAX_RETRIES_EXCEEDED,0
pay_syn_42_01267,insufficient_funds,upi,15337,153.37,0,0.3739,0,BLIND_RETRY_24H,0,RETRY_LINK_DELAYED,RULE_LOW_PROB_DELAYED_NUDGE,0
pay_syn_42_01268,gateway_technical_error,upi,357549,3575.49,0,0.735,1,BLIND_RETRY_24H,0,RETRY_LINK_NOW,RULE_HIGH_PROB_IMMEDIATE_RETRY,1
pay_syn_42_01269,stolen_card,upi,136063,1360.63,1,0.0,0,BLIND_RETRY_24H,0,ESCALATE_HUMAN,RULE_HARD_DECLINE_COMPLIANCE,0
pay_syn_42_01270,card_expired,upi,46903,469.03,0,0.0,0,BLIND_RETRY_24H,0,ESCALATE_HUMAN,RULE_HARD_DECLINE_COMPLIANCE,0
pay_syn_42_01271,insufficient_funds,upi,85599,855.99,0,0.3686,0,BLIND_RETRY_24H,0,RETRY_LINK_DELAYED,RULE_LOW_PROB_DELAYED_NUDGE,1
pay_syn_42_01272,payment_timed_out,card,284965,2849.65,0,0.6175,1,BLIND_RETRY_24H,0,RETRY_LINK_NOW,RULE_HIGH_PROB_IMMEDIATE_RETRY,0
pay_syn_42_01273,payment_timed_out,card,1177913,11779.13,1,0.494,0,BLIND_RETRY_24H,0,ESCALATE_HUMAN,RULE_HIGH_AMOUNT_ESCALATION,1
pay_syn_42_01274,card_expired,netbanking,23969,239.69,2,0.0,0,BLIND_RETRY_24H,0,STOP,RULE_MAX_RETRIES_EXCEEDED,0
pay_syn_42_01275,authentication_failed,upi,49837,498.37,0,0.5775,0,BLIND_RETRY_24H,0,RETRY_LINK_NOW,RULE_HIGH_PROB_IMMEDIATE_RETRY,0
pay_syn_42_01276,gateway_technical_error,upi,31003,310.03,1,0.588,0,BLIND_RETRY_24H,1,RETRY_LINK_NOW,RULE_HIGH_PROB_IMMEDIATE_RETRY,0
pay_syn_42_01277,authentication_failed,upi,108786,1087.86,0,0.5775,0,BLIND_RETRY_24H,1,RETRY_LINK_NOW,RULE_HIGH_PROB_IMMEDIATE_RETRY,1
pay_syn_42_01278,insufficient_funds,upi,369160,3691.6,0,0.3472,0,BLIND_RETRY_24H,0,RETRY_LINK_DELAYED,RULE_LOW_PROB_DELAYED_NUDGE,0
pay_syn_42_01279,card_expired,upi,27143,271.43,0,0.0,0,BLIND_RETRY_24H,0,ESCALATE_HUMAN,RULE_HARD_DECLINE_COMPLIANCE,0
pay_syn_42_01280,insufficient_funds,upi,132174,1321.74,0,0.3651,1,BLIND_RETRY_24H,0,RETRY_LINK_NOW,RULE_HIGH_PROB_IMMEDIATE_RETRY,1
pay_syn_42_01281,insufficient_funds,upi,355310,3553.1,0,0.3482,1,BLIND_RETRY_24H,0,RETRY_LINK_DELAYED,RULE_LOW_PROB_DELAYED_NUDGE,0
pay_syn_42_01282,invalid_otp,upi,84316,843.16,0,0.63,1,BLIND_RETRY_24H,0,RETRY_LINK_NOW,RULE_HIGH_PROB_IMMEDIATE_RETRY,1
pay_syn_42_01283,payment_timed_out,card,7635,76.35,0,0.6175,0,BLIND_RETRY_24H,0,RETRY_LINK_NOW,RULE_HIGH_PROB_IMMEDIATE_RETRY,0
pay_syn_42_01284,payment_cancelled,upi,166710,1667.1,1,0.206,0,BLIND_RETRY_24H,1,RETRY_LINK_DELAYED,RULE_LOW_PROB_DELAYED_NUDGE,0
pay_syn_42_01285,card_expired,upi,521534,5215.34,0,0.0,0,BLIND_RETRY_24H,0,ESCALATE_HUMAN,RULE_HARD_DECLINE_COMPLIANCE,0
pay_syn_42_01286,invalid_otp,upi,41234,412.34,0,0.63,0,BLIND_RETRY_24H,0,RETRY_LINK_NOW,RULE_HIGH_PROB_IMMEDIATE_RETRY,1
pay_syn_42_01287,insufficient_funds,card,18934,189.34,1,0.2704,0,BLIND_RETRY_24H,1,RETRY_LINK_DELAYED,RULE_LOW_PROB_DELAYED_NUDGE,0
pay_syn_42_01288,payment_timed_out,upi,190382,1903.82,0,0.6825,1,BLIND_RETRY_24H,0,RETRY_LINK_NOW,RULE_HIGH_PROB_IMMEDIATE_RETRY,1
pay_syn_42_01289,card_expired,upi,196342,1963.42,0,0.0,0,BLIND_RETRY_24H,0,ESCALATE_HUMAN,RULE_HARD_DECLINE_COMPLIANCE,0
pay_syn_42_01290,gateway_technical_error,upi,78372,783.72,0,0.735,1,BLIND_RETRY_24H,1,RETRY_LINK_NOW,RULE_HIGH_PROB_IMMEDIATE_RETRY,1
pay_syn_42_01291,insufficient_funds,upi,63697,636.97,0,0.3702,0,BLIND_RETRY_24H,0,RETRY_LINK_DELAYED,RULE_LOW_PROB_DELAYED_NUDGE,1
pay_syn_42_01292,card_expired,upi,139071,1390.71,0,0.0,0,BLIND_RETRY_24H,0,ESCALATE_HUMAN,RULE_HARD_DECLINE_COMPLIANCE,0
pay_syn_42_01293,risk_check_failed,upi,40506,405.06,1,0.0,0,BLIND_RETRY_24H,0,ESCALATE_HUMAN,RULE_HARD_DECLINE_COMPLIANCE,0
pay_syn_42_01294,invalid_otp,upi,40569,405.69,1,0.504,1,BLIND_RETRY_24H,0,RETRY_LINK_DELAYED,RULE_LOW_PROB_DELAYED_NUDGE,1
pay_syn_42_01295,payment_cancelled,upi,282796,2827.96,0,0.2487,0,BLIND_RETRY_24H,0,RETRY_LINK_DELAYED,RULE_LOW_PROB_DELAYED_NUDGE,0
pay_syn_42_01296,authentication_failed,upi,37854,378.54,0,0.5775,0,BLIND_RETRY_24H,1,RETRY_LINK_NOW,RULE_HIGH_PROB_IMMEDIATE_RETRY,0
pay_syn_42_01297,insufficient_funds,card,20066,200.66,1,0.2704,0,BLIND_RETRY_24H,0,RETRY_LINK_DELAYED,RULE_LOW_PROB_DELAYED_NUDGE,0
pay_syn_42_01298,insufficient_funds,upi,63567,635.67,0,0.3703,0,BLIND_RETRY_24H,1,RETRY_LINK_DELAYED,RULE_LOW_PROB_DELAYED_NUDGE,1
pay_syn_42_01299,authentication_failed,upi,80364,803.64,2,0.3696,0,BLIND_RETRY_24H,0,STOP,RULE_MAX_RETRIES_EXCEEDED,0
pay_syn_42_01300,insufficient_funds,wallet,222668,2226.68,1,0.2784,0,BLIND_RETRY_24H,0,RETRY_LINK_DELAYED,RULE_LOW_PROB_DELAYED_NUDGE,0
pay_syn_42_01301,authentication_failed,upi,69419,694.19,0,0.5775,0,BLIND_RETRY_24H,1,RETRY_LINK_NOW,RULE_HIGH_PROB_IMMEDIATE_RETRY,0
pay_syn_42_01302,authentication_failed,upi,640354,6403.54,0,0.5775,0,BLIND_RETRY_24H,0,RETRY_LINK_NOW,RULE_HIGH_PROB_IMMEDIATE_RETRY,1
pay_syn_42_01303,gateway_technical_error,upi,147122,1471.22,1,0.588,0,BLIND_RETRY_24H,1,RETRY_LINK_NOW,RULE_HIGH_PROB_IMMEDIATE_RETRY,1
pay_syn_42_01304,invalid_otp,upi,55054,550.54,0,0.63,1,BLIND_RETRY_24H,0,RETRY_LINK_NOW,RULE_HIGH_PROB_IMMEDIATE_RETRY,0
pay_syn_42_01305,gateway_technical_error,wallet,212226,2122.26,0,0.714,0,BLIND_RETRY_24H,0,RETRY_LINK_NOW,RULE_HIGH_PROB_IMMEDIATE_RETRY,1
pay_syn_42_01306,insufficient_funds,upi,625889,6258.89,1,0.2622,1,BLIND_RETRY_24H,0,RETRY_LINK_DELAYED,RULE_LOW_PROB_DELAYED_NUDGE,0
pay_syn_42_01307,payment_cancelled,upi,273940,2739.4,0,0.2494,0,BLIND_RETRY_24H,0,RETRY_LINK_DELAYED,RULE_LOW_PROB_DELAYED_NUDGE,0
pay_syn_42_01308,payment_timed_out,card,25637,256.37,0,0.6175,0,BLIND_RETRY_24H,0,RETRY_LINK_NOW,RULE_HIGH_PROB_IMMEDIATE_RETRY,1
pay_syn_42_01309,insufficient_funds,card,87799,877.99,0,0.3333,0,BLIND_RETRY_24H,0,RETRY_LINK_DELAYED,RULE_LOW_PROB_DELAYED_NUDGE,0
pay_syn_42_01310,invalid_otp,netbanking,176379,1763.79,0,0.51,1,BLIND_RETRY_24H,0,RETRY_LINK_NOW,RULE_HIGH_PROB_IMMEDIATE_RETRY,0
pay_syn_42_01311,invalid_otp,card,261076,2610.76,0,0.57,0,BLIND_RETRY_24H,1,RETRY_LINK_NOW,RULE_HIGH_PROB_IMMEDIATE_RETRY,1
pay_syn_42_01312,authentication_failed,card,109497,1094.97,0,0.5225,0,BLIND_RETRY_24H,0,RETRY_LINK_NOW,RULE_HIGH_PROB_IMMEDIATE_RETRY,0
pay_syn_42_01313,gateway_technical_error,upi,94130,941.3,0,0.735,0,BLIND_RETRY_24H,0,RETRY_LINK_NOW,RULE_HIGH_PROB_IMMEDIATE_RETRY,1
pay_syn_42_01314,insufficient_funds,upi,965019,9650.19,0,0.3021,0,BLIND_RETRY_24H,0,RETRY_LINK_DELAYED,RULE_LOW_PROB_DELAYED_NUDGE,1
pay_syn_42_01315,invalid_otp,card,278643,2786.43,0,0.57,1,BLIND_RETRY_24H,0,RETRY_LINK_NOW,RULE_HIGH_PROB_IMMEDIATE_RETRY,1
pay_syn_42_01316,payment_timed_out,card,212972,2129.72,1,0.494,0,BLIND_RETRY_24H,0,RETRY_LINK_NOW,RULE_HIGH_PROB_IMMEDIATE_RETRY,0
pay_syn_42_01317,authentication_failed,upi,72478,724.78,0,0.5775,1,BLIND_RETRY_24H,0,RETRY_LINK_NOW,RULE_HIGH_PROB_IMMEDIATE_RETRY,0
pay_syn_42_01318,payment_timed_out,card,39935,399.35,0,0.6175,0,BLIND_RETRY_24H,0,RETRY_LINK_NOW,RULE_HIGH_PROB_IMMEDIATE_RETRY,1
pay_syn_42_01319,gateway_technical_error,upi,217210,2172.1,0,0.735,1,BLIND_RETRY_24H,1,RETRY_LINK_NOW,RULE_HIGH_PROB_IMMEDIATE_RETRY,1
pay_syn_42_01320,insufficient_funds,upi,315527,3155.27,0,0.3512,0,BLIND_RETRY_24H,1,RETRY_LINK_DELAYED,RULE_LOW_PROB_DELAYED_NUDGE,1
pay_syn_42_01321,gateway_technical_error,upi,133121,1331.21,0,0.735,1,BLIND_RETRY_24H,1,RETRY_LINK_NOW,RULE_HIGH_PROB_IMMEDIATE_RETRY,1
pay_syn_42_01322,card_blocked,upi,279508,2795.08,0,0.0,0,BLIND_RETRY_24H,0,ESCALATE_HUMAN,RULE_HARD_DECLINE_COMPLIANCE,0
pay_syn_42_01323,gateway_technical_error,card,287869,2878.69,0,0.665,1,BLIND_RETRY_24H,0,RETRY_LINK_NOW,RULE_HIGH_PROB_IMMEDIATE_RETRY,1
pay_syn_42_01324,invalid_otp,upi,340845,3408.45,0,0.63,1,BLIND_RETRY_24H,1,RETRY_LINK_NOW,RULE_HIGH_PROB_IMMEDIATE_RETRY,1
pay_syn_42_01325,risk_check_failed,card,25223,252.23,0,0.0,0,BLIND_RETRY_24H,0,ESCALATE_HUMAN,RULE_HARD_DECLINE_COMPLIANCE,0
pay_syn_42_01326,payment_cancelled,card,90440,904.4,1,0.1905,0,BLIND_RETRY_24H,0,RETRY_LINK_DELAYED,RULE_LOW_PROB_DELAYED_NUDGE,0
pay_syn_42_01327,payment_cancelled,upi,232327,2323.27,0,0.2525,1,BLIND_RETRY_24H,0,RETRY_LINK_DELAYED,RULE_LOW_PROB_DELAYED_NUDGE,0
pay_syn_42_01328,payment_timed_out,card,141481,1414.81,0,0.6175,1,BLIND_RETRY_24H,0,RETRY_LINK_NOW,RULE_HIGH_PROB_IMMEDIATE_RETRY,1
pay_syn_42_01329,authentication_failed,upi,288913,2889.13,0,0.5775,1,BLIND_RETRY_24H,0,RETRY_LINK_NOW,RULE_HIGH_PROB_IMMEDIATE_RETRY,1
pay_syn_42_01330,invalid_otp,upi,212828,2128.28,0,0.63,0,BLIND_RETRY_24H,0,RETRY_LINK_NOW,RULE_HIGH_PROB_IMMEDIATE_RETRY,1
pay_syn_42_01331,card_expired,upi,12538,125.38,0,0.0,0,BLIND_RETRY_24H,0,ESCALATE_HUMAN,RULE_HARD_DECLINE_COMPLIANCE,0
pay_syn_42_01332,payment_timed_out,upi,447771,4477.71,0,0.6825,0,BLIND_RETRY_24H,0,RETRY_LINK_NOW,RULE_HIGH_PROB_IMMEDIATE_RETRY,0
pay_syn_42_01333,insufficient_funds,upi,79098,790.98,1,0.2953,1,BLIND_RETRY_24H,0,RETRY_LINK_DELAYED,RULE_LOW_PROB_DELAYED_NUDGE,0
pay_syn_42_01334,authentication_failed,upi,51850,518.5,0,0.5775,0,BLIND_RETRY_24H,0,RETRY_LINK_NOW,RULE_HIGH_PROB_IMMEDIATE_RETRY,1
pay_syn_42_01335,gateway_technical_error,card,429811,4298.11,1,0.532,1,BLIND_RETRY_24H,0,RETRY_LINK_NOW,RULE_HIGH_PROB_IMMEDIATE_RETRY,1
pay_syn_42_01336,card_expired,card,264046,2640.46,0,0.0,0,BLIND_RETRY_24H,0,ESCALATE_HUMAN,RULE_HARD_DECLINE_COMPLIANCE,0
pay_syn_42_01337,authentication_failed,upi,508036,5080.36,0,0.5775,0,BLIND_RETRY_24H,1,RETRY_LINK_NOW,RULE_HIGH_PROB_IMMEDIATE_RETRY,1
pay_syn_42_01338,authentication_failed,upi,178536,1785.36,1,0.462,1,BLIND_RETRY_24H,0,RETRY_LINK_NOW,RULE_HIGH_PROB_IMMEDIATE_RETRY,1
pay_syn_42_01339,payment_cancelled,upi,89229,892.29,0,0.2633,0,BLIND_RETRY_24H,1,RETRY_LINK_DELAYED,RULE_LOW_PROB_DELAYED_NUDGE,0
pay_syn_42_01340,payment_cancelled,card,156827,1568.27,0,0.2336,0,BLIND_RETRY_24H,1,RETRY_LINK_DELAYED,RULE_LOW_PROB_DELAYED_NUDGE,0
pay_syn_42_01341,gateway_technical_error,upi,43168,431.68,0,0.735,1,BLIND_RETRY_24H,1,RETRY_LINK_NOW,RULE_HIGH_PROB_IMMEDIATE_RETRY,1
pay_syn_42_01342,payment_timed_out,card,30249,302.49,0,0.6175,1,BLIND_RETRY_24H,0,RETRY_LINK_NOW,RULE_HIGH_PROB_IMMEDIATE_RETRY,0
pay_syn_42_01343,card_expired,upi,67036,670.36,0,0.0,0,BLIND_RETRY_24H,0,ESCALATE_HUMAN,RULE_HARD_DECLINE_COMPLIANCE,0
pay_syn_42_01344,insufficient_funds,card,723800,7238.0,0,0.2898,0,BLIND_RETRY_24H,0,RETRY_LINK_DELAYED,RULE_LOW_PROB_DELAYED_NUDGE,0
pay_syn_42_01345,gateway_technical_error,upi,74294,742.94,0,0.735,1,BLIND_RETRY_24H,0,RETRY_LINK_NOW,RULE_HIGH_PROB_IMMEDIATE_RETRY,1
pay_syn_42_01346,insufficient_funds,upi,20477,204.77,0,0.3735,1,BLIND_RETRY_24H,0,RETRY_LINK_NOW,RULE_HIGH_PROB_IMMEDIATE_RETRY,1
pay_syn_42_01347,payment_timed_out,card,112835,1128.35,0,0.6175,0,BLIND_RETRY_24H,0,RETRY_LINK_NOW,RULE_HIGH_PROB_IMMEDIATE_RETRY,1
pay_syn_42_01348,card_expired,upi,73281,732.81,0,0.0,0,BLIND_RETRY_24H,0,ESCALATE_HUMAN,RULE_HARD_DECLINE_COMPLIANCE,0
pay_syn_42_01349,payment_timed_out,card,457855,4578.55,1,0.494,1,BLIND_RETRY_24H,0,RETRY_LINK_NOW,RULE_HIGH_PROB_IMMEDIATE_RETRY,0
pay_syn_42_01350,invalid_otp,card,659027,6590.27,0,0.57,1,BLIND_RETRY_24H,1,RETRY_LINK_NOW,RULE_HIGH_PROB_IMMEDIATE_RETRY,0
pay_syn_42_01351,invalid_otp,upi,84996,849.96,0,0.63,1,BLIND_RETRY_24H,0,RETRY_LINK_NOW,RULE_HIGH_PROB_IMMEDIATE_RETRY,1
pay_syn_42_01352,invalid_otp,upi,178346,1783.46,0,0.63,1,BLIND_RETRY_24H,0,RETRY_LINK_NOW,RULE_HIGH_PROB_IMMEDIATE_RETRY,1
pay_syn_42_01353,payment_cancelled,card,195504,1955.04,0,0.231,1,BLIND_RETRY_24H,0,RETRY_LINK_DELAYED,RULE_LOW_PROB_DELAYED_NUDGE,1
pay_syn_42_01354,payment_cancelled,upi,126963,1269.63,0,0.2605,0,BLIND_RETRY_24H,0,RETRY_LINK_DELAYED,RULE_LOW_PROB_DELAYED_NUDGE,0
pay_syn_42_01355,payment_timed_out,upi,103957,1039.57,0,0.6825,0,BLIND_RETRY_24H,0,RETRY_LINK_NOW,RULE_HIGH_PROB_IMMEDIATE_RETRY,0
pay_syn_42_01356,invalid_otp,upi,48461,484.61,0,0.63,0,BLIND_RETRY_24H,0,RETRY_LINK_NOW,RULE_HIGH_PROB_IMMEDIATE_RETRY,0
pay_syn_42_01357,insufficient_funds,upi,17577,175.77,2,0.2392,0,BLIND_RETRY_24H,0,STOP,RULE_MAX_RETRIES_EXCEEDED,0
pay_syn_42_01358,gateway_technical_error,upi,48180,481.8,0,0.735,1,BLIND_RETRY_24H,0,RETRY_LINK_NOW,RULE_HIGH_PROB_IMMEDIATE_RETRY,1
pay_syn_42_01359,bank_account_invalid,upi,122197,1221.97,0,0.0,0,BLIND_RETRY_24H,0,ESCALATE_HUMAN,RULE_HARD_DECLINE_COMPLIANCE,0
pay_syn_42_01360,payment_timed_out,upi,27189,271.89,0,0.6825,1,BLIND_RETRY_24H,0,RETRY_LINK_NOW,RULE_HIGH_PROB_IMMEDIATE_RETRY,1
pay_syn_42_01361,invalid_otp,wallet,168243,1682.43,0,0.612,1,BLIND_RETRY_24H,0,RETRY_LINK_NOW,RULE_HIGH_PROB_IMMEDIATE_RETRY,1
pay_syn_42_01362,authentication_failed,card,144560,1445.6,0,0.5225,1,BLIND_RETRY_24H,1,RETRY_LINK_NOW,RULE_HIGH_PROB_IMMEDIATE_RETRY,1
pay_syn_42_01363,stolen_card,card,73410,734.1,0,0.0,0,BLIND_RETRY_24H,0,ESCALATE_HUMAN,RULE_HARD_DECLINE_COMPLIANCE,0
pay_syn_42_01364,invalid_otp,upi,99345,993.45,0,0.63,1,BLIND_RETRY_24H,0,RETRY_LINK_NOW,RULE_HIGH_PROB_IMMEDIATE_RETRY,1
pay_syn_42_01365,payment_cancelled,upi,32069,320.69,0,0.2676,1,BLIND_RETRY_24H,0,RETRY_LINK_DELAYED,RULE_LOW_PROB_DELAYED_NUDGE,0
pay_syn_42_01366,insufficient_funds,upi,333659,3336.59,0,0.3498,0,BLIND_RETRY_24H,1,RETRY_LINK_DELAYED,RULE_LOW_PROB_DELAYED_NUDGE,0
pay_syn_42_01367,payment_timed_out,upi,326997,3269.97,0,0.6825,0,BLIND_RETRY_24H,0,RETRY_LINK_NOW,RULE_HIGH_PROB_IMMEDIATE_RETRY,1
pay_syn_42_01368,gateway_technical_error,upi,37876,378.76,2,0.4704,0,BLIND_RETRY_24H,0,STOP,RULE_MAX_RETRIES_EXCEEDED,0
pay_syn_42_01369,payment_cancelled,upi,38963,389.63,0,0.2671,0,BLIND_RETRY_24H,0,RETRY_LINK_DELAYED,RULE_LOW_PROB_DELAYED_NUDGE,0
pay_syn_42_01370,insufficient_funds,upi,48821,488.21,1,0.2971,0,BLIND_RETRY_24H,0,RETRY_LINK_DELAYED,RULE_LOW_PROB_DELAYED_NUDGE,0
pay_syn_42_01371,gateway_technical_error,upi,245682,2456.82,0,0.735,1,BLIND_RETRY_24H,0,RETRY_LINK_NOW,RULE_HIGH_PROB_IMMEDIATE_RETRY,1
pay_syn_42_01372,payment_cancelled,netbanking,194817,1948.17,0,0.2067,0,BLIND_RETRY_24H,0,RETRY_LINK_DELAYED,RULE_LOW_PROB_DELAYED_NUDGE,0
pay_syn_42_01373,fraud_suspected,upi,423886,4238.86,0,0.0,0,BLIND_RETRY_24H,0,ESCALATE_HUMAN,RULE_HARD_DECLINE_COMPLIANCE,0
pay_syn_42_01374,payment_timed_out,netbanking,484910,4849.1,0,0.5525,1,BLIND_RETRY_24H,0,RETRY_LINK_NOW,RULE_HIGH_PROB_IMMEDIATE_RETRY,0
pay_syn_42_01375,payment_timed_out,upi,24858,248.58,0,0.6825,1,BLIND_RETRY_24H,1,RETRY_LINK_NOW,RULE_HIGH_PROB_IMMEDIATE_RETRY,1
pay_syn_42_01376,gateway_technical_error,upi,235826,2358.26,2,0.4704,0,BLIND_RETRY_24H,0,STOP,RULE_MAX_RETRIES_EXCEEDED,0
pay_syn_42_01377,payment_cancelled,netbanking,461372,4613.72,1,0.1523,0,BLIND_RETRY_24H,0,RETRY_LINK_DELAYED,RULE_LOW_PROB_DELAYED_NUDGE,0
pay_syn_42_01378,payment_cancelled,upi,92752,927.52,0,0.263,0,BLIND_RETRY_24H,0,RETRY_LINK_DELAYED,RULE_LOW_PROB_DELAYED_NUDGE,0
pay_syn_42_01379,fraud_suspected,upi,130518,1305.18,1,0.0,0,BLIND_RETRY_24H,0,ESCALATE_HUMAN,RULE_HARD_DECLINE_COMPLIANCE,0
pay_syn_42_01380,payment_cancelled,wallet,110567,1105.67,0,0.2542,0,BLIND_RETRY_24H,0,RETRY_LINK_DELAYED,RULE_LOW_PROB_DELAYED_NUDGE,0
pay_syn_42_01381,authentication_failed,upi,115908,1159.08,0,0.5775,1,BLIND_RETRY_24H,1,RETRY_LINK_NOW,RULE_HIGH_PROB_IMMEDIATE_RETRY,0
pay_syn_42_01382,gateway_technical_error,upi,332310,3323.1,0,0.735,1,BLIND_RETRY_24H,0,RETRY_LINK_NOW,RULE_HIGH_PROB_IMMEDIATE_RETRY,1
pay_syn_42_01383,risk_check_failed,card,917780,9177.8,0,0.0,0,BLIND_RETRY_24H,0,ESCALATE_HUMAN,RULE_HARD_DECLINE_COMPLIANCE,0
pay_syn_42_01384,invalid_otp,netbanking,612173,6121.73,0,0.51,1,BLIND_RETRY_24H,1,RETRY_LINK_NOW,RULE_HIGH_PROB_IMMEDIATE_RETRY,1
pay_syn_42_01385,gateway_technical_error,card,77026,770.26,0,0.665,1,BLIND_RETRY_24H,0,RETRY_LINK_NOW,RULE_HIGH_PROB_IMMEDIATE_RETRY,1
pay_syn_42_01386,gateway_technical_error,card,178976,1789.76,1,0.532,0,BLIND_RETRY_24H,0,RETRY_LINK_NOW,RULE_HIGH_PROB_IMMEDIATE_RETRY,0
pay_syn_42_01387,gateway_technical_error,netbanking,56558,565.58,0,0.595,1,BLIND_RETRY_24H,0,RETRY_LINK_NOW,RULE_HIGH_PROB_IMMEDIATE_RETRY,1
pay_syn_42_01388,invalid_otp,netbanking,62666,626.66,0,0.51,1,BLIND_RETRY_24H,1,RETRY_LINK_NOW,RULE_HIGH_PROB_IMMEDIATE_RETRY,0
pay_syn_42_01389,stolen_card,card,124402,1244.02,1,0.0,0,BLIND_RETRY_24H,0,ESCALATE_HUMAN,RULE_HARD_DECLINE_COMPLIANCE,0
pay_syn_42_01390,authentication_failed,upi,60952,609.52,1,0.462,0,BLIND_RETRY_24H,0,RETRY_LINK_NOW,RULE_HIGH_PROB_IMMEDIATE_RETRY,0
pay_syn_42_01391,card_expired,upi,70764,707.64,0,0.0,0,BLIND_RETRY_24H,0,ESCALATE_HUMAN,RULE_HARD_DECLINE_COMPLIANCE,0
pay_syn_42_01392,payment_timed_out,card,174297,1742.97,0,0.6175,0,BLIND_RETRY_24H,1,RETRY_LINK_NOW,RULE_HIGH_PROB_IMMEDIATE_RETRY,1
pay_syn_42_01393,gateway_technical_error,netbanking,232077,2320.77,0,0.595,0,BLIND_RETRY_24H,1,RETRY_LINK_NOW,RULE_HIGH_PROB_IMMEDIATE_RETRY,0
pay_syn_42_01394,insufficient_funds,card,225116,2251.16,1,0.2592,0,BLIND_RETRY_24H,0,RETRY_LINK_DELAYED,RULE_LOW_PROB_DELAYED_NUDGE,0
pay_syn_42_01395,insufficient_funds,upi,227668,2276.68,0,0.3578,0,BLIND_RETRY_24H,0,RETRY_LINK_DELAYED,RULE_LOW_PROB_DELAYED_NUDGE,0
pay_syn_42_01396,insufficient_funds,upi,34329,343.29,2,0.2384,0,BLIND_RETRY_24H,0,STOP,RULE_MAX_RETRIES_EXCEEDED,0
pay_syn_42_01397,card_expired,card,57847,578.47,0,0.0,0,BLIND_RETRY_24H,0,ESCALATE_HUMAN,RULE_HARD_DECLINE_COMPLIANCE,0
pay_syn_42_01398,risk_check_failed,netbanking,139651,1396.51,0,0.0,0,BLIND_RETRY_24H,0,ESCALATE_HUMAN,RULE_HARD_DECLINE_COMPLIANCE,0
pay_syn_42_01399,payment_timed_out,upi,436021,4360.21,0,0.6825,1,BLIND_RETRY_24H,0,RETRY_LINK_NOW,RULE_HIGH_PROB_IMMEDIATE_RETRY,1
pay_syn_42_01400,payment_cancelled,upi,1803843,18038.43,0,0.1337,0,BLIND_RETRY_24H,0,ESCALATE_HUMAN,RULE_HIGH_AMOUNT_ESCALATION,0
pay_syn_42_01401,authentication_failed,upi,187095,1870.95,0,0.5775,0,BLIND_RETRY_24H,1,RETRY_LINK_NOW,RULE_HIGH_PROB_IMMEDIATE_RETRY,0
pay_syn_42_01402,payment_timed_out,wallet,296229,2962.29,0,0.663,1,BLIND_RETRY_24H,1,RETRY_LINK_NOW,RULE_HIGH_PROB_IMMEDIATE_RETRY,0
pay_syn_42_01403,authentication_failed,card,30721,307.21,0,0.5225,0,BLIND_RETRY_24H,1,RETRY_LINK_NOW,RULE_HIGH_PROB_IMMEDIATE_RETRY,1
pay_syn_42_01404,payment_timed_out,upi,287041,2870.41,0,0.6825,1,BLIND_RETRY_24H,0,RETRY_LINK_NOW,RULE_HIGH_PROB_IMMEDIATE_RETRY,0
pay_syn_42_01405,insufficient_funds,upi,1198926,11989.26,0,0.2844,0,BLIND_RETRY_24H,0,ESCALATE_HUMAN,RULE_HIGH_AMOUNT_ESCALATION,1
pay_syn_42_01406,payment_timed_out,upi,57633,576.33,0,0.6825,1,BLIND_RETRY_24H,0,RETRY_LINK_NOW,RULE_HIGH_PROB_IMMEDIATE_RETRY,0
pay_syn_42_01407,invalid_otp,upi,73179,731.79,0,0.63,1,BLIND_RETRY_24H,0,RETRY_LINK_NOW,RULE_HIGH_PROB_IMMEDIATE_RETRY,1
pay_syn_42_01408,insufficient_funds,upi,344799,3447.99,1,0.2792,1,BLIND_RETRY_24H,0,RETRY_LINK_DELAYED,RULE_LOW_PROB_DELAYED_NUDGE,0
pay_syn_42_01409,payment_timed_out,upi,137736,1377.36,0,0.6825,1,BLIND_RETRY_24H,0,RETRY_LINK_NOW,RULE_HIGH_PROB_IMMEDIATE_RETRY,1
pay_syn_42_01410,insufficient_funds,upi,16212,162.12,0,0.3738,0,BLIND_RETRY_24H,0,RETRY_LINK_NOW,RULE_HIGH_PROB_IMMEDIATE_RETRY,0
pay_syn_42_01411,payment_timed_out,upi,77865,778.65,0,0.6825,1,BLIND_RETRY_24H,1,RETRY_LINK_NOW,RULE_HIGH_PROB_IMMEDIATE_RETRY,1
pay_syn_42_01412,invalid_otp,upi,655508,6555.08,2,0.4032,1,BLIND_RETRY_24H,1,STOP,RULE_MAX_RETRIES_EXCEEDED,0
pay_syn_42_01413,payment_timed_out,card,98549,985.49,0,0.6175,1,BLIND_RETRY_24H,1,RETRY_LINK_NOW,RULE_HIGH_PROB_IMMEDIATE_RETRY,0
pay_syn_42_01414,authentication_failed,wallet,98463,984.63,1,0.4488,1,BLIND_RETRY_24H,1,RETRY_LINK_NOW,RULE_HIGH_PROB_IMMEDIATE_RETRY,1
pay_syn_42_01415,authentication_failed,card,319521,3195.21,1,0.418,0,BLIND_RETRY_24H,0,RETRY_LINK_NOW,RULE_HIGH_PROB_IMMEDIATE_RETRY,1
pay_syn_42_01416,invalid_otp,upi,194702,1947.02,0,0.63,0,BLIND_RETRY_24H,0,RETRY_LINK_NOW,RULE_HIGH_PROB_IMMEDIATE_RETRY,1
pay_syn_42_01417,invalid_otp,card,93035,930.35,0,0.57,1,BLIND_RETRY_24H,1,RETRY_LINK_NOW,RULE_HIGH_PROB_IMMEDIATE_RETRY,1
pay_syn_42_01418,payment_cancelled,upi,68303,683.03,0,0.2649,1,BLIND_RETRY_24H,1,RETRY_LINK_DELAYED,RULE_LOW_PROB_DELAYED_NUDGE,0
pay_syn_42_01419,authentication_failed,upi,3433786,34337.86,0,0.5775,1,BLIND_RETRY_24H,0,ESCALATE_HUMAN,RULE_HIGH_AMOUNT_ESCALATION,0
pay_syn_42_01420,insufficient_funds,netbanking,526664,5266.64,0,0.2714,0,BLIND_RETRY_24H,0,RETRY_LINK_DELAYED,RULE_LOW_PROB_DELAYED_NUDGE,0
pay_syn_42_01421,gateway_technical_error,upi,227572,2275.72,1,0.588,1,BLIND_RETRY_24H,0,RETRY_LINK_NOW,RULE_HIGH_PROB_IMMEDIATE_RETRY,0
pay_syn_42_01422,fraud_suspected,upi,244547,2445.47,0,0.0,0,BLIND_RETRY_24H,0,ESCALATE_HUMAN,RULE_HARD_DECLINE_COMPLIANCE,0
pay_syn_42_01423,insufficient_funds,upi,116678,1166.78,1,0.293,0,BLIND_RETRY_24H,1,RETRY_LINK_DELAYED,RULE_LOW_PROB_DELAYED_NUDGE,1
pay_syn_42_01424,invalid_otp,card,192113,1921.13,0,0.57,1,BLIND_RETRY_24H,1,RETRY_LINK_NOW,RULE_HIGH_PROB_IMMEDIATE_RETRY,1
pay_syn_42_01425,payment_cancelled,netbanking,104025,1040.25,0,0.2123,0,BLIND_RETRY_24H,0,RETRY_LINK_DELAYED,RULE_LOW_PROB_DELAYED_NUDGE,0
pay_syn_42_01426,invalid_otp,card,52503,525.03,0,0.57,1,BLIND_RETRY_24H,0,RETRY_LINK_NOW,RULE_HIGH_PROB_IMMEDIATE_RETRY,1
pay_syn_42_01427,payment_timed_out,card,200667,2006.67,0,0.6175,0,BLIND_RETRY_24H,1,RETRY_LINK_NOW,RULE_HIGH_PROB_IMMEDIATE_RETRY,0
pay_syn_42_01428,insufficient_funds,upi,94872,948.72,1,0.2943,0,BLIND_RETRY_24H,0,RETRY_LINK_DELAYED,RULE_LOW_PROB_DELAYED_NUDGE,0
pay_syn_42_01429,gateway_technical_error,upi,212623,2126.23,0,0.735,1,BLIND_RETRY_24H,0,RETRY_LINK_NOW,RULE_HIGH_PROB_IMMEDIATE_RETRY,1
pay_syn_42_01430,invalid_otp,upi,261112,2611.12,0,0.63,1,BLIND_RETRY_24H,0,RETRY_LINK_NOW,RULE_HIGH_PROB_IMMEDIATE_RETRY,1
pay_syn_42_01431,insufficient_funds,upi,225520,2255.2,0,0.358,1,BLIND_RETRY_24H,0,RETRY_LINK_DELAYED,RULE_LOW_PROB_DELAYED_NUDGE,0
pay_syn_42_01432,card_expired,upi,48347,483.47,0,0.0,0,BLIND_RETRY_24H,0,ESCALATE_HUMAN,RULE_HARD_DECLINE_COMPLIANCE,0
pay_syn_42_01433,fraud_suspected,upi,84632,846.32,0,0.0,0,BLIND_RETRY_24H,0,ESCALATE_HUMAN,RULE_HARD_DECLINE_COMPLIANCE,0
pay_syn_42_01434,gateway_technical_error,card,96816,968.16,0,0.665,1,BLIND_RETRY_24H,0,RETRY_LINK_NOW,RULE_HIGH_PROB_IMMEDIATE_RETRY,1
pay_syn_42_01435,stolen_card,card,391824,3918.24,0,0.0,0,BLIND_RETRY_24H,0,ESCALATE_HUMAN,RULE_HARD_DECLINE_COMPLIANCE,0
pay_syn_42_01436,payment_timed_out,upi,367865,3678.65,0,0.6825,1,BLIND_RETRY_24H,1,RETRY_LINK_NOW,RULE_HIGH_PROB_IMMEDIATE_RETRY,1
pay_syn_42_01437,card_expired,upi,61367,613.67,0,0.0,0,BLIND_RETRY_24H,0,ESCALATE_HUMAN,RULE_HARD_DECLINE_COMPLIANCE,0
pay_syn_42_01438,invalid_otp,card,33551,335.51,0,0.57,1,BLIND_RETRY_24H,0,RETRY_LINK_NOW,RULE_HIGH_PROB_IMMEDIATE_RETRY,1
pay_syn_42_01439,payment_timed_out,upi,1932951,19329.51,0,0.6825,1,BLIND_RETRY_24H,1,ESCALATE_HUMAN,RULE_HIGH_AMOUNT_ESCALATION,1
pay_syn_42_01440,card_expired,upi,215653,2156.53,0,0.0,0,BLIND_RETRY_24H,0,ESCALATE_HUMAN,RULE_HARD_DECLINE_COMPLIANCE,0
pay_syn_42_01441,invalid_otp,card,29431,294.31,0,0.57,1,BLIND_RETRY_24H,0,RETRY_LINK_NOW,RULE_HIGH_PROB_IMMEDIATE_RETRY,1
pay_syn_42_01442,payment_cancelled,upi,71964,719.64,0,0.2646,0,BLIND_RETRY_24H,1,RETRY_LINK_DELAYED,RULE_LOW_PROB_DELAYED_NUDGE,1
pay_syn_42_01443,card_expired,upi,411964,4119.64,0,0.0,0,BLIND_RETRY_24H,0,ESCALATE_HUMAN,RULE_HARD_DECLINE_COMPLIANCE,0
pay_syn_42_01444,fraud_suspected,upi,1332353,13323.53,0,0.0,0,BLIND_RETRY_24H,0,ESCALATE_HUMAN,RULE_HARD_DECLINE_COMPLIANCE,0
pay_syn_42_01445,authentication_failed,wallet,1048878,10488.78,0,0.561,0,BLIND_RETRY_24H,0,ESCALATE_HUMAN,RULE_HIGH_AMOUNT_ESCALATION,0
pay_syn_42_01446,payment_timed_out,upi,205612,2056.12,0,0.6825,1,BLIND_RETRY_24H,1,RETRY_LINK_NOW,RULE_HIGH_PROB_IMMEDIATE_RETRY,1
pay_syn_42_01447,insufficient_funds,upi,7375,73.75,0,0.3745,0,BLIND_RETRY_24H,0,RETRY_LINK_DELAYED,RULE_LOW_PROB_DELAYED_NUDGE,0
pay_syn_42_01448,insufficient_funds,upi,134441,1344.41,0,0.3649,0,BLIND_RETRY_24H,0,RETRY_LINK_DELAYED,RULE_LOW_PROB_DELAYED_NUDGE,0
pay_syn_42_01449,authentication_failed,card,43909,439.09,0,0.5225,0,BLIND_RETRY_24H,0,RETRY_LINK_NOW,RULE_HIGH_PROB_IMMEDIATE_RETRY,1
pay_syn_42_01450,invalid_otp,upi,147182,1471.82,0,0.63,1,BLIND_RETRY_24H,0,RETRY_LINK_NOW,RULE_HIGH_PROB_IMMEDIATE_RETRY,1
pay_syn_42_01451,gateway_technical_error,card,50026,500.26,1,0.532,0,BLIND_RETRY_24H,0,RETRY_LINK_NOW,RULE_HIGH_PROB_IMMEDIATE_RETRY,0
pay_syn_42_01452,invalid_otp,upi,85499,854.99,0,0.63,1,BLIND_RETRY_24H,0,RETRY_LINK_NOW,RULE_HIGH_PROB_IMMEDIATE_RETRY,0
pay_syn_42_01453,bank_account_invalid,netbanking,344368,3443.68,0,0.0,0,BLIND_RETRY_24H,0,ESCALATE_HUMAN,RULE_HARD_DECLINE_COMPLIANCE,0
pay_syn_42_01454,gateway_technical_error,upi,103475,1034.75,0,0.735,1,BLIND_RETRY_24H,0,RETRY_LINK_NOW,RULE_HIGH_PROB_IMMEDIATE_RETRY,1
pay_syn_42_01455,payment_timed_out,upi,96329,963.29,0,0.6825,0,BLIND_RETRY_24H,1,RETRY_LINK_NOW,RULE_HIGH_PROB_IMMEDIATE_RETRY,0
pay_syn_42_01456,invalid_otp,upi,126747,1267.47,0,0.63,1,BLIND_RETRY_24H,0,RETRY_LINK_NOW,RULE_HIGH_PROB_IMMEDIATE_RETRY,1
pay_syn_42_01457,payment_timed_out,card,2392962,23929.62,0,0.6175,0,BLIND_RETRY_24H,0,ESCALATE_HUMAN,RULE_HIGH_AMOUNT_ESCALATION,0
pay_syn_42_01458,invalid_otp,upi,39419,394.19,0,0.63,0,BLIND_RETRY_24H,0,RETRY_LINK_NOW,RULE_HIGH_PROB_IMMEDIATE_RETRY,1
pay_syn_42_01459,payment_timed_out,card,182384,1823.84,1,0.494,0,BLIND_RETRY_24H,0,RETRY_LINK_NOW,RULE_HIGH_PROB_IMMEDIATE_RETRY,1
pay_syn_42_01460,payment_cancelled,card,926948,9269.48,0,0.1809,0,BLIND_RETRY_24H,0,RETRY_LINK_DELAYED,RULE_LOW_PROB_DELAYED_NUDGE,0
pay_syn_42_01461,payment_cancelled,card,126341,1263.41,0,0.2357,0,BLIND_RETRY_24H,0,RETRY_LINK_DELAYED,RULE_LOW_PROB_DELAYED_NUDGE,0
pay_syn_42_01462,card_expired,upi,514575,5145.75,0,0.0,0,BLIND_RETRY_24H,0,ESCALATE_HUMAN,RULE_HARD_DECLINE_COMPLIANCE,0
pay_syn_42_01463,insufficient_funds,card,31382,313.82,0,0.3372,0,BLIND_RETRY_24H,1,RETRY_LINK_DELAYED,RULE_LOW_PROB_DELAYED_NUDGE,0
pay_syn_42_01464,insufficient_funds,upi,107140,1071.4,0,0.367,0,BLIND_RETRY_24H,0,RETRY_LINK_DELAYED,RULE_LOW_PROB_DELAYED_NUDGE,1
pay_syn_42_01465,gateway_technical_error,upi,55555,555.55,0,0.735,1,BLIND_RETRY_24H,0,RETRY_LINK_NOW,RULE_HIGH_PROB_IMMEDIATE_RETRY,0
pay_syn_42_01466,gateway_technical_error,upi,124903,1249.03,0,0.735,0,BLIND_RETRY_24H,1,RETRY_LINK_NOW,RULE_HIGH_PROB_IMMEDIATE_RETRY,1
pay_syn_42_01467,payment_cancelled,upi,127780,1277.8,0,0.2604,1,BLIND_RETRY_24H,0,RETRY_LINK_DELAYED,RULE_LOW_PROB_DELAYED_NUDGE,0
pay_syn_42_01468,authentication_failed,upi,142771,1427.71,0,0.5775,0,BLIND_RETRY_24H,0,RETRY_LINK_NOW,RULE_HIGH_PROB_IMMEDIATE_RETRY,1
pay_syn_42_01469,payment_cancelled,wallet,340593,3405.93,0,0.2373,0,BLIND_RETRY_24H,0,RETRY_LINK_DELAYED,RULE_LOW_PROB_DELAYED_NUDGE,0
pay_syn_42_01470,payment_cancelled,upi,11312,113.12,1,0.2154,1,BLIND_RETRY_24H,0,RETRY_LINK_DELAYED,RULE_LOW_PROB_DELAYED_NUDGE,0
pay_syn_42_01471,card_blocked,upi,68720,687.2,1,0.0,0,BLIND_RETRY_24H,0,ESCALATE_HUMAN,RULE_HARD_DECLINE_COMPLIANCE,0
pay_syn_42_01472,gateway_technical_error,upi,168988,1689.88,0,0.735,0,BLIND_RETRY_24H,0,RETRY_LINK_NOW,RULE_HIGH_PROB_IMMEDIATE_RETRY,0
pay_syn_42_01473,payment_cancelled,card,17000,170.0,1,0.1945,0,BLIND_RETRY_24H,0,RETRY_LINK_DELAYED,RULE_LOW_PROB_DELAYED_NUDGE,0
pay_syn_42_01474,gateway_technical_error,card,264832,2648.32,0,0.665,1,BLIND_RETRY_24H,0,RETRY_LINK_NOW,RULE_HIGH_PROB_IMMEDIATE_RETRY,0
pay_syn_42_01475,payment_cancelled,upi,67399,673.99,1,0.212,0,BLIND_RETRY_24H,0,RETRY_LINK_DELAYED,RULE_LOW_PROB_DELAYED_NUDGE,0
pay_syn_42_01476,gateway_technical_error,upi,109337,1093.37,1,0.588,1,BLIND_RETRY_24H,0,RETRY_LINK_NOW,RULE_HIGH_PROB_IMMEDIATE_RETRY,0
pay_syn_42_01477,authentication_failed,wallet,359311,3593.11,0,0.561,0,BLIND_RETRY_24H,0,RETRY_LINK_NOW,RULE_HIGH_PROB_IMMEDIATE_RETRY,1
pay_syn_42_01478,insufficient_funds,upi,544451,5444.51,0,0.3339,1,BLIND_RETRY_24H,0,RETRY_LINK_DELAYED,RULE_LOW_PROB_DELAYED_NUDGE,1
pay_syn_42_01479,insufficient_funds,upi,274263,2742.63,2,0.2268,0,BLIND_RETRY_24H,0,STOP,RULE_MAX_RETRIES_EXCEEDED,0
pay_syn_42_01480,authentication_failed,upi,38320,383.2,0,0.5775,1,BLIND_RETRY_24H,0,RETRY_LINK_NOW,RULE_HIGH_PROB_IMMEDIATE_RETRY,1
pay_syn_42_01481,payment_timed_out,netbanking,258809,2588.09,1,0.442,0,BLIND_RETRY_24H,0,RETRY_LINK_DELAYED,RULE_LOW_PROB_DELAYED_NUDGE,0
pay_syn_42_01482,payment_timed_out,upi,279385,2793.85,0,0.6825,1,BLIND_RETRY_24H,1,RETRY_LINK_NOW,RULE_HIGH_PROB_IMMEDIATE_RETRY,1
pay_syn_42_01483,invalid_otp,upi,221500,2215.0,0,0.63,0,BLIND_RETRY_24H,0,RETRY_LINK_NOW,RULE_HIGH_PROB_IMMEDIATE_RETRY,1
pay_syn_42_01484,gateway_technical_error,card,664357,6643.57,0,0.665,0,BLIND_RETRY_24H,1,RETRY_LINK_NOW,RULE_HIGH_PROB_IMMEDIATE_RETRY,1
pay_syn_42_01485,gateway_technical_error,card,146881,1468.81,0,0.665,1,BLIND_RETRY_24H,0,RETRY_LINK_NOW,RULE_HIGH_PROB_IMMEDIATE_RETRY,1
pay_syn_42_01486,insufficient_funds,upi,632019,6320.19,0,0.3273,0,BLIND_RETRY_24H,0,RETRY_LINK_DELAYED,RULE_LOW_PROB_DELAYED_NUDGE,0
pay_syn_42_01487,payment_timed_out,upi,627110,6271.1,0,0.6825,1,BLIND_RETRY_24H,0,RETRY_LINK_NOW,RULE_HIGH_PROB_IMMEDIATE_RETRY,0
pay_syn_42_01488,card_lost_or_stolen,wallet,288619,2886.19,0,0.0,0,BLIND_RETRY_24H,0,ESCALATE_HUMAN,RULE_HARD_DECLINE_COMPLIANCE,0
pay_syn_42_01489,gateway_technical_error,card,185610,1856.1,0,0.665,0,BLIND_RETRY_24H,0,RETRY_LINK_NOW,RULE_HIGH_PROB_IMMEDIATE_RETRY,1
pay_syn_42_01490,payment_cancelled,upi,222943,2229.43,0,0.2532,0,BLIND_RETRY_24H,0,RETRY_LINK_DELAYED,RULE_LOW_PROB_DELAYED_NUDGE,0
pay_syn_42_01491,risk_check_failed,card,869022,8690.22,1,0.0,0,BLIND_RETRY_24H,0,ESCALATE_HUMAN,RULE_HARD_DECLINE_COMPLIANCE,0
pay_syn_42_01492,payment_cancelled,upi,435333,4353.33,0,0.2371,0,BLIND_RETRY_24H,0,RETRY_LINK_DELAYED,RULE_LOW_PROB_DELAYED_NUDGE,0
pay_syn_42_01493,insufficient_funds,upi,43019,430.19,0,0.3718,0,BLIND_RETRY_24H,0,RETRY_LINK_DELAYED,RULE_LOW_PROB_DELAYED_NUDGE,0
pay_syn_42_01494,card_expired,upi,207501,2075.01,0,0.0,0,BLIND_RETRY_24H,0,ESCALATE_HUMAN,RULE_HARD_DECLINE_COMPLIANCE,0
pay_syn_42_01495,invalid_otp,card,52721,527.21,0,0.57,1,BLIND_RETRY_24H,0,RETRY_LINK_NOW,RULE_HIGH_PROB_IMMEDIATE_RETRY,0
pay_syn_42_01496,payment_timed_out,upi,65374,653.74,1,0.546,1,BLIND_RETRY_24H,0,RETRY_LINK_NOW,RULE_HIGH_PROB_IMMEDIATE_RETRY,1
pay_syn_42_01497,payment_timed_out,card,89109,891.09,1,0.494,0,BLIND_RETRY_24H,0,RETRY_LINK_NOW,RULE_HIGH_PROB_IMMEDIATE_RETRY,1
pay_syn_42_01498,insufficient_funds,upi,28540,285.4,0,0.3729,0,BLIND_RETRY_24H,0,RETRY_LINK_DELAYED,RULE_LOW_PROB_DELAYED_NUDGE,1
pay_syn_42_01499,invalid_otp,upi,49347,493.47,0,0.63,0,BLIND_RETRY_24H,0,RETRY_LINK_NOW,RULE_HIGH_PROB_IMMEDIATE_RETRY,1
pay_syn_42_01500,gateway_technical_error,card,712391,7123.91,0,0.665,1,BLIND_RETRY_24H,0,RETRY_LINK_NOW,RULE_HIGH_PROB_IMMEDIATE_RETRY,0
pay_syn_42_01501,payment_timed_out,upi,64962,649.62,1,0.546,0,BLIND_RETRY_24H,0,RETRY_LINK_NOW,RULE_HIGH_PROB_IMMEDIATE_RETRY,1
pay_syn_42_01502,payment_cancelled,upi,342884,3428.84,1,0.1953,0,BLIND_RETRY_24H,0,RETRY_LINK_DELAYED,RULE_LOW_PROB_DELAYED_NUDGE,1
pay_syn_42_01503,insufficient_funds,upi,161812,1618.12,0,0.3628,1,BLIND_RETRY_24H,1,RETRY_LINK_DELAYED,RULE_LOW_PROB_DELAYED_NUDGE,0
pay_syn_42_01504,authentication_failed,upi,246162,2461.62,0,0.5775,1,BLIND_RETRY_24H,0,RETRY_LINK_NOW,RULE_HIGH_PROB_IMMEDIATE_RETRY,1
pay_syn_42_01505,insufficient_funds,upi,258363,2583.63,0,0.3555,1,BLIND_RETRY_24H,0,RETRY_LINK_DELAYED,RULE_LOW_PROB_DELAYED_NUDGE,1
pay_syn_42_01506,gateway_technical_error,upi,47192,471.92,0,0.735,1,BLIND_RETRY_24H,0,RETRY_LINK_NOW,RULE_HIGH_PROB_IMMEDIATE_RETRY,0
pay_syn_42_01507,payment_cancelled,upi,340497,3404.97,1,0.1955,0,BLIND_RETRY_24H,0,RETRY_LINK_DELAYED,RULE_LOW_PROB_DELAYED_NUDGE,0
pay_syn_42_01508,payment_timed_out,upi,34523,345.23,0,0.6825,0,BLIND_RETRY_24H,0,RETRY_LINK_NOW,RULE_HIGH_PROB_IMMEDIATE_RETRY,0
pay_syn_42_01509,insufficient_funds,card,62238,622.38,0,0.3351,1,BLIND_RETRY_24H,0,RETRY_LINK_DELAYED,RULE_LOW_PROB_DELAYED_NUDGE,0
pay_syn_42_01510,authentication_failed,card,254079,2540.79,0,0.5225,0,BLIND_RETRY_24H,0,RETRY_LINK_NOW,RULE_HIGH_PROB_IMMEDIATE_RETRY,0
pay_syn_42_01511,invalid_otp,card,44168,441.68,0,0.57,1,BLIND_RETRY_24H,0,RETRY_LINK_NOW,RULE_HIGH_PROB_IMMEDIATE_RETRY,1
pay_syn_42_01512,card_lost_or_stolen,upi,15464,154.64,0,0.0,0,BLIND_RETRY_24H,0,ESCALATE_HUMAN,RULE_HARD_DECLINE_COMPLIANCE,0
pay_syn_42_01513,card_expired,upi,196769,1967.69,1,0.0,0,BLIND_RETRY_24H,0,ESCALATE_HUMAN,RULE_HARD_DECLINE_COMPLIANCE,0
pay_syn_42_01514,gateway_technical_error,upi,23954,239.54,2,0.4704,0,BLIND_RETRY_24H,1,STOP,RULE_MAX_RETRIES_EXCEEDED,0
pay_syn_42_01515,invalid_otp,upi,282724,2827.24,0,0.63,0,BLIND_RETRY_24H,1,RETRY_LINK_NOW,RULE_HIGH_PROB_IMMEDIATE_RETRY,1
pay_syn_42_01516,payment_cancelled,upi,96078,960.78,0,0.2628,0,BLIND_RETRY_24H,1,RETRY_LINK_DELAYED,RULE_LOW_PROB_DELAYED_NUDGE,1
pay_syn_42_01517,gateway_technical_error,upi,193636,1936.36,2,0.4704,1,BLIND_RETRY_24H,0,STOP,RULE_MAX_RETRIES_EXCEEDED,0
pay_syn_42_01518,fraud_suspected,upi,189651,1896.51,1,0.0,0,BLIND_RETRY_24H,0,ESCALATE_HUMAN,RULE_HARD_DECLINE_COMPLIANCE,0
pay_syn_42_01519,authentication_failed,upi,307933,3079.33,0,0.5775,0,BLIND_RETRY_24H,1,RETRY_LINK_NOW,RULE_HIGH_PROB_IMMEDIATE_RETRY,0
pay_syn_42_01520,payment_timed_out,card,262731,2627.31,0,0.6175,0,BLIND_RETRY_24H,0,RETRY_LINK_NOW,RULE_HIGH_PROB_IMMEDIATE_RETRY,1
pay_syn_42_01521,payment_cancelled,upi,43775,437.75,0,0.2668,1,BLIND_RETRY_24H,1,RETRY_LINK_DELAYED,RULE_LOW_PROB_DELAYED_NUDGE,1
pay_syn_42_01522,insufficient_funds,upi,102404,1024.04,0,0.3673,1,BLIND_RETRY_24H,0,RETRY_LINK_DELAYED,RULE_LOW_PROB_DELAYED_NUDGE,1
pay_syn_42_01523,insufficient_funds,netbanking,193381,1933.81,0,0.2918,0,BLIND_RETRY_24H,0,RETRY_LINK_DELAYED,RULE_LOW_PROB_DELAYED_NUDGE,0
pay_syn_42_01524,payment_timed_out,upi,646723,6467.23,0,0.6825,1,BLIND_RETRY_24H,1,RETRY_LINK_NOW,RULE_HIGH_PROB_IMMEDIATE_RETRY,1
pay_syn_42_01525,payment_timed_out,wallet,265520,2655.2,0,0.663,0,BLIND_RETRY_24H,0,RETRY_LINK_NOW,RULE_HIGH_PROB_IMMEDIATE_RETRY,1
pay_syn_42_01526,invalid_otp,upi,577808,5778.08,2,0.4032,1,BLIND_RETRY_24H,0,STOP,RULE_MAX_RETRIES_EXCEEDED,0
pay_syn_42_01527,invalid_otp,upi,204978,2049.78,1,0.504,0,BLIND_RETRY_24H,0,RETRY_LINK_NOW,RULE_HIGH_PROB_IMMEDIATE_RETRY,1
pay_syn_42_01528,invalid_otp,card,444742,4447.42,0,0.57,0,BLIND_RETRY_24H,0,RETRY_LINK_NOW,RULE_HIGH_PROB_IMMEDIATE_RETRY,0
pay_syn_42_01529,insufficient_funds,upi,176206,1762.06,1,0.2894,0,BLIND_RETRY_24H,0,RETRY_LINK_DELAYED,RULE_LOW_PROB_DELAYED_NUDGE,0
pay_syn_42_01530,bank_account_invalid,upi,422848,4228.48,2,0.0,0,BLIND_RETRY_24H,0,STOP,RULE_MAX_RETRIES_EXCEEDED,0
pay_syn_42_01531,authentication_failed,upi,91000,910.0,1,0.462,0,BLIND_RETRY_24H,0,RETRY_LINK_NOW,RULE_HIGH_PROB_IMMEDIATE_RETRY,0
pay_syn_42_01532,risk_check_failed,upi,747825,7478.25,0,0.0,0,BLIND_RETRY_24H,0,ESCALATE_HUMAN,RULE_HARD_DECLINE_COMPLIANCE,0
pay_syn_42_01533,risk_check_failed,upi,232123,2321.23,0,0.0,0,BLIND_RETRY_24H,0,ESCALATE_HUMAN,RULE_HARD_DECLINE_COMPLIANCE,0
pay_syn_42_01534,payment_timed_out,card,28737,287.37,0,0.6175,0,BLIND_RETRY_24H,1,RETRY_LINK_NOW,RULE_HIGH_PROB_IMMEDIATE_RETRY,1
pay_syn_42_01535,payment_cancelled,card,200704,2007.04,0,0.2306,1,BLIND_RETRY_24H,0,RETRY_LINK_DELAYED,RULE_LOW_PROB_DELAYED_NUDGE,1
pay_syn_42_01536,insufficient_funds,upi,13295,132.95,2,0.2394,0,BLIND_RETRY_24H,0,STOP,RULE_MAX_RETRIES_EXCEEDED,0
pay_syn_42_01537,payment_timed_out,upi,266527,2665.27,0,0.6825,1,BLIND_RETRY_24H,1,RETRY_LINK_NOW,RULE_HIGH_PROB_IMMEDIATE_RETRY,1
pay_syn_42_01538,gateway_technical_error,upi,354664,3546.64,0,0.735,1,BLIND_RETRY_24H,0,RETRY_LINK_NOW,RULE_HIGH_PROB_IMMEDIATE_RETRY,0
pay_syn_42_01539,payment_timed_out,card,1149392,11493.92,0,0.6175,0,BLIND_RETRY_24H,1,ESCALATE_HUMAN,RULE_HIGH_AMOUNT_ESCALATION,1
pay_syn_42_01540,invalid_otp,netbanking,76791,767.91,1,0.408,1,BLIND_RETRY_24H,0,RETRY_LINK_NOW,RULE_HIGH_PROB_IMMEDIATE_RETRY,0
pay_syn_42_01541,payment_cancelled,card,1160099,11600.99,0,0.165,0,BLIND_RETRY_24H,0,ESCALATE_HUMAN,RULE_HIGH_AMOUNT_ESCALATION,0
pay_syn_42_01542,payment_cancelled,card,134489,1344.89,0,0.2351,0,BLIND_RETRY_24H,1,RETRY_LINK_DELAYED,RULE_LOW_PROB_DELAYED_NUDGE,0
pay_syn_42_01543,card_expired,upi,59186,591.86,0,0.0,0,BLIND_RETRY_24H,0,ESCALATE_HUMAN,RULE_HARD_DECLINE_COMPLIANCE,0
pay_syn_42_01544,payment_cancelled,upi,78538,785.38,0,0.2641,0,BLIND_RETRY_24H,0,RETRY_LINK_DELAYED,RULE_LOW_PROB_DELAYED_NUDGE,0
pay_syn_42_01545,gateway_technical_error,card,248784,2487.84,0,0.665,1,BLIND_RETRY_24H,0,RETRY_LINK_NOW,RULE_HIGH_PROB_IMMEDIATE_RETRY,1
pay_syn_42_01546,payment_cancelled,upi,50888,508.88,1,0.213,0,BLIND_RETRY_24H,0,RETRY_LINK_DELAYED,RULE_LOW_PROB_DELAYED_NUDGE,1
pay_syn_42_01547,card_expired,upi,92644,926.44,0,0.0,0,BLIND_RETRY_24H,0,ESCALATE_HUMAN,RULE_HARD_DECLINE_COMPLIANCE,0
pay_syn_42_01548,insufficient_funds,upi,195193,1951.93,1,0.2882,0,BLIND_RETRY_24H,0,RETRY_LINK_DELAYED,RULE_LOW_PROB_DELAYED_NUDGE,0
pay_syn_42_01549,invalid_otp,upi,740253,7402.53,0,0.63,0,BLIND_RETRY_24H,1,RETRY_LINK_NOW,RULE_HIGH_PROB_IMMEDIATE_RETRY,1
pay_syn_42_01550,authentication_failed,upi,342677,3426.77,0,0.5775,0,BLIND_RETRY_24H,0,RETRY_LINK_NOW,RULE_HIGH_PROB_IMMEDIATE_RETRY,1
pay_syn_42_01551,payment_timed_out,upi,140510,1405.1,1,0.546,1,BLIND_RETRY_24H,0,RETRY_LINK_NOW,RULE_HIGH_PROB_IMMEDIATE_RETRY,1
pay_syn_42_01552,invalid_otp,upi,247490,2474.9,0,0.63,1,BLIND_RETRY_24H,0,RETRY_LINK_NOW,RULE_HIGH_PROB_IMMEDIATE_RETRY,1
pay_syn_42_01553,authentication_failed,upi,174665,1746.65,0,0.5775,1,BLIND_RETRY_24H,0,RETRY_LINK_NOW,RULE_HIGH_PROB_IMMEDIATE_RETRY,0
pay_syn_42_01554,invalid_otp,upi,37762,377.62,0,0.63,0,BLIND_RETRY_24H,0,RETRY_LINK_NOW,RULE_HIGH_PROB_IMMEDIATE_RETRY,1
pay_syn_42_01555,insufficient_funds,upi,923747,9237.47,0,0.3052,0,BLIND_RETRY_24H,0,RETRY_LINK_DELAYED,RULE_LOW_PROB_DELAYED_NUDGE,0
pay_syn_42_01556,gateway_technical_error,upi,755770,7557.7,1,0.588,1,BLIND_RETRY_24H,0,RETRY_LINK_NOW,RULE_HIGH_PROB_IMMEDIATE_RETRY,0
pay_syn_42_01557,gateway_technical_error,upi,123479,1234.79,0,0.735,1,BLIND_RETRY_24H,0,RETRY_LINK_NOW,RULE_HIGH_PROB_IMMEDIATE_RETRY,1
pay_syn_42_01558,authentication_failed,card,81499,814.99,0,0.5225,0,BLIND_RETRY_24H,0,RETRY_LINK_NOW,RULE_HIGH_PROB_IMMEDIATE_RETRY,1
pay_syn_42_01559,insufficient_funds,card,38619,386.19,0,0.3367,0,BLIND_RETRY_24H,0,RETRY_LINK_DELAYED,RULE_LOW_PROB_DELAYED_NUDGE,0
pay_syn_42_01560,gateway_technical_error,card,265708,2657.08,0,0.665,0,BLIND_RETRY_24H,0,RETRY_LINK_NOW,RULE_HIGH_PROB_IMMEDIATE_RETRY,0
pay_syn_42_01561,bank_account_invalid,upi,267708,2677.08,0,0.0,0,BLIND_RETRY_24H,0,ESCALATE_HUMAN,RULE_HARD_DECLINE_COMPLIANCE,0
pay_syn_42_01562,invalid_otp,upi,55294,552.94,0,0.63,0,BLIND_RETRY_24H,1,RETRY_LINK_NOW,RULE_HIGH_PROB_IMMEDIATE_RETRY,1
pay_syn_42_01563,insufficient_funds,upi,176955,1769.55,0,0.3617,0,BLIND_RETRY_24H,0,RETRY_LINK_DELAYED,RULE_LOW_PROB_DELAYED_NUDGE,1
pay_syn_42_01564,risk_check_failed,card,330231,3302.31,2,0.0,0,BLIND_RETRY_24H,0,STOP,RULE_MAX_RETRIES_EXCEEDED,0
pay_syn_42_01565,authentication_failed,upi,75894,758.94,0,0.5775,0,BLIND_RETRY_24H,0,RETRY_LINK_NOW,RULE_HIGH_PROB_IMMEDIATE_RETRY,1
pay_syn_42_01566,payment_cancelled,upi,107910,1079.1,0,0.2619,0,BLIND_RETRY_24H,0,RETRY_LINK_DELAYED,RULE_LOW_PROB_DELAYED_NUDGE,0
pay_syn_42_01567,payment_cancelled,card,106801,1068.01,0,0.237,1,BLIND_RETRY_24H,0,RETRY_LINK_DELAYED,RULE_LOW_PROB_DELAYED_NUDGE,0
pay_syn_42_01568,gateway_technical_error,netbanking,58920,589.2,2,0.3808,1,BLIND_RETRY_24H,1,STOP,RULE_MAX_RETRIES_EXCEEDED,0
pay_syn_42_01569,card_expired,card,110273,1102.73,0,0.0,0,BLIND_RETRY_24H,0,ESCALATE_HUMAN,RULE_HARD_DECLINE_COMPLIANCE,0
pay_syn_42_01570,insufficient_funds,upi,24384,243.84,0,0.3732,1,BLIND_RETRY_24H,0,RETRY_LINK_DELAYED,RULE_LOW_PROB_DELAYED_NUDGE,0
pay_syn_42_01571,gateway_technical_error,upi,101050,1010.5,0,0.735,0,BLIND_RETRY_24H,0,RETRY_LINK_NOW,RULE_HIGH_PROB_IMMEDIATE_RETRY,1
pay_syn_42_01572,payment_timed_out,upi,102695,1026.95,0,0.6825,0,BLIND_RETRY_24H,1,RETRY_LINK_NOW,RULE_HIGH_PROB_IMMEDIATE_RETRY,1
pay_syn_42_01573,authentication_failed,card,125145,1251.45,0,0.5225,1,BLIND_RETRY_24H,0,RETRY_LINK_NOW,RULE_HIGH_PROB_IMMEDIATE_RETRY,1
pay_syn_42_01574,insufficient_funds,upi,226966,2269.66,0,0.3579,0,BLIND_RETRY_24H,0,RETRY_LINK_DELAYED,RULE_LOW_PROB_DELAYED_NUDGE,0
pay_syn_42_01575,insufficient_funds,upi,35655,356.55,0,0.3724,1,BLIND_RETRY_24H,0,RETRY_LINK_DELAYED,RULE_LOW_PROB_DELAYED_NUDGE,1
pay_syn_42_01576,invalid_otp,card,42571,425.71,0,0.57,1,BLIND_RETRY_24H,1,RETRY_LINK_NOW,RULE_HIGH_PROB_IMMEDIATE_RETRY,0
pay_syn_42_01577,gateway_technical_error,card,57422,574.22,0,0.665,0,BLIND_RETRY_24H,1,RETRY_LINK_NOW,RULE_HIGH_PROB_IMMEDIATE_RETRY,0
pay_syn_42_01578,invalid_otp,upi,32191,321.91,1,0.504,1,BLIND_RETRY_24H,0,RETRY_LINK_NOW,RULE_HIGH_PROB_IMMEDIATE_RETRY,1
pay_syn_42_01579,insufficient_funds,card,257739,2577.39,0,0.3217,1,BLIND_RETRY_24H,0,RETRY_LINK_DELAYED,RULE_LOW_PROB_DELAYED_NUDGE,0
pay_syn_42_01580,card_expired,card,72548,725.48,0,0.0,0,BLIND_RETRY_24H,0,ESCALATE_HUMAN,RULE_HARD_DECLINE_COMPLIANCE,0
pay_syn_42_01581,invalid_otp,wallet,129390,1293.9,0,0.612,1,BLIND_RETRY_24H,1,RETRY_LINK_NOW,RULE_HIGH_PROB_IMMEDIATE_RETRY,0
pay_syn_42_01582,invalid_otp,card,52675,526.75,0,0.57,1,BLIND_RETRY_24H,0,RETRY_LINK_NOW,RULE_HIGH_PROB_IMMEDIATE_RETRY,0
pay_syn_42_01583,payment_timed_out,upi,90181,901.81,0,0.6825,1,BLIND_RETRY_24H,0,RETRY_LINK_NOW,RULE_HIGH_PROB_IMMEDIATE_RETRY,0
pay_syn_42_01584,bank_account_invalid,upi,186538,1865.38,0,0.0,0,BLIND_RETRY_24H,0,ESCALATE_HUMAN,RULE_HARD_DECLINE_COMPLIANCE,0
pay_syn_42_01585,authentication_failed,upi,196801,1968.01,0,0.5775,1,BLIND_RETRY_24H,0,RETRY_LINK_NOW,RULE_HIGH_PROB_IMMEDIATE_RETRY,0
pay_syn_42_01586,payment_timed_out,upi,44387,443.87,0,0.6825,1,BLIND_RETRY_24H,1,RETRY_LINK_NOW,RULE_HIGH_PROB_IMMEDIATE_RETRY,1
pay_syn_42_01587,insufficient_funds,upi,122579,1225.79,2,0.2341,0,BLIND_RETRY_24H,0,STOP,RULE_MAX_RETRIES_EXCEEDED,0
pay_syn_42_01588,authentication_failed,card,53573,535.73,0,0.5225,0,BLIND_RETRY_24H,0,RETRY_LINK_NOW,RULE_HIGH_PROB_IMMEDIATE_RETRY,1
pay_syn_42_01589,card_expired,netbanking,117798,1177.98,1,0.0,0,BLIND_RETRY_24H,0,ESCALATE_HUMAN,RULE_HARD_DECLINE_COMPLIANCE,0
pay_syn_42_01590,gateway_technical_error,upi,66573,665.73,0,0.735,1,BLIND_RETRY_24H,0,RETRY_LINK_NOW,RULE_HIGH_PROB_IMMEDIATE_RETRY,0
pay_syn_42_01591,payment_timed_out,netbanking,1005487,10054.87,0,0.5525,0,BLIND_RETRY_24H,0,ESCALATE_HUMAN,RULE_HIGH_AMOUNT_ESCALATION,1
pay_syn_42_01592,gateway_technical_error,upi,327990,3279.9,2,0.4704,0,BLIND_RETRY_24H,0,STOP,RULE_MAX_RETRIES_EXCEEDED,0
pay_syn_42_01593,insufficient_funds,card,206560,2065.6,0,0.3252,0,BLIND_RETRY_24H,1,RETRY_LINK_DELAYED,RULE_LOW_PROB_DELAYED_NUDGE,0
pay_syn_42_01594,payment_timed_out,upi,16070,160.7,2,0.4368,0,BLIND_RETRY_24H,1,STOP,RULE_MAX_RETRIES_EXCEEDED,0
pay_syn_42_01595,card_expired,upi,98558,985.58,0,0.0,0,BLIND_RETRY_24H,0,ESCALATE_HUMAN,RULE_HARD_DECLINE_COMPLIANCE,0
pay_syn_42_01596,payment_timed_out,upi,339369,3393.69,0,0.6825,1,BLIND_RETRY_24H,0,RETRY_LINK_NOW,RULE_HIGH_PROB_IMMEDIATE_RETRY,1
pay_syn_42_01597,payment_cancelled,card,126440,1264.4,0,0.2357,0,BLIND_RETRY_24H,0,RETRY_LINK_DELAYED,RULE_LOW_PROB_DELAYED_NUDGE,1
pay_syn_42_01598,insufficient_funds,upi,872996,8729.96,0,0.3091,0,BLIND_RETRY_24H,1,RETRY_LINK_DELAYED,RULE_LOW_PROB_DELAYED_NUDGE,1
pay_syn_42_01599,risk_check_failed,wallet,381461,3814.61,0,0.0,0,BLIND_RETRY_24H,0,ESCALATE_HUMAN,RULE_HARD_DECLINE_COMPLIANCE,0
pay_syn_42_01600,card_lost_or_stolen,netbanking,89502,895.02,0,0.0,0,BLIND_RETRY_24H,0,ESCALATE_HUMAN,RULE_HARD_DECLINE_COMPLIANCE,0
pay_syn_42_01601,insufficient_funds,netbanking,747394,7473.94,0,0.2579,1,BLIND_RETRY_24H,1,RETRY_LINK_DELAYED,RULE_LOW_PROB_DELAYED_NUDGE,0
pay_syn_42_01602,invalid_otp,card,99089,990.89,1,0.456,1,BLIND_RETRY_24H,0,RETRY_LINK_NOW,RULE_HIGH_PROB_IMMEDIATE_RETRY,0
pay_syn_42_01603,payment_cancelled,netbanking,1087857,10878.57,0,0.152,0,BLIND_RETRY_24H,0,ESCALATE_HUMAN,RULE_HIGH_AMOUNT_ESCALATION,0
pay_syn_42_01604,invalid_otp,upi,801087,8010.87,2,0.4032,0,BLIND_RETRY_24H,0,STOP,RULE_MAX_RETRIES_EXCEEDED,0
pay_syn_42_01605,card_expired,netbanking,185416,1854.16,0,0.0,0,BLIND_RETRY_24H,0,ESCALATE_HUMAN,RULE_HARD_DECLINE_COMPLIANCE,0
pay_syn_42_01606,payment_cancelled,upi,25257,252.57,0,0.2682,0,BLIND_RETRY_24H,0,RETRY_LINK_DELAYED,RULE_LOW_PROB_DELAYED_NUDGE,1
pay_syn_42_01607,payment_cancelled,card,170012,1700.12,0,0.2327,1,BLIND_RETRY_24H,1,RETRY_LINK_DELAYED,RULE_LOW_PROB_DELAYED_NUDGE,1
pay_syn_42_01608,insufficient_funds,upi,40060,400.6,0,0.372,1,BLIND_RETRY_24H,0,RETRY_LINK_DELAYED,RULE_LOW_PROB_DELAYED_NUDGE,0
pay_syn_42_01609,insufficient_funds,upi,68632,686.32,0,0.3699,0,BLIND_RETRY_24H,0,RETRY_LINK_DELAYED,RULE_LOW_PROB_DELAYED_NUDGE,0
pay_syn_42_01610,authentication_failed,upi,74023,740.23,0,0.5775,1,BLIND_RETRY_24H,0,RETRY_LINK_NOW,RULE_HIGH_PROB_IMMEDIATE_RETRY,1
pay_syn_42_01611,insufficient_funds,upi,39728,397.28,1,0.2976,0,BLIND_RETRY_24H,0,RETRY_LINK_DELAYED,RULE_LOW_PROB_DELAYED_NUDGE,0
pay_syn_42_01612,authentication_failed,upi,170718,1707.18,0,0.5775,0,BLIND_RETRY_24H,0,RETRY_LINK_NOW,RULE_HIGH_PROB_IMMEDIATE_RETRY,0
pay_syn_42_01613,gateway_technical_error,card,60807,608.07,0,0.665,1,BLIND_RETRY_24H,0,RETRY_LINK_NOW,RULE_HIGH_PROB_IMMEDIATE_RETRY,1
pay_syn_42_01614,payment_timed_out,upi,103942,1039.42,1,0.546,0,BLIND_RETRY_24H,0,RETRY_LINK_NOW,RULE_HIGH_PROB_IMMEDIATE_RETRY,1
pay_syn_42_01615,risk_check_failed,card,74670,746.7,0,0.0,0,BLIND_RETRY_24H,0,ESCALATE_HUMAN,RULE_HARD_DECLINE_COMPLIANCE,0
pay_syn_42_01616,bank_account_invalid,wallet,228076,2280.76,1,0.0,0,BLIND_RETRY_24H,0,ESCALATE_HUMAN,RULE_HARD_DECLINE_COMPLIANCE,0
pay_syn_42_01617,authentication_failed,upi,209953,2099.53,0,0.5775,1,BLIND_RETRY_24H,0,RETRY_LINK_NOW,RULE_HIGH_PROB_IMMEDIATE_RETRY,1
pay_syn_42_01618,payment_timed_out,upi,95471,954.71,0,0.6825,1,BLIND_RETRY_24H,0,RETRY_LINK_NOW,RULE_HIGH_PROB_IMMEDIATE_RETRY,1
pay_syn_42_01619,payment_cancelled,upi,241221,2412.21,0,0.2518,0,BLIND_RETRY_24H,0,RETRY_LINK_DELAYED,RULE_LOW_PROB_DELAYED_NUDGE,0
pay_syn_42_01620,insufficient_funds,card,517647,5176.47,0,0.3039,1,BLIND_RETRY_24H,0,RETRY_LINK_DELAYED,RULE_LOW_PROB_DELAYED_NUDGE,0
pay_syn_42_01621,authentication_failed,card,13486,134.86,1,0.418,1,BLIND_RETRY_24H,0,RETRY_LINK_NOW,RULE_HIGH_PROB_IMMEDIATE_RETRY,1
pay_syn_42_01622,authentication_failed,upi,70410,704.1,1,0.462,0,BLIND_RETRY_24H,1,RETRY_LINK_NOW,RULE_HIGH_PROB_IMMEDIATE_RETRY,1
pay_syn_42_01623,gateway_technical_error,wallet,47811,478.11,0,0.714,1,BLIND_RETRY_24H,0,RETRY_LINK_NOW,RULE_HIGH_PROB_IMMEDIATE_RETRY,1
pay_syn_42_01624,invalid_otp,card,64255,642.55,0,0.57,0,BLIND_RETRY_24H,0,RETRY_LINK_NOW,RULE_HIGH_PROB_IMMEDIATE_RETRY,1
pay_syn_42_01625,authentication_failed,card,11420,114.2,0,0.5225,0,BLIND_RETRY_24H,1,RETRY_LINK_NOW,RULE_HIGH_PROB_IMMEDIATE_RETRY,0
pay_syn_42_01626,invalid_otp,upi,12996,129.96,0,0.63,1,BLIND_RETRY_24H,0,RETRY_LINK_NOW,RULE_HIGH_PROB_IMMEDIATE_RETRY,1
pay_syn_42_01627,payment_cancelled,upi,6522,65.22,0,0.2696,0,BLIND_RETRY_24H,0,RETRY_LINK_DELAYED,RULE_LOW_PROB_DELAYED_NUDGE,0
pay_syn_42_01628,insufficient_funds,upi,77301,773.01,0,0.3692,0,BLIND_RETRY_24H,0,RETRY_LINK_DELAYED,RULE_LOW_PROB_DELAYED_NUDGE,0
pay_syn_42_01629,payment_timed_out,card,75079,750.79,0,0.6175,0,BLIND_RETRY_24H,1,RETRY_LINK_NOW,RULE_HIGH_PROB_IMMEDIATE_RETRY,1
pay_syn_42_01630,payment_cancelled,upi,616826,6168.26,1,0.1787,1,BLIND_RETRY_24H,0,RETRY_LINK_DELAYED,RULE_LOW_PROB_DELAYED_NUDGE,0
pay_syn_42_01631,card_lost_or_stolen,card,156460,1564.6,0,0.0,0,BLIND_RETRY_24H,0,ESCALATE_HUMAN,RULE_HARD_DECLINE_COMPLIANCE,0
pay_syn_42_01632,invalid_otp,upi,12856,128.56,0,0.63,0,BLIND_RETRY_24H,0,RETRY_LINK_NOW,RULE_HIGH_PROB_IMMEDIATE_RETRY,1
pay_syn_42_01633,insufficient_funds,card,234278,2342.78,0,0.3233,1,BLIND_RETRY_24H,0,RETRY_LINK_DELAYED,RULE_LOW_PROB_DELAYED_NUDGE,0
pay_syn_42_01634,authentication_failed,upi,5000000,50000.0,0,0.5775,1,BLIND_RETRY_24H,0,ESCALATE_HUMAN,RULE_HIGH_AMOUNT_ESCALATION,0
pay_syn_42_01635,card_expired,card,13530,135.3,0,0.0,0,BLIND_RETRY_24H,0,ESCALATE_HUMAN,RULE_HARD_DECLINE_COMPLIANCE,0
pay_syn_42_01636,gateway_technical_error,upi,892995,8929.95,0,0.735,1,BLIND_RETRY_24H,1,RETRY_LINK_NOW,RULE_HIGH_PROB_IMMEDIATE_RETRY,1
pay_syn_42_01637,invalid_otp,upi,127403,1274.03,0,0.63,1,BLIND_RETRY_24H,0,RETRY_LINK_NOW,RULE_HIGH_PROB_IMMEDIATE_RETRY,0
pay_syn_42_01638,payment_cancelled,upi,83995,839.95,2,0.1688,1,BLIND_RETRY_24H,0,STOP,RULE_MAX_RETRIES_EXCEEDED,0
pay_syn_42_01639,invalid_otp,upi,71564,715.64,1,0.504,0,BLIND_RETRY_24H,0,RETRY_LINK_NOW,RULE_HIGH_PROB_IMMEDIATE_RETRY,1
pay_syn_42_01640,bank_account_invalid,upi,192457,1924.57,0,0.0,0,BLIND_RETRY_24H,0,ESCALATE_HUMAN,RULE_HARD_DECLINE_COMPLIANCE,0
pay_syn_42_01641,payment_timed_out,card,84741,847.41,0,0.6175,0,BLIND_RETRY_24H,0,RETRY_LINK_NOW,RULE_HIGH_PROB_IMMEDIATE_RETRY,0
pay_syn_42_01642,insufficient_funds,upi,38642,386.42,0,0.3721,0,BLIND_RETRY_24H,0,RETRY_LINK_DELAYED,RULE_LOW_PROB_DELAYED_NUDGE,0
pay_syn_42_01643,payment_cancelled,upi,74332,743.32,0,0.2644,0,BLIND_RETRY_24H,0,RETRY_LINK_DELAYED,RULE_LOW_PROB_DELAYED_NUDGE,0
pay_syn_42_01644,gateway_technical_error,upi,198684,1986.84,0,0.735,1,BLIND_RETRY_24H,0,RETRY_LINK_NOW,RULE_HIGH_PROB_IMMEDIATE_RETRY,0
pay_syn_42_01645,insufficient_funds,upi,284711,2847.11,0,0.3535,0,BLIND_RETRY_24H,1,RETRY_LINK_DELAYED,RULE_LOW_PROB_DELAYED_NUDGE,1
pay_syn_42_01646,card_expired,upi,1023399,10233.99,0,0.0,0,BLIND_RETRY_24H,0,ESCALATE_HUMAN,RULE_HARD_DECLINE_COMPLIANCE,0
pay_syn_42_01647,card_expired,upi,149200,1492.0,0,0.0,0,BLIND_RETRY_24H,0,ESCALATE_HUMAN,RULE_HARD_DECLINE_COMPLIANCE,0
pay_syn_42_01648,authentication_failed,upi,557172,5571.72,0,0.5775,1,BLIND_RETRY_24H,0,RETRY_LINK_NOW,RULE_HIGH_PROB_IMMEDIATE_RETRY,0
pay_syn_42_01649,insufficient_funds,upi,108121,1081.21,0,0.3669,0,BLIND_RETRY_24H,0,RETRY_LINK_DELAYED,RULE_LOW_PROB_DELAYED_NUDGE,0
pay_syn_42_01650,insufficient_funds,upi,124812,1248.12,1,0.2925,0,BLIND_RETRY_24H,0,RETRY_LINK_DELAYED,RULE_LOW_PROB_DELAYED_NUDGE,0
pay_syn_42_01651,gateway_technical_error,upi,117868,1178.68,0,0.735,1,BLIND_RETRY_24H,1,RETRY_LINK_NOW,RULE_HIGH_PROB_IMMEDIATE_RETRY,1
pay_syn_42_01652,gateway_technical_error,card,169627,1696.27,0,0.665,0,BLIND_RETRY_24H,0,RETRY_LINK_NOW,RULE_HIGH_PROB_IMMEDIATE_RETRY,0
pay_syn_42_01653,payment_cancelled,upi,348447,3484.47,2,0.156,0,BLIND_RETRY_24H,0,STOP,RULE_MAX_RETRIES_EXCEEDED,0
pay_syn_42_01654,gateway_technical_error,upi,81152,811.52,0,0.735,0,BLIND_RETRY_24H,0,RETRY_LINK_NOW,RULE_HIGH_PROB_IMMEDIATE_RETRY,1
pay_syn_42_01655,insufficient_funds,card,50363,503.63,0,0.3359,1,BLIND_RETRY_24H,1,RETRY_LINK_DELAYED,RULE_LOW_PROB_DELAYED_NUDGE,1
pay_syn_42_01656,insufficient_funds,card,383081,3830.81,0,0.3131,0,BLIND_RETRY_24H,0,RETRY_LINK_DELAYED,RULE_LOW_PROB_DELAYED_NUDGE,0
pay_syn_42_01657,authentication_failed,upi,351098,3510.98,2,0.3696,0,BLIND_RETRY_24H,0,STOP,RULE_MAX_RETRIES_EXCEEDED,0
pay_syn_42_01658,gateway_technical_error,upi,676784,6767.84,0,0.735,1,BLIND_RETRY_24H,0,RETRY_LINK_NOW,RULE_HIGH_PROB_IMMEDIATE_RETRY,1
pay_syn_42_01659,invalid_otp,upi,68926,689.26,0,0.63,1,BLIND_RETRY_24H,0,RETRY_LINK_NOW,RULE_HIGH_PROB_IMMEDIATE_RETRY,1
pay_syn_42_01660,insufficient_funds,upi,104054,1040.54,0,0.3672,1,BLIND_RETRY_24H,0,RETRY_LINK_DELAYED,RULE_LOW_PROB_DELAYED_NUDGE,1
pay_syn_42_01661,insufficient_funds,upi,400872,4008.72,0,0.3448,0,BLIND_RETRY_24H,0,RETRY_LINK_NOW,RULE_HIGH_PROB_IMMEDIATE_RETRY,0
pay_syn_42_01662,authentication_failed,card,80180,801.8,0,0.5225,1,BLIND_RETRY_24H,0,RETRY_LINK_NOW,RULE_HIGH_PROB_IMMEDIATE_RETRY,1
pay_syn_42_01663,gateway_technical_error,card,270952,2709.52,0,0.665,1,BLIND_RETRY_24H,0,RETRY_LINK_NOW,RULE_HIGH_PROB_IMMEDIATE_RETRY,1
pay_syn_42_01664,risk_check_failed,upi,108621,1086.21,0,0.0,0,BLIND_RETRY_24H,0,ESCALATE_HUMAN,RULE_HARD_DECLINE_COMPLIANCE,0
pay_syn_42_01665,card_lost_or_stolen,wallet,191307,1913.07,0,0.0,0,BLIND_RETRY_24H,0,ESCALATE_HUMAN,RULE_HARD_DECLINE_COMPLIANCE,0
pay_syn_42_01666,insufficient_funds,upi,37900,379.0,0,0.3722,0,BLIND_RETRY_24H,0,RETRY_LINK_DELAYED,RULE_LOW_PROB_DELAYED_NUDGE,0
pay_syn_42_01667,risk_check_failed,upi,147105,1471.05,0,0.0,0,BLIND_RETRY_24H,0,ESCALATE_HUMAN,RULE_HARD_DECLINE_COMPLIANCE,0
pay_syn_42_01668,insufficient_funds,upi,5000,50.0,0,0.3747,0,BLIND_RETRY_24H,0,RETRY_LINK_DELAYED,RULE_LOW_PROB_DELAYED_NUDGE,0
pay_syn_42_01669,authentication_failed,upi,504723,5047.23,0,0.5775,0,BLIND_RETRY_24H,1,RETRY_LINK_NOW,RULE_HIGH_PROB_IMMEDIATE_RETRY,1
pay_syn_42_01670,insufficient_funds,wallet,314997,3149.97,0,0.3412,0,BLIND_RETRY_24H,0,RETRY_LINK_DELAYED,RULE_LOW_PROB_DELAYED_NUDGE,1
pay_syn_42_01671,gateway_technical_error,card,47163,471.63,0,0.665,1,BLIND_RETRY_24H,0,RETRY_LINK_NOW,RULE_HIGH_PROB_IMMEDIATE_RETRY,1
pay_syn_42_01672,payment_cancelled,card,915540,9155.4,2,0.1163,0,BLIND_RETRY_24H,0,STOP,RULE_MAX_RETRIES_EXCEEDED,0
pay_syn_42_01673,invalid_otp,upi,467125,4671.25,0,0.63,1,BLIND_RETRY_24H,0,RETRY_LINK_NOW,RULE_HIGH_PROB_IMMEDIATE_RETRY,1
pay_syn_42_01674,insufficient_funds,upi,39666,396.66,0,0.3721,1,BLIND_RETRY_24H,0,RETRY_LINK_DELAYED,RULE_LOW_PROB_DELAYED_NUDGE,1
pay_syn_42_01675,invalid_otp,card,74854,748.54,0,0.57,1,BLIND_RETRY_24H,0,RETRY_LINK_NOW,RULE_HIGH_PROB_IMMEDIATE_RETRY,1
pay_syn_42_01676,authentication_failed,upi,41896,418.96,0,0.5775,0,BLIND_RETRY_24H,0,RETRY_LINK_NOW,RULE_HIGH_PROB_IMMEDIATE_RETRY,0
pay_syn_42_01677,insufficient_funds,upi,197388,1973.88,1,0.2881,0,BLIND_RETRY_24H,1,RETRY_LINK_DELAYED,RULE_LOW_PROB_DELAYED_NUDGE,0
pay_syn_42_01678,insufficient_funds,upi,71524,715.24,0,0.3697,1,BLIND_RETRY_24H,0,RETRY_LINK_DELAYED,RULE_LOW_PROB_DELAYED_NUDGE,1
pay_syn_42_01679,invalid_otp,upi,16345,163.45,0,0.63,1,BLIND_RETRY_24H,1,RETRY_LINK_NOW,RULE_HIGH_PROB_IMMEDIATE_RETRY,1
pay_syn_42_01680,bank_account_invalid,card,124203,1242.03,0,0.0,0,BLIND_RETRY_24H,0,ESCALATE_HUMAN,RULE_HARD_DECLINE_COMPLIANCE,0
pay_syn_42_01681,authentication_failed,card,365006,3650.06,1,0.418,1,BLIND_RETRY_24H,0,RETRY_LINK_NOW,RULE_HIGH_PROB_IMMEDIATE_RETRY,0
pay_syn_42_01682,authentication_failed,upi,150467,1504.67,1,0.462,0,BLIND_RETRY_24H,0,RETRY_LINK_NOW,RULE_HIGH_PROB_IMMEDIATE_RETRY,1
pay_syn_42_01683,invalid_otp,card,243531,2435.31,1,0.456,0,BLIND_RETRY_24H,0,RETRY_LINK_NOW,RULE_HIGH_PROB_IMMEDIATE_RETRY,0
pay_syn_42_01684,invalid_otp,card,166869,1668.69,0,0.57,1,BLIND_RETRY_24H,0,RETRY_LINK_NOW,RULE_HIGH_PROB_IMMEDIATE_RETRY,1
pay_syn_42_01685,authentication_failed,upi,299812,2998.12,0,0.5775,1,BLIND_RETRY_24H,1,RETRY_LINK_NOW,RULE_HIGH_PROB_IMMEDIATE_RETRY,0
pay_syn_42_01686,payment_cancelled,netbanking,184014,1840.14,0,0.2074,0,BLIND_RETRY_24H,0,RETRY_LINK_DELAYED,RULE_LOW_PROB_DELAYED_NUDGE,1
pay_syn_42_01687,fraud_suspected,upi,117031,1170.31,0,0.0,0,BLIND_RETRY_24H,0,ESCALATE_HUMAN,RULE_HARD_DECLINE_COMPLIANCE,0
pay_syn_42_01688,risk_check_failed,card,148432,1484.32,1,0.0,0,BLIND_RETRY_24H,0,ESCALATE_HUMAN,RULE_HARD_DECLINE_COMPLIANCE,0
pay_syn_42_01689,insufficient_funds,upi,710130,7101.3,0,0.3214,1,BLIND_RETRY_24H,0,RETRY_LINK_DELAYED,RULE_LOW_PROB_DELAYED_NUDGE,0
pay_syn_42_01690,card_expired,card,259757,2597.57,0,0.0,0,BLIND_RETRY_24H,0,ESCALATE_HUMAN,RULE_HARD_DECLINE_COMPLIANCE,0
pay_syn_42_01691,invalid_otp,upi,47007,470.07,0,0.63,1,BLIND_RETRY_24H,1,RETRY_LINK_NOW,RULE_HIGH_PROB_IMMEDIATE_RETRY,0
pay_syn_42_01692,authentication_failed,upi,145859,1458.59,0,0.5775,1,BLIND_RETRY_24H,0,RETRY_LINK_NOW,RULE_HIGH_PROB_IMMEDIATE_RETRY,1
pay_syn_42_01693,card_blocked,upi,193448,1934.48,0,0.0,0,BLIND_RETRY_24H,0,ESCALATE_HUMAN,RULE_HARD_DECLINE_COMPLIANCE,0
pay_syn_42_01694,gateway_technical_error,card,112914,1129.14,1,0.532,0,BLIND_RETRY_24H,1,RETRY_LINK_DELAYED,RULE_LOW_PROB_DELAYED_NUDGE,0
pay_syn_42_01695,bank_account_invalid,upi,16425,164.25,0,0.0,0,BLIND_RETRY_24H,0,ESCALATE_HUMAN,RULE_HARD_DECLINE_COMPLIANCE,0
pay_syn_42_01696,authentication_failed,upi,51987,519.87,0,0.5775,1,BLIND_RETRY_24H,1,RETRY_LINK_NOW,RULE_HIGH_PROB_IMMEDIATE_RETRY,0
pay_syn_42_01697,bank_account_invalid,card,84983,849.83,0,0.0,0,BLIND_RETRY_24H,0,ESCALATE_HUMAN,RULE_HARD_DECLINE_COMPLIANCE,0
pay_syn_42_01698,payment_cancelled,upi,1068351,10683.51,1,0.1514,0,BLIND_RETRY_24H,0,ESCALATE_HUMAN,RULE_HIGH_AMOUNT_ESCALATION,0
pay_syn_42_01699,payment_cancelled,netbanking,228619,2286.19,0,0.2046,0,BLIND_RETRY_24H,0,RETRY_LINK_DELAYED,RULE_LOW_PROB_DELAYED_NUDGE,0
pay_syn_42_01700,gateway_technical_error,card,24419,244.19,0,0.665,0,BLIND_RETRY_24H,0,RETRY_LINK_NOW,RULE_HIGH_PROB_IMMEDIATE_RETRY,1
pay_syn_42_01701,insufficient_funds,upi,120834,1208.34,0,0.3659,1,BLIND_RETRY_24H,0,RETRY_LINK_DELAYED,RULE_LOW_PROB_DELAYED_NUDGE,0
pay_syn_42_01702,card_lost_or_stolen,card,575818,5758.18,0,0.0,0,BLIND_RETRY_24H,0,ESCALATE_HUMAN,RULE_HARD_DECLINE_COMPLIANCE,0
pay_syn_42_01703,gateway_technical_error,upi,70489,704.89,0,0.735,1,BLIND_RETRY_24H,0,RETRY_LINK_NOW,RULE_HIGH_PROB_IMMEDIATE_RETRY,1
pay_syn_42_01704,authentication_failed,card,419738,4197.38,0,0.5225,1,BLIND_RETRY_24H,0,RETRY_LINK_NOW,RULE_HIGH_PROB_IMMEDIATE_RETRY,1
pay_syn_42_01705,insufficient_funds,upi,25182,251.82,1,0.2985,0,BLIND_RETRY_24H,0,RETRY_LINK_DELAYED,RULE_LOW_PROB_DELAYED_NUDGE,0
pay_syn_42_01706,invalid_otp,upi,5942,59.42,0,0.63,1,BLIND_RETRY_24H,1,RETRY_LINK_NOW,RULE_HIGH_PROB_IMMEDIATE_RETRY,0
pay_syn_42_01707,invalid_otp,upi,501550,5015.5,0,0.63,0,BLIND_RETRY_24H,0,RETRY_LINK_NOW,RULE_HIGH_PROB_IMMEDIATE_RETRY,0
pay_syn_42_01708,payment_timed_out,upi,80474,804.74,0,0.6825,1,BLIND_RETRY_24H,1,RETRY_LINK_NOW,RULE_HIGH_PROB_IMMEDIATE_RETRY,1
pay_syn_42_01709,insufficient_funds,upi,17128,171.28,0,0.3738,0,BLIND_RETRY_24H,0,RETRY_LINK_NOW,RULE_HIGH_PROB_IMMEDIATE_RETRY,0
pay_syn_42_01710,invalid_otp,upi,87360,873.6,0,0.63,1,BLIND_RETRY_24H,0,RETRY_LINK_NOW,RULE_HIGH_PROB_IMMEDIATE_RETRY,0
pay_syn_42_01711,insufficient_funds,upi,165154,1651.54,0,0.3626,0,BLIND_RETRY_24H,1,RETRY_LINK_DELAYED,RULE_LOW_PROB_DELAYED_NUDGE,1
pay_syn_42_01712,gateway_technical_error,card,219545,2195.45,0,0.665,1,BLIND_RETRY_24H,1,RETRY_LINK_NOW,RULE_HIGH_PROB_IMMEDIATE_RETRY,1
pay_syn_42_01713,authentication_failed,upi,8673,86.73,0,0.5775,1,BLIND_RETRY_24H,0,RETRY_LINK_NOW,RULE_HIGH_PROB_IMMEDIATE_RETRY,0
pay_syn_42_01714,insufficient_funds,upi,64932,649.32,0,0.3702,0,BLIND_RETRY_24H,0,RETRY_LINK_DELAYED,RULE_LOW_PROB_DELAYED_NUDGE,0
pay_syn_42_01715,invalid_otp,upi,142922,1429.22,0,0.63,0,BLIND_RETRY_24H,1,RETRY_LINK_NOW,RULE_HIGH_PROB_IMMEDIATE_RETRY,0
pay_syn_42_01716,insufficient_funds,card,218979,2189.79,0,0.3244,1,BLIND_RETRY_24H,0,RETRY_LINK_DELAYED,RULE_LOW_PROB_DELAYED_NUDGE,0
pay_syn_42_01717,insufficient_funds,upi,46452,464.52,1,0.2972,0,BLIND_RETRY_24H,1,RETRY_LINK_DELAYED,RULE_LOW_PROB_DELAYED_NUDGE,1
pay_syn_42_01718,insufficient_funds,card,106713,1067.13,0,0.332,0,BLIND_RETRY_24H,0,RETRY_LINK_DELAYED,RULE_LOW_PROB_DELAYED_NUDGE,0
pay_syn_42_01719,fraud_suspected,card,70262,702.62,0,0.0,0,BLIND_RETRY_24H,0,ESCALATE_HUMAN,RULE_HARD_DECLINE_COMPLIANCE,0
pay_syn_42_01720,gateway_technical_error,card,171409,1714.09,1,0.532,0,BLIND_RETRY_24H,0,RETRY_LINK_NOW,RULE_HIGH_PROB_IMMEDIATE_RETRY,1
pay_syn_42_01721,authentication_failed,upi,479333,4793.33,0,0.5775,0,BLIND_RETRY_24H,1,RETRY_LINK_NOW,RULE_HIGH_PROB_IMMEDIATE_RETRY,0
pay_syn_42_01722,insufficient_funds,upi,92530,925.3,0,0.3681,0,BLIND_RETRY_24H,1,RETRY_LINK_DELAYED,RULE_LOW_PROB_DELAYED_NUDGE,1
pay_syn_42_01723,payment_timed_out,card,29624,296.24,0,0.6175,1,BLIND_RETRY_24H,0,RETRY_LINK_NOW,RULE_HIGH_PROB_IMMEDIATE_RETRY,0
pay_syn_42_01724,bank_account_invalid,upi,61377,613.77,0,0.0,0,BLIND_RETRY_24H,0,ESCALATE_HUMAN,RULE_HARD_DECLINE_COMPLIANCE,0
pay_syn_42_01725,insufficient_funds,card,903111,9031.11,1,0.2221,0,BLIND_RETRY_24H,0,RETRY_LINK_DELAYED,RULE_LOW_PROB_DELAYED_NUDGE,0
pay_syn_42_01726,authentication_failed,upi,52194,521.94,0,0.5775,1,BLIND_RETRY_24H,1,RETRY_LINK_NOW,RULE_HIGH_PROB_IMMEDIATE_RETRY,1
pay_syn_42_01727,invalid_otp,upi,35696,356.96,0,0.63,1,BLIND_RETRY_24H,0,RETRY_LINK_NOW,RULE_HIGH_PROB_IMMEDIATE_RETRY,1
pay_syn_42_01728,payment_cancelled,card,86675,866.75,0,0.2384,0,BLIND_RETRY_24H,0,RETRY_LINK_DELAYED,RULE_LOW_PROB_DELAYED_NUDGE,1
pay_syn_42_01729,gateway_technical_error,card,120867,1208.67,1,0.532,1,BLIND_RETRY_24H,0,RETRY_LINK_NOW,RULE_HIGH_PROB_IMMEDIATE_RETRY,0
pay_syn_42_01730,invalid_otp,card,74825,748.25,1,0.456,0,BLIND_RETRY_24H,0,RETRY_LINK_NOW,RULE_HIGH_PROB_IMMEDIATE_RETRY,0
pay_syn_42_01731,authentication_failed,upi,25318,253.18,0,0.5775,1,BLIND_RETRY_24H,0,RETRY_LINK_NOW,RULE_HIGH_PROB_IMMEDIATE_RETRY,1
pay_syn_42_01732,insufficient_funds,upi,190789,1907.89,2,0.2308,0,BLIND_RETRY_24H,0,STOP,RULE_MAX_RETRIES_EXCEEDED,0
pay_syn_42_01733,invalid_otp,upi,171607,1716.07,1,0.504,0,BLIND_RETRY_24H,0,RETRY_LINK_NOW,RULE_HIGH_PROB_IMMEDIATE_RETRY,0
pay_syn_42_01734,insufficient_funds,card,286979,2869.79,0,0.3197,0,BLIND_RETRY_24H,0,RETRY_LINK_DELAYED,RULE_LOW_PROB_DELAYED_NUDGE,0
pay_syn_42_01735,payment_cancelled,upi,167331,1673.31,0,0.2574,0,BLIND_RETRY_24H,0,RETRY_LINK_DELAYED,RULE_LOW_PROB_DELAYED_NUDGE,1
pay_syn_42_01736,insufficient_funds,upi,806301,8063.01,2,0.201,0,BLIND_RETRY_24H,0,STOP,RULE_MAX_RETRIES_EXCEEDED,0
pay_syn_42_01737,insufficient_funds,upi,314218,3142.18,0,0.3513,1,BLIND_RETRY_24H,0,RETRY_LINK_DELAYED,RULE_LOW_PROB_DELAYED_NUDGE,0
pay_syn_42_01738,authentication_failed,upi,246105,2461.05,1,0.462,0,BLIND_RETRY_24H,1,RETRY_LINK_NOW,RULE_HIGH_PROB_IMMEDIATE_RETRY,1
pay_syn_42_01739,payment_timed_out,netbanking,501699,5016.99,0,0.5525,1,BLIND_RETRY_24H,0,RETRY_LINK_NOW,RULE_HIGH_PROB_IMMEDIATE_RETRY,1
pay_syn_42_01740,gateway_technical_error,card,156305,1563.05,1,0.532,1,BLIND_RETRY_24H,0,RETRY_LINK_NOW,RULE_HIGH_PROB_IMMEDIATE_RETRY,0
pay_syn_42_01741,invalid_otp,upi,109179,1091.79,0,0.63,0,BLIND_RETRY_24H,0,RETRY_LINK_NOW,RULE_HIGH_PROB_IMMEDIATE_RETRY,1
pay_syn_42_01742,gateway_technical_error,card,188371,1883.71,1,0.532,1,BLIND_RETRY_24H,0,RETRY_LINK_NOW,RULE_HIGH_PROB_IMMEDIATE_RETRY,1
pay_syn_42_01743,card_expired,card,15661,156.61,0,0.0,0,BLIND_RETRY_24H,0,ESCALATE_HUMAN,RULE_HARD_DECLINE_COMPLIANCE,0
pay_syn_42_01744,payment_timed_out,upi,156861,1568.61,0,0.6825,1,BLIND_RETRY_24H,1,RETRY_LINK_NOW,RULE_HIGH_PROB_IMMEDIATE_RETRY,0
pay_syn_42_01745,invalid_otp,upi,120724,1207.24,0,0.63,0,BLIND_RETRY_24H,0,RETRY_LINK_NOW,RULE_HIGH_PROB_IMMEDIATE_RETRY,1
pay_syn_42_01746,insufficient_funds,upi,212509,2125.09,0,0.359,1,BLIND_RETRY_24H,0,RETRY_LINK_DELAYED,RULE_LOW_PROB_DELAYED_NUDGE,0
pay_syn_42_01747,bank_account_invalid,upi,421286,4212.86,2,0.0,0,BLIND_RETRY_24H,0,STOP,RULE_MAX_RETRIES_EXCEEDED,0
pay_syn_42_01748,invalid_otp,wallet,254503,2545.03,0,0.612,1,BLIND_RETRY_24H,1,RETRY_LINK_NOW,RULE_HIGH_PROB_IMMEDIATE_RETRY,1
pay_syn_42_01749,gateway_technical_error,upi,61549,615.49,2,0.4704,0,BLIND_RETRY_24H,0,STOP,RULE_MAX_RETRIES_EXCEEDED,0
pay_syn_42_01750,invalid_otp,upi,343273,3432.73,0,0.63,1,BLIND_RETRY_24H,1,RETRY_LINK_NOW,RULE_HIGH_PROB_IMMEDIATE_RETRY,1
pay_syn_42_01751,invalid_otp,upi,822085,8220.85,0,0.63,0,BLIND_RETRY_24H,0,RETRY_LINK_NOW,RULE_HIGH_PROB_IMMEDIATE_RETRY,1
pay_syn_42_01752,insufficient_funds,card,434887,4348.87,0,0.3096,1,BLIND_RETRY_24H,0,RETRY_LINK_DELAYED,RULE_LOW_PROB_DELAYED_NUDGE,0
pay_syn_42_01753,card_expired,card,32297,322.97,0,0.0,0,BLIND_RETRY_24H,0,ESCALATE_HUMAN,RULE_HARD_DECLINE_COMPLIANCE,0
pay_syn_42_01754,insufficient_funds,upi,251400,2514.0,0,0.3561,0,BLIND_RETRY_24H,0,RETRY_LINK_DELAYED,RULE_LOW_PROB_DELAYED_NUDGE,1
pay_syn_42_01755,invalid_otp,upi,37317,373.17,0,0.63,1,BLIND_RETRY_24H,0,RETRY_LINK_NOW,RULE_HIGH_PROB_IMMEDIATE_RETRY,1
pay_syn_42_01756,insufficient_funds,upi,98098,980.98,0,0.3676,0,BLIND_RETRY_24H,0,RETRY_LINK_DELAYED,RULE_LOW_PROB_DELAYED_NUDGE,0
pay_syn_42_01757,invalid_otp,netbanking,205468,2054.68,1,0.408,1,BLIND_RETRY_24H,0,RETRY_LINK_NOW,RULE_HIGH_PROB_IMMEDIATE_RETRY,0
pay_syn_42_01758,payment_timed_out,wallet,176626,1766.26,0,0.663,1,BLIND_RETRY_24H,0,RETRY_LINK_NOW,RULE_HIGH_PROB_IMMEDIATE_RETRY,1
pay_syn_42_01759,gateway_technical_error,upi,424534,4245.34,0,0.735,1,BLIND_RETRY_24H,1,RETRY_LINK_NOW,RULE_HIGH_PROB_IMMEDIATE_RETRY,0
pay_syn_42_01760,payment_cancelled,upi,827462,8274.62,0,0.2075,0,BLIND_RETRY_24H,0,RETRY_LINK_DELAYED,RULE_LOW_PROB_DELAYED_NUDGE,0
pay_syn_42_01761,risk_check_failed,upi,229923,2299.23,0,0.0,0,BLIND_RETRY_24H,0,ESCALATE_HUMAN,RULE_HARD_DECLINE_COMPLIANCE,0
pay_syn_42_01762,invalid_otp,upi,90340,903.4,1,0.504,1,BLIND_RETRY_24H,0,RETRY_LINK_NOW,RULE_HIGH_PROB_IMMEDIATE_RETRY,1
pay_syn_42_01763,insufficient_funds,upi,16397,163.97,0,0.3738,1,BLIND_RETRY_24H,1,RETRY_LINK_NOW,RULE_HIGH_PROB_IMMEDIATE_RETRY,1
pay_syn_42_01764,authentication_failed,upi,571090,5710.9,0,0.5775,0,BLIND_RETRY_24H,0,RETRY_LINK_NOW,RULE_HIGH_PROB_IMMEDIATE_RETRY,1
pay_syn_42_01765,invalid_otp,upi,121420,1214.2,0,0.63,1,BLIND_RETRY_24H,1,RETRY_LINK_NOW,RULE_HIGH_PROB_IMMEDIATE_RETRY,0
pay_syn_42_01766,insufficient_funds,card,128520,1285.2,0,0.3305,0,BLIND_RETRY_24H,0,RETRY_LINK_DELAYED,RULE_LOW_PROB_DELAYED_NUDGE,0
pay_syn_42_01767,authentication_failed,upi,140172,1401.72,0,0.5775,1,BLIND_RETRY_24H,0,RETRY_LINK_NOW,RULE_HIGH_PROB_IMMEDIATE_RETRY,0
pay_syn_42_01768,invalid_otp,wallet,218048,2180.48,0,0.612,0,BLIND_RETRY_24H,0,RETRY_LINK_NOW,RULE_HIGH_PROB_IMMEDIATE_RETRY,1
pay_syn_42_01769,insufficient_funds,upi,225481,2254.81,0,0.358,0,BLIND_RETRY_24H,0,RETRY_LINK_DELAYED,RULE_LOW_PROB_DELAYED_NUDGE,0
pay_syn_42_01770,insufficient_funds,upi,99784,997.84,1,0.294,0,BLIND_RETRY_24H,0,RETRY_LINK_DELAYED,RULE_LOW_PROB_DELAYED_NUDGE,0
pay_syn_42_01771,risk_check_failed,wallet,120110,1201.1,1,0.0,0,BLIND_RETRY_24H,0,ESCALATE_HUMAN,RULE_HARD_DECLINE_COMPLIANCE,0
pay_syn_42_01772,authentication_failed,upi,69014,690.14,1,0.462,0,BLIND_RETRY_24H,0,RETRY_LINK_NOW,RULE_HIGH_PROB_IMMEDIATE_RETRY,0
pay_syn_42_01773,gateway_technical_error,upi,61499,614.99,1,0.588,0,BLIND_RETRY_24H,0,RETRY_LINK_NOW,RULE_HIGH_PROB_IMMEDIATE_RETRY,0
pay_syn_42_01774,fraud_suspected,upi,61192,611.92,0,0.0,0,BLIND_RETRY_24H,0,ESCALATE_HUMAN,RULE_HARD_DECLINE_COMPLIANCE,0
pay_syn_42_01775,payment_cancelled,upi,118591,1185.91,0,0.2611,0,BLIND_RETRY_24H,0,RETRY_LINK_DELAYED,RULE_LOW_PROB_DELAYED_NUDGE,0
pay_syn_42_01776,invalid_otp,card,49954,499.54,0,0.57,0,BLIND_RETRY_24H,0,RETRY_LINK_NOW,RULE_HIGH_PROB_IMMEDIATE_RETRY,1
pay_syn_42_01777,authentication_failed,upi,5472,54.72,1,0.462,1,BLIND_RETRY_24H,0,RETRY_LINK_NOW,RULE_HIGH_PROB_IMMEDIATE_RETRY,0
pay_syn_42_01778,invalid_otp,wallet,88687,886.87,1,0.4896,1,BLIND_RETRY_24H,0,RETRY_LINK_NOW,RULE_HIGH_PROB_IMMEDIATE_RETRY,1
pay_syn_42_01779,invalid_otp,upi,34338,343.38,2,0.4032,0,BLIND_RETRY_24H,0,STOP,RULE_MAX_RETRIES_EXCEEDED,0
pay_syn_42_01780,payment_cancelled,card,151073,1510.73,0,0.234,0,BLIND_RETRY_24H,0,RETRY_LINK_DELAYED,RULE_LOW_PROB_DELAYED_NUDGE,1
pay_syn_42_01781,gateway_technical_error,upi,68735,687.35,0,0.735,1,BLIND_RETRY_24H,1,RETRY_LINK_NOW,RULE_HIGH_PROB_IMMEDIATE_RETRY,1
pay_syn_42_01782,gateway_technical_error,wallet,221165,2211.65,1,0.5712,1,BLIND_RETRY_24H,0,RETRY_LINK_NOW,RULE_HIGH_PROB_IMMEDIATE_RETRY,1
pay_syn_42_01783,insufficient_funds,upi,37623,376.23,0,0.3722,0,BLIND_RETRY_24H,0,RETRY_LINK_DELAYED,RULE_LOW_PROB_DELAYED_NUDGE,0
pay_syn_42_01784,authentication_failed,card,19500,195.0,0,0.5225,1,BLIND_RETRY_24H,0,RETRY_LINK_NOW,RULE_HIGH_PROB_IMMEDIATE_RETRY,1
pay_syn_42_01785,gateway_technical_error,upi,120437,1204.37,1,0.588,0,BLIND_RETRY_24H,0,RETRY_LINK_NOW,RULE_HIGH_PROB_IMMEDIATE_RETRY,0
pay_syn_42_01786,gateway_technical_error,upi,84762,847.62,0,0.735,1,BLIND_RETRY_24H,0,RETRY_LINK_NOW,RULE_HIGH_PROB_IMMEDIATE_RETRY,0
pay_syn_42_01787,insufficient_funds,upi,31455,314.55,0,0.3727,0,BLIND_RETRY_24H,0,RETRY_LINK_DELAYED,RULE_LOW_PROB_DELAYED_NUDGE,0
pay_syn_42_01788,payment_cancelled,upi,314519,3145.19,0,0.2463,0,BLIND_RETRY_24H,0,RETRY_LINK_DELAYED,RULE_LOW_PROB_DELAYED_NUDGE,0
pay_syn_42_01789,authentication_failed,card,44477,444.77,1,0.418,1,BLIND_RETRY_24H,1,RETRY_LINK_NOW,RULE_HIGH_PROB_IMMEDIATE_RETRY,0
pay_syn_42_01790,invalid_otp,upi,58542,585.42,0,0.63,1,BLIND_RETRY_24H,0,RETRY_LINK_NOW,RULE_HIGH_PROB_IMMEDIATE_RETRY,1
pay_syn_42_01791,card_lost_or_stolen,upi,391607,3916.07,0,0.0,0,BLIND_RETRY_24H,0,ESCALATE_HUMAN,RULE_HARD_DECLINE_COMPLIANCE,0
pay_syn_42_01792,risk_check_failed,card,236183,2361.83,0,0.0,0,BLIND_RETRY_24H,0,ESCALATE_HUMAN,RULE_HARD_DECLINE_COMPLIANCE,0
pay_syn_42_01793,authentication_failed,card,39781,397.81,0,0.5225,0,BLIND_RETRY_24H,0,RETRY_LINK_NOW,RULE_HIGH_PROB_IMMEDIATE_RETRY,1
pay_syn_42_01794,payment_cancelled,upi,93088,930.88,0,0.263,0,BLIND_RETRY_24H,0,RETRY_LINK_DELAYED,RULE_LOW_PROB_DELAYED_NUDGE,0
pay_syn_42_01795,payment_cancelled,upi,35908,359.08,0,0.2673,1,BLIND_RETRY_24H,1,RETRY_LINK_DELAYED,RULE_LOW_PROB_DELAYED_NUDGE,0
pay_syn_42_01796,invalid_otp,upi,357982,3579.82,1,0.504,0,BLIND_RETRY_24H,1,RETRY_LINK_DELAYED,RULE_LOW_PROB_DELAYED_NUDGE,1
pay_syn_42_01797,payment_cancelled,upi,357689,3576.89,0,0.243,0,BLIND_RETRY_24H,0,RETRY_LINK_DELAYED,RULE_LOW_PROB_DELAYED_NUDGE,0
pay_syn_42_01798,insufficient_funds,upi,1002244,10022.44,0,0.2993,1,BLIND_RETRY_24H,1,ESCALATE_HUMAN,RULE_HIGH_AMOUNT_ESCALATION,0
pay_syn_42_01799,card_expired,upi,1647859,16478.59,2,0.0,0,BLIND_RETRY_24H,0,STOP,RULE_MAX_RETRIES_EXCEEDED,0
pay_syn_42_01800,authentication_failed,card,67898,678.98,2,0.3344,0,BLIND_RETRY_24H,1,STOP,RULE_MAX_RETRIES_EXCEEDED,0
pay_syn_42_01801,insufficient_funds,upi,293359,2933.59,1,0.2823,0,BLIND_RETRY_24H,0,RETRY_LINK_DELAYED,RULE_LOW_PROB_DELAYED_NUDGE,1
pay_syn_42_01802,insufficient_funds,netbanking,16877,168.77,0,0.3026,1,BLIND_RETRY_24H,0,RETRY_LINK_NOW,RULE_HIGH_PROB_IMMEDIATE_RETRY,1
pay_syn_42_01803,bank_account_invalid,card,164204,1642.04,0,0.0,0,BLIND_RETRY_24H,0,ESCALATE_HUMAN,RULE_HARD_DECLINE_COMPLIANCE,0
pay_syn_42_01804,payment_timed_out,upi,213878,2138.78,0,0.6825,1,BLIND_RETRY_24H,0,RETRY_LINK_NOW,RULE_HIGH_PROB_IMMEDIATE_RETRY,1
pay_syn_42_01805,invalid_otp,card,46987,469.87,1,0.456,0,BLIND_RETRY_24H,0,RETRY_LINK_NOW,RULE_HIGH_PROB_IMMEDIATE_RETRY,1
pay_syn_42_01806,payment_cancelled,upi,63607,636.07,0,0.2653,1,BLIND_RETRY_24H,0,RETRY_LINK_DELAYED,RULE_LOW_PROB_DELAYED_NUDGE,0
pay_syn_42_01807,invalid_otp,card,360630,3606.3,0,0.57,1,BLIND_RETRY_24H,0,RETRY_LINK_NOW,RULE_HIGH_PROB_IMMEDIATE_RETRY,0
pay_syn_42_01808,insufficient_funds,card,220030,2200.3,1,0.2594,0,BLIND_RETRY_24H,0,RETRY_LINK_DELAYED,RULE_LOW_PROB_DELAYED_NUDGE,0
pay_syn_42_01809,gateway_technical_error,upi,838288,8382.88,0,0.735,1,BLIND_RETRY_24H,1,RETRY_LINK_NOW,RULE_HIGH_PROB_IMMEDIATE_RETRY,1
pay_syn_42_01810,authentication_failed,upi,715497,7154.97,0,0.5775,1,BLIND_RETRY_24H,1,RETRY_LINK_NOW,RULE_HIGH_PROB_IMMEDIATE_RETRY,1
pay_syn_42_01811,payment_timed_out,upi,21653,216.53,0,0.6825,0,BLIND_RETRY_24H,0,RETRY_LINK_NOW,RULE_HIGH_PROB_IMMEDIATE_RETRY,0
pay_syn_42_01812,card_lost_or_stolen,card,75228,752.28,1,0.0,0,BLIND_RETRY_24H,0,ESCALATE_HUMAN,RULE_HARD_DECLINE_COMPLIANCE,0
pay_syn_42_01813,card_blocked,card,42193,421.93,0,0.0,0,BLIND_RETRY_24H,0,ESCALATE_HUMAN,RULE_HARD_DECLINE_COMPLIANCE,0
pay_syn_42_01814,gateway_technical_error,card,308172,3081.72,0,0.665,0,BLIND_RETRY_24H,1,RETRY_LINK_NOW,RULE_HIGH_PROB_IMMEDIATE_RETRY,0
pay_syn_42_01815,insufficient_funds,netbanking,183010,1830.1,0,0.2924,0,BLIND_RETRY_24H,1,RETRY_LINK_DELAYED,RULE_LOW_PROB_DELAYED_NUDGE,0
pay_syn_42_01816,fraud_suspected,netbanking,45185,451.85,0,0.0,0,BLIND_RETRY_24H,0,ESCALATE_HUMAN,RULE_HARD_DECLINE_COMPLIANCE,0
pay_syn_42_01817,payment_timed_out,upi,52767,527.67,2,0.4368,0,BLIND_RETRY_24H,0,STOP,RULE_MAX_RETRIES_EXCEEDED,0
pay_syn_42_01818,insufficient_funds,netbanking,529533,5295.33,0,0.2712,0,BLIND_RETRY_24H,0,RETRY_LINK_DELAYED,RULE_LOW_PROB_DELAYED_NUDGE,0
pay_syn_42_01819,invalid_otp,netbanking,84581,845.81,1,0.408,1,BLIND_RETRY_24H,0,RETRY_LINK_NOW,RULE_HIGH_PROB_IMMEDIATE_RETRY,0
pay_syn_42_01820,invalid_otp,upi,14426,144.26,0,0.63,1,BLIND_RETRY_24H,0,RETRY_LINK_NOW,RULE_HIGH_PROB_IMMEDIATE_RETRY,0
pay_syn_42_01821,payment_cancelled,upi,41243,412.43,0,0.2669,0,BLIND_RETRY_24H,0,RETRY_LINK_DELAYED,RULE_LOW_PROB_DELAYED_NUDGE,0
pay_syn_42_01822,gateway_technical_error,netbanking,1096607,10966.07,0,0.595,1,BLIND_RETRY_24H,1,ESCALATE_HUMAN,RULE_HIGH_AMOUNT_ESCALATION,0
pay_syn_42_01823,authentication_failed,upi,405696,4056.96,2,0.3696,0,BLIND_RETRY_24H,0,STOP,RULE_MAX_RETRIES_EXCEEDED,0
pay_syn_42_01824,insufficient_funds,upi,33683,336.83,0,0.3725,1,BLIND_RETRY_24H,0,RETRY_LINK_DELAYED,RULE_LOW_PROB_DELAYED_NUDGE,0
pay_syn_42_01825,payment_timed_out,card,164120,1641.2,0,0.6175,1,BLIND_RETRY_24H,0,RETRY_LINK_NOW,RULE_HIGH_PROB_IMMEDIATE_RETRY,1
pay_syn_42_01826,insufficient_funds,netbanking,375824,3758.24,0,0.2806,0,BLIND_RETRY_24H,0,RETRY_LINK_DELAYED,RULE_LOW_PROB_DELAYED_NUDGE,0
pay_syn_42_01827,gateway_technical_error,upi,21369,213.69,0,0.735,0,BLIND_RETRY_24H,1,RETRY_LINK_NOW,RULE_HIGH_PROB_IMMEDIATE_RETRY,1
pay_syn_42_01828,payment_timed_out,upi,429240,4292.4,1,0.546,1,BLIND_RETRY_24H,0,RETRY_LINK_NOW,RULE_HIGH_PROB_IMMEDIATE_RETRY,1
pay_syn_42_01829,payment_timed_out,card,217642,2176.42,2,0.3952,1,BLIND_RETRY_24H,0,STOP,RULE_MAX_RETRIES_EXCEEDED,0
pay_syn_42_01830,insufficient_funds,upi,59796,597.96,0,0.3705,0,BLIND_RETRY_24H,0,RETRY_LINK_DELAYED,RULE_LOW_PROB_DELAYED_NUDGE,0
pay_syn_42_01831,card_expired,upi,260079,2600.79,0,0.0,0,BLIND_RETRY_24H,0,ESCALATE_HUMAN,RULE_HARD_DECLINE_COMPLIANCE,0
pay_syn_42_01832,card_lost_or_stolen,upi,185934,1859.34,0,0.0,0,BLIND_RETRY_24H,0,ESCALATE_HUMAN,RULE_HARD_DECLINE_COMPLIANCE,0
pay_syn_42_01833,payment_cancelled,card,200697,2006.97,1,0.1845,0,BLIND_RETRY_24H,0,RETRY_LINK_DELAYED,RULE_LOW_PROB_DELAYED_NUDGE,0
pay_syn_42_01834,insufficient_funds,upi,157640,1576.4,2,0.2324,1,BLIND_RETRY_24H,0,STOP,RULE_MAX_RETRIES_EXCEEDED,0
pay_syn_42_01835,payment_cancelled,upi,50817,508.17,0,0.2662,0,BLIND_RETRY_24H,0,RETRY_LINK_DELAYED,RULE_LOW_PROB_DELAYED_NUDGE,0
pay_syn_42_01836,card_lost_or_stolen,upi,61189,611.89,0,0.0,0,BLIND_RETRY_24H,0,ESCALATE_HUMAN,RULE_HARD_DECLINE_COMPLIANCE,0
pay_syn_42_01837,invalid_otp,card,103079,1030.79,2,0.3648,0,BLIND_RETRY_24H,1,STOP,RULE_MAX_RETRIES_EXCEEDED,0
pay_syn_42_01838,gateway_technical_error,upi,140895,1408.95,2,0.4704,1,BLIND_RETRY_24H,0,STOP,RULE_MAX_RETRIES_EXCEEDED,0
pay_syn_42_01839,gateway_technical_error,upi,278488,2784.88,1,0.588,1,BLIND_RETRY_24H,0,RETRY_LINK_NOW,RULE_HIGH_PROB_IMMEDIATE_RETRY,1
pay_syn_42_01840,insufficient_funds,upi,1133147,11331.47,0,0.2894,1,BLIND_RETRY_24H,0,ESCALATE_HUMAN,RULE_HIGH_AMOUNT_ESCALATION,0
pay_syn_42_01841,invalid_otp,upi,172778,1727.78,0,0.63,1,BLIND_RETRY_24H,0,RETRY_LINK_NOW,RULE_HIGH_PROB_IMMEDIATE_RETRY,0
pay_syn_42_01842,card_expired,card,272749,2727.49,0,0.0,0,BLIND_RETRY_24H,0,ESCALATE_HUMAN,RULE_HARD_DECLINE_COMPLIANCE,0
pay_syn_42_01843,gateway_technical_error,card,353175,3531.75,1,0.532,1,BLIND_RETRY_24H,0,RETRY_LINK_NOW,RULE_HIGH_PROB_IMMEDIATE_RETRY,1
pay_syn_42_01844,gateway_technical_error,upi,296090,2960.9,0,0.735,1,BLIND_RETRY_24H,0,RETRY_LINK_NOW,RULE_HIGH_PROB_IMMEDIATE_RETRY,1
pay_syn_42_01845,insufficient_funds,upi,48887,488.87,0,0.3714,1,BLIND_RETRY_24H,0,RETRY_LINK_DELAYED,RULE_LOW_PROB_DELAYED_NUDGE,0
pay_syn_42_01846,insufficient_funds,upi,594905,5949.05,0,0.3301,1,BLIND_RETRY_24H,0,RETRY_LINK_DELAYED,RULE_LOW_PROB_DELAYED_NUDGE,1
pay_syn_42_01847,payment_cancelled,upi,485235,4852.35,2,0.1494,0,BLIND_RETRY_24H,0,STOP,RULE_MAX_RETRIES_EXCEEDED,0
pay_syn_42_01848,gateway_technical_error,upi,155266,1552.66,1,0.588,1,BLIND_RETRY_24H,1,RETRY_LINK_NOW,RULE_HIGH_PROB_IMMEDIATE_RETRY,1
pay_syn_42_01849,gateway_technical_error,upi,51912,519.12,1,0.588,1,BLIND_RETRY_24H,0,RETRY_LINK_NOW,RULE_HIGH_PROB_IMMEDIATE_RETRY,0
pay_syn_42_01850,insufficient_funds,upi,138442,1384.42,0,0.3646,0,BLIND_RETRY_24H,0,RETRY_LINK_DELAYED,RULE_LOW_PROB_DELAYED_NUDGE,1
pay_syn_42_01851,card_expired,upi,24041,240.41,0,0.0,0,BLIND_RETRY_24H,0,ESCALATE_HUMAN,RULE_HARD_DECLINE_COMPLIANCE,0
pay_syn_42_01852,bank_account_invalid,upi,700067,7000.67,0,0.0,0,BLIND_RETRY_24H,0,ESCALATE_HUMAN,RULE_HARD_DECLINE_COMPLIANCE,0
pay_syn_42_01853,insufficient_funds,upi,67149,671.49,1,0.296,1,BLIND_RETRY_24H,0,RETRY_LINK_DELAYED,RULE_LOW_PROB_DELAYED_NUDGE,0
pay_syn_42_01854,gateway_technical_error,card,97570,975.7,0,0.665,0,BLIND_RETRY_24H,0,RETRY_LINK_NOW,RULE_HIGH_PROB_IMMEDIATE_RETRY,0
pay_syn_42_01855,payment_timed_out,upi,637656,6376.56,0,0.6825,0,BLIND_RETRY_24H,0,RETRY_LINK_NOW,RULE_HIGH_PROB_IMMEDIATE_RETRY,1
pay_syn_42_01856,payment_cancelled,upi,8678,86.78,0,0.2694,0,BLIND_RETRY_24H,0,RETRY_LINK_DELAYED,RULE_LOW_PROB_DELAYED_NUDGE,0
pay_syn_42_01857,insufficient_funds,card,545704,5457.04,0,0.302,0,BLIND_RETRY_24H,0,RETRY_LINK_DELAYED,RULE_LOW_PROB_DELAYED_NUDGE,0
pay_syn_42_01858,authentication_failed,card,194268,1942.68,0,0.5225,1,BLIND_RETRY_24H,0,RETRY_LINK_NOW,RULE_HIGH_PROB_IMMEDIATE_RETRY,1
pay_syn_42_01859,payment_cancelled,upi,846785,8467.85,1,0.1648,0,BLIND_RETRY_24H,0,RETRY_LINK_DELAYED,RULE_LOW_PROB_DELAYED_NUDGE,0
pay_syn_42_01860,risk_check_failed,card,47340,473.4,0,0.0,0,BLIND_RETRY_24H,0,ESCALATE_HUMAN,RULE_HARD_DECLINE_COMPLIANCE,0
pay_syn_42_01861,fraud_suspected,upi,194382,1943.82,0,0.0,0,BLIND_RETRY_24H,0,ESCALATE_HUMAN,RULE_HARD_DECLINE_COMPLIANCE,0
pay_syn_42_01862,payment_cancelled,card,47737,477.37,1,0.1929,0,BLIND_RETRY_24H,0,RETRY_LINK_DELAYED,RULE_LOW_PROB_DELAYED_NUDGE,0
pay_syn_42_01863,insufficient_funds,upi,449582,4495.82,0,0.3411,0,BLIND_RETRY_24H,1,RETRY_LINK_DELAYED,RULE_LOW_PROB_DELAYED_NUDGE,0
pay_syn_42_01864,payment_timed_out,upi,430490,4304.9,0,0.6825,0,BLIND_RETRY_24H,0,RETRY_LINK_NOW,RULE_HIGH_PROB_IMMEDIATE_RETRY,1
pay_syn_42_01865,insufficient_funds,upi,929570,9295.7,2,0.1951,0,BLIND_RETRY_24H,0,STOP,RULE_MAX_RETRIES_EXCEEDED,0
pay_syn_42_01866,gateway_technical_error,upi,133897,1338.97,1,0.588,1,BLIND_RETRY_24H,0,RETRY_LINK_NOW,RULE_HIGH_PROB_IMMEDIATE_RETRY,1
pay_syn_42_01867,insufficient_funds,card,1328847,13288.47,0,0.2484,0,BLIND_RETRY_24H,1,ESCALATE_HUMAN,RULE_HIGH_AMOUNT_ESCALATION,0
pay_syn_42_01868,authentication_failed,upi,43868,438.68,0,0.5775,1,BLIND_RETRY_24H,1,RETRY_LINK_NOW,RULE_HIGH_PROB_IMMEDIATE_RETRY,1
pay_syn_42_01869,gateway_technical_error,card,126232,1262.32,1,0.532,0,BLIND_RETRY_24H,1,RETRY_LINK_NOW,RULE_HIGH_PROB_IMMEDIATE_RETRY,0
pay_syn_42_01870,invalid_otp,card,45462,454.62,1,0.456,0,BLIND_RETRY_24H,0,RETRY_LINK_NOW,RULE_HIGH_PROB_IMMEDIATE_RETRY,0
pay_syn_42_01871,insufficient_funds,upi,166195,1661.95,0,0.3625,0,BLIND_RETRY_24H,0,RETRY_LINK_DELAYED,RULE_LOW_PROB_DELAYED_NUDGE,0
pay_syn_42_01872,authentication_failed,upi,49548,495.48,2,0.3696,1,BLIND_RETRY_24H,0,STOP,RULE_MAX_RETRIES_EXCEEDED,0
pay_syn_42_01873,insufficient_funds,upi,451096,4510.96,0,0.341,1,BLIND_RETRY_24H,0,RETRY_LINK_DELAYED,RULE_LOW_PROB_DELAYED_NUDGE,0
pay_syn_42_01874,authentication_failed,netbanking,225902,2259.02,0,0.4675,0,BLIND_RETRY_24H,0,RETRY_LINK_NOW,RULE_HIGH_PROB_IMMEDIATE_RETRY,1
pay_syn_42_01875,payment_cancelled,upi,40287,402.87,0,0.267,0,BLIND_RETRY_24H,0,RETRY_LINK_DELAYED,RULE_LOW_PROB_DELAYED_NUDGE,0
pay_syn_42_01876,payment_timed_out,upi,335507,3355.07,0,0.6825,1,BLIND_RETRY_24H,0,RETRY_LINK_NOW,RULE_HIGH_PROB_IMMEDIATE_RETRY,1
pay_syn_42_01877,gateway_technical_error,upi,769882,7698.82,1,0.588,1,BLIND_RETRY_24H,0,RETRY_LINK_NOW,RULE_HIGH_PROB_IMMEDIATE_RETRY,1
pay_syn_42_01878,authentication_failed,upi,251865,2518.65,1,0.462,0,BLIND_RETRY_24H,0,RETRY_LINK_NOW,RULE_HIGH_PROB_IMMEDIATE_RETRY,1
pay_syn_42_01879,insufficient_funds,upi,29815,298.15,0,0.3728,0,BLIND_RETRY_24H,0,RETRY_LINK_DELAYED,RULE_LOW_PROB_DELAYED_NUDGE,0
pay_syn_42_01880,payment_cancelled,card,113698,1136.98,2,0.1514,0,BLIND_RETRY_24H,0,STOP,RULE_MAX_RETRIES_EXCEEDED,0
pay_syn_42_01881,authentication_failed,upi,291227,2912.27,0,0.5775,1,BLIND_RETRY_24H,0,RETRY_LINK_NOW,RULE_HIGH_PROB_IMMEDIATE_RETRY,0
pay_syn_42_01882,gateway_technical_error,card,102562,1025.62,0,0.665,1,BLIND_RETRY_24H,0,RETRY_LINK_NOW,RULE_HIGH_PROB_IMMEDIATE_RETRY,1
pay_syn_42_01883,invalid_otp,upi,43311,433.11,1,0.504,0,BLIND_RETRY_24H,0,RETRY_LINK_NOW,RULE_HIGH_PROB_IMMEDIATE_RETRY,1
pay_syn_42_01884,payment_cancelled,upi,518228,5182.28,1,0.1847,0,BLIND_RETRY_24H,0,RETRY_LINK_DELAYED,RULE_LOW_PROB_DELAYED_NUDGE,0
pay_syn_42_01885,bank_account_invalid,upi,97963,979.63,1,0.0,0,BLIND_RETRY_24H,0,ESCALATE_HUMAN,RULE_HARD_DECLINE_COMPLIANCE,0
pay_syn_42_01886,authentication_failed,upi,770512,7705.12,1,0.462,0,BLIND_RETRY_24H,0,RETRY_LINK_NOW,RULE_HIGH_PROB_IMMEDIATE_RETRY,0
pay_syn_42_01887,payment_cancelled,upi,75647,756.47,0,0.2643,0,BLIND_RETRY_24H,1,RETRY_LINK_DELAYED,RULE_LOW_PROB_DELAYED_NUDGE,1
pay_syn_42_01888,payment_timed_out,card,92058,920.58,0,0.6175,0,BLIND_RETRY_24H,1,RETRY_LINK_NOW,RULE_HIGH_PROB_IMMEDIATE_RETRY,1
pay_syn_42_01889,payment_cancelled,upi,69702,697.02,0,0.2648,0,BLIND_RETRY_24H,0,RETRY_LINK_DELAYED,RULE_LOW_PROB_DELAYED_NUDGE,1
pay_syn_42_01890,payment_cancelled,card,111633,1116.33,0,0.2367,0,BLIND_RETRY_24H,0,RETRY_LINK_DELAYED,RULE_LOW_PROB_DELAYED_NUDGE,0
pay_syn_42_01891,payment_timed_out,upi,221717,2217.17,0,0.6825,0,BLIND_RETRY_24H,1,RETRY_LINK_NOW,RULE_HIGH_PROB_IMMEDIATE_RETRY,1
pay_syn_42_01892,card_expired,upi,45592,455.92,2,0.0,0,BLIND_RETRY_24H,0,STOP,RULE_MAX_RETRIES_EXCEEDED,0
pay_syn_42_01893,authentication_failed,upi,37666,376.66,0,0.5775,1,BLIND_RETRY_24H,0,RETRY_LINK_NOW,RULE_HIGH_PROB_IMMEDIATE_RETRY,0
pay_syn_42_01894,insufficient_funds,card,20933,209.33,2,0.2163,0,BLIND_RETRY_24H,0,STOP,RULE_MAX_RETRIES_EXCEEDED,0
pay_syn_42_01895,payment_timed_out,upi,18618,186.18,0,0.6825,1,BLIND_RETRY_24H,0,RETRY_LINK_NOW,RULE_HIGH_PROB_IMMEDIATE_RETRY,1
pay_syn_42_01896,gateway_technical_error,upi,30157,301.57,1,0.588,1,BLIND_RETRY_24H,0,RETRY_LINK_NOW,RULE_HIGH_PROB_IMMEDIATE_RETRY,0
pay_syn_42_01897,authentication_failed,upi,75110,751.1,0,0.5775,0,BLIND_RETRY_24H,0,RETRY_LINK_NOW,RULE_HIGH_PROB_IMMEDIATE_RETRY,0
pay_syn_42_01898,card_expired,card,162868,1628.68,1,0.0,0,BLIND_RETRY_24H,0,ESCALATE_HUMAN,RULE_HARD_DECLINE_COMPLIANCE,0
pay_syn_42_01899,insufficient_funds,card,208085,2080.85,0,0.3251,1,BLIND_RETRY_24H,0,RETRY_LINK_DELAYED,RULE_LOW_PROB_DELAYED_NUDGE,1
pay_syn_42_01900,fraud_suspected,card,154715,1547.15,0,0.0,0,BLIND_RETRY_24H,0,ESCALATE_HUMAN,RULE_HARD_DECLINE_COMPLIANCE,0
pay_syn_42_01901,card_expired,upi,660789,6607.89,2,0.0,0,BLIND_RETRY_24H,0,STOP,RULE_MAX_RETRIES_EXCEEDED,0
pay_syn_42_01902,insufficient_funds,card,977825,9778.25,0,0.2725,0,BLIND_RETRY_24H,1,RETRY_LINK_DELAYED,RULE_LOW_PROB_DELAYED_NUDGE,1
pay_syn_42_01903,payment_cancelled,card,98457,984.57,0,0.2376,1,BLIND_RETRY_24H,0,RETRY_LINK_DELAYED,RULE_LOW_PROB_DELAYED_NUDGE,1
pay_syn_42_01904,invalid_otp,upi,46359,463.59,1,0.504,0,BLIND_RETRY_24H,1,RETRY_LINK_NOW,RULE_HIGH_PROB_IMMEDIATE_RETRY,0
pay_syn_42_01905,insufficient_funds,upi,1449504,14495.04,0,0.2655,0,BLIND_RETRY_24H,0,ESCALATE_HUMAN,RULE_HIGH_AMOUNT_ESCALATION,0
pay_syn_42_01906,gateway_technical_error,wallet,496219,4962.19,0,0.714,1,BLIND_RETRY_24H,1,RETRY_LINK_NOW,RULE_HIGH_PROB_IMMEDIATE_RETRY,1
pay_syn_42_01907,authentication_failed,card,452101,4521.01,0,0.5225,0,BLIND_RETRY_24H,0,RETRY_LINK_NOW,RULE_HIGH_PROB_IMMEDIATE_RETRY,1
pay_syn_42_01908,authentication_failed,upi,72029,720.29,1,0.462,1,BLIND_RETRY_24H,0,RETRY_LINK_NOW,RULE_HIGH_PROB_IMMEDIATE_RETRY,0
pay_syn_42_01909,payment_cancelled,upi,345577,3455.77,0,0.2439,0,BLIND_RETRY_24H,0,RETRY_LINK_DELAYED,RULE_LOW_PROB_DELAYED_NUDGE,0
pay_syn_42_01910,insufficient_funds,upi,156082,1560.82,1,0.2906,0,BLIND_RETRY_24H,1,RETRY_LINK_DELAYED,RULE_LOW_PROB_DELAYED_NUDGE,0
pay_syn_42_01911,stolen_card,upi,123476,1234.76,0,0.0,0,BLIND_RETRY_24H,0,ESCALATE_HUMAN,RULE_HARD_DECLINE_COMPLIANCE,0
pay_syn_42_01912,insufficient_funds,upi,123246,1232.46,0,0.3657,0,BLIND_RETRY_24H,0,RETRY_LINK_DELAYED,RULE_LOW_PROB_DELAYED_NUDGE,0
pay_syn_42_01913,invalid_otp,card,233589,2335.89,1,0.456,0,BLIND_RETRY_24H,0,RETRY_LINK_NOW,RULE_HIGH_PROB_IMMEDIATE_RETRY,1
pay_syn_42_01914,payment_cancelled,upi,689136,6891.36,0,0.218,1,BLIND_RETRY_24H,0,RETRY_LINK_DELAYED,RULE_LOW_PROB_DELAYED_NUDGE,1
pay_syn_42_01915,payment_cancelled,card,1629469,16294.69,0,0.1329,0,BLIND_RETRY_24H,0,ESCALATE_HUMAN,RULE_HIGH_AMOUNT_ESCALATION,0
pay_syn_42_01916,payment_cancelled,upi,85848,858.48,0,0.2636,0,BLIND_RETRY_24H,0,RETRY_LINK_DELAYED,RULE_LOW_PROB_DELAYED_NUDGE,1
pay_syn_42_01917,insufficient_funds,card,166076,1660.76,0,0.328,1,BLIND_RETRY_24H,0,RETRY_LINK_DELAYED,RULE_LOW_PROB_DELAYED_NUDGE,0
pay_syn_42_01918,card_expired,upi,120143,1201.43,0,0.0,0,BLIND_RETRY_24H,0,ESCALATE_HUMAN,RULE_HARD_DECLINE_COMPLIANCE,0
pay_syn_42_01919,invalid_otp,upi,216370,2163.7,2,0.4032,0,BLIND_RETRY_24H,0,STOP,RULE_MAX_RETRIES_EXCEEDED,0
pay_syn_42_01920,insufficient_funds,card,8264,82.64,1,0.271,0,BLIND_RETRY_24H,0,RETRY_LINK_DELAYED,RULE_LOW_PROB_DELAYED_NUDGE,0
pay_syn_42_01921,gateway_technical_error,netbanking,104867,1048.67,1,0.476,0,BLIND_RETRY_24H,0,RETRY_LINK_NOW,RULE_HIGH_PROB_IMMEDIATE_RETRY,0
pay_syn_42_01922,gateway_technical_error,netbanking,1272786,12727.86,0,0.595,0,BLIND_RETRY_24H,1,ESCALATE_HUMAN,RULE_HIGH_AMOUNT_ESCALATION,1
pay_syn_42_01923,card_expired,upi,63751,637.51,0,0.0,0,BLIND_RETRY_24H,0,ESCALATE_HUMAN,RULE_HARD_DECLINE_COMPLIANCE,0
pay_syn_42_01924,insufficient_funds,upi,85973,859.73,0,0.3686,0,BLIND_RETRY_24H,0,RETRY_LINK_DELAYED,RULE_LOW_PROB_DELAYED_NUDGE,0
pay_syn_42_01925,insufficient_funds,upi,73134,731.34,0,0.3695,0,BLIND_RETRY_24H,0,RETRY_LINK_DELAYED,RULE_LOW_PROB_DELAYED_NUDGE,0
pay_syn_42_01926,payment_timed_out,wallet,113942,1139.42,0,0.663,0,BLIND_RETRY_24H,1,RETRY_LINK_NOW,RULE_HIGH_PROB_IMMEDIATE_RETRY,1
pay_syn_42_01927,gateway_technical_error,upi,32315,323.15,2,0.4704,1,BLIND_RETRY_24H,0,STOP,RULE_MAX_RETRIES_EXCEEDED,0
pay_syn_42_01928,insufficient_funds,netbanking,74592,745.92,0,0.2991,1,BLIND_RETRY_24H,0,RETRY_LINK_DELAYED,RULE_LOW_PROB_DELAYED_NUDGE,0
pay_syn_42_01929,payment_cancelled,upi,213972,2139.72,0,0.2539,0,BLIND_RETRY_24H,0,RETRY_LINK_DELAYED,RULE_LOW_PROB_DELAYED_NUDGE,0
pay_syn_42_01930,payment_timed_out,card,212181,2121.81,0,0.6175,1,BLIND_RETRY_24H,1,RETRY_LINK_NOW,RULE_HIGH_PROB_IMMEDIATE_RETRY,0
pay_syn_42_01931,gateway_technical_error,upi,176839,1768.39,0,0.735,0,BLIND_RETRY_24H,0,RETRY_LINK_NOW,RULE_HIGH_PROB_IMMEDIATE_RETRY,1
pay_syn_42_01932,authentication_failed,upi,614249,6142.49,0,0.5775,0,BLIND_RETRY_24H,0,RETRY_LINK_NOW,RULE_HIGH_PROB_IMMEDIATE_RETRY,1
pay_syn_42_01933,insufficient_funds,upi,223769,2237.69,0,0.3581,0,BLIND_RETRY_24H,0,RETRY_LINK_DELAYED,RULE_LOW_PROB_DELAYED_NUDGE,0
pay_syn_42_01934,insufficient_funds,card,588904,5889.04,2,0.1914,0,BLIND_RETRY_24H,0,STOP,RULE_MAX_RETRIES_EXCEEDED,0
pay_syn_42_01935,payment_cancelled,netbanking,1631236,16312.36,0,0.1188,0,BLIND_RETRY_24H,0,ESCALATE_HUMAN,RULE_HIGH_AMOUNT_ESCALATION,0
pay_syn_42_01936,card_expired,upi,356151,3561.51,0,0.0,0,BLIND_RETRY_24H,0,ESCALATE_HUMAN,RULE_HARD_DECLINE_COMPLIANCE,0
pay_syn_42_01937,card_expired,upi,32469,324.69,2,0.0,0,BLIND_RETRY_24H,0,STOP,RULE_MAX_RETRIES_EXCEEDED,0
pay_syn_42_01938,gateway_technical_error,upi,184824,1848.24,0,0.735,1,BLIND_RETRY_24H,0,RETRY_LINK_NOW,RULE_HIGH_PROB_IMMEDIATE_RETRY,0
pay_syn_42_01939,authentication_failed,card,156412,1564.12,0,0.5225,1,BLIND_RETRY_24H,0,RETRY_LINK_NOW,RULE_HIGH_PROB_IMMEDIATE_RETRY,1
pay_syn_42_01940,insufficient_funds,upi,768857,7688.57,2,0.2028,0,BLIND_RETRY_24H,1,STOP,RULE_MAX_RETRIES_EXCEEDED,0
pay_syn_42_01941,insufficient_funds,upi,118481,1184.81,0,0.3661,1,BLIND_RETRY_24H,1,RETRY_LINK_DELAYED,RULE_LOW_PROB_DELAYED_NUDGE,0
pay_syn_42_01942,authentication_failed,card,55255,552.55,0,0.5225,1,BLIND_RETRY_24H,0,RETRY_LINK_NOW,RULE_HIGH_PROB_IMMEDIATE_RETRY,0
pay_syn_42_01943,gateway_technical_error,card,79202,792.02,0,0.665,1,BLIND_RETRY_24H,0,RETRY_LINK_NOW,RULE_HIGH_PROB_IMMEDIATE_RETRY,0
pay_syn_42_01944,stolen_card,card,33675,336.75,0,0.0,0,BLIND_RETRY_24H,0,ESCALATE_HUMAN,RULE_HARD_DECLINE_COMPLIANCE,0
pay_syn_42_01945,invalid_otp,card,5339,53.39,0,0.57,1,BLIND_RETRY_24H,0,RETRY_LINK_NOW,RULE_HIGH_PROB_IMMEDIATE_RETRY,1
pay_syn_42_01946,insufficient_funds,card,1281369,12813.69,1,0.2014,0,BLIND_RETRY_24H,0,ESCALATE_HUMAN,RULE_HIGH_AMOUNT_ESCALATION,0
pay_syn_42_01947,authentication_failed,upi,136745,1367.45,0,0.5775,1,BLIND_RETRY_24H,0,RETRY_LINK_NOW,RULE_HIGH_PROB_IMMEDIATE_RETRY,1
pay_syn_42_01948,payment_cancelled,upi,36914,369.14,0,0.2673,1,BLIND_RETRY_24H,0,RETRY_LINK_DELAYED,RULE_LOW_PROB_DELAYED_NUDGE,1
pay_syn_42_01949,authentication_failed,wallet,864983,8649.83,1,0.4488,0,BLIND_RETRY_24H,0,RETRY_LINK_DELAYED,RULE_LOW_PROB_DELAYED_NUDGE,0
pay_syn_42_01950,gateway_technical_error,upi,1079693,10796.93,0,0.735,1,BLIND_RETRY_24H,0,ESCALATE_HUMAN,RULE_HIGH_AMOUNT_ESCALATION,1
pay_syn_42_01951,payment_timed_out,netbanking,162427,1624.27,0,0.5525,0,BLIND_RETRY_24H,1,RETRY_LINK_NOW,RULE_HIGH_PROB_IMMEDIATE_RETRY,0
pay_syn_42_01952,invalid_otp,wallet,30785,307.85,1,0.4896,1,BLIND_RETRY_24H,0,RETRY_LINK_NOW,RULE_HIGH_PROB_IMMEDIATE_RETRY,1
pay_syn_42_01953,insufficient_funds,card,81240,812.4,0,0.3338,1,BLIND_RETRY_24H,0,RETRY_LINK_DELAYED,RULE_LOW_PROB_DELAYED_NUDGE,0
pay_syn_42_01954,payment_timed_out,upi,105309,1053.09,0,0.6825,1,BLIND_RETRY_24H,0,RETRY_LINK_NOW,RULE_HIGH_PROB_IMMEDIATE_RETRY,1
pay_syn_42_01955,gateway_technical_error,upi,141868,1418.68,0,0.735,1,BLIND_RETRY_24H,0,RETRY_LINK_NOW,RULE_HIGH_PROB_IMMEDIATE_RETRY,0
pay_syn_42_01956,insufficient_funds,upi,41710,417.1,0,0.3719,1,BLIND_RETRY_24H,0,RETRY_LINK_DELAYED,RULE_LOW_PROB_DELAYED_NUDGE,1
pay_syn_42_01957,invalid_otp,upi,392687,3926.87,0,0.63,1,BLIND_RETRY_24H,0,RETRY_LINK_NOW,RULE_HIGH_PROB_IMMEDIATE_RETRY,1
pay_syn_42_01958,payment_timed_out,upi,13213,132.13,2,0.4368,1,BLIND_RETRY_24H,0,STOP,RULE_MAX_RETRIES_EXCEEDED,0
pay_syn_42_01959,invalid_otp,upi,476451,4764.51,0,0.63,1,BLIND_RETRY_24H,0,RETRY_LINK_NOW,RULE_HIGH_PROB_IMMEDIATE_RETRY,0
pay_syn_42_01960,authentication_failed,upi,615478,6154.78,0,0.5775,1,BLIND_RETRY_24H,0,RETRY_LINK_NOW,RULE_HIGH_PROB_IMMEDIATE_RETRY,0
pay_syn_42_01961,payment_cancelled,wallet,90015,900.15,0,0.2557,0,BLIND_RETRY_24H,1,RETRY_LINK_DELAYED,RULE_LOW_PROB_DELAYED_NUDGE,0
pay_syn_42_01962,insufficient_funds,upi,124812,1248.12,0,0.3656,1,BLIND_RETRY_24H,0,RETRY_LINK_DELAYED,RULE_LOW_PROB_DELAYED_NUDGE,0
pay_syn_42_01963,stolen_card,wallet,720993,7209.93,0,0.0,0,BLIND_RETRY_24H,0,ESCALATE_HUMAN,RULE_HARD_DECLINE_COMPLIANCE,0
pay_syn_42_01964,payment_timed_out,upi,278338,2783.38,1,0.546,1,BLIND_RETRY_24H,0,RETRY_LINK_NOW,RULE_HIGH_PROB_IMMEDIATE_RETRY,0
pay_syn_42_01965,authentication_failed,card,93475,934.75,1,0.418,1,BLIND_RETRY_24H,0,RETRY_LINK_NOW,RULE_HIGH_PROB_IMMEDIATE_RETRY,1
pay_syn_42_01966,card_expired,upi,105912,1059.12,0,0.0,0,BLIND_RETRY_24H,0,ESCALATE_HUMAN,RULE_HARD_DECLINE_COMPLIANCE,0
pay_syn_42_01967,invalid_otp,upi,235113,2351.13,1,0.504,1,BLIND_RETRY_24H,1,RETRY_LINK_NOW,RULE_HIGH_PROB_IMMEDIATE_RETRY,0
pay_syn_42_01968,authentication_failed,upi,1125614,11256.14,0,0.5775,0,BLIND_RETRY_24H,0,ESCALATE_HUMAN,RULE_HIGH_AMOUNT_ESCALATION,1
pay_syn_42_01969,insufficient_funds,upi,109503,1095.03,0,0.3668,1,BLIND_RETRY_24H,0,RETRY_LINK_DELAYED,RULE_LOW_PROB_DELAYED_NUDGE,0
pay_syn_42_01970,card_lost_or_stolen,upi,90475,904.75,0,0.0,0,BLIND_RETRY_24H,0,ESCALATE_HUMAN,RULE_HARD_DECLINE_COMPLIANCE,0
pay_syn_42_01971,authentication_failed,upi,140775,1407.75,0,0.5775,1,BLIND_RETRY_24H,1,RETRY_LINK_NOW,RULE_HIGH_PROB_IMMEDIATE_RETRY,1
pay_syn_42_01972,gateway_technical_error,upi,141703,1417.03,0,0.735,1,BLIND_RETRY_24H,0,RETRY_LINK_NOW,RULE_HIGH_PROB_IMMEDIATE_RETRY,1
pay_syn_42_01973,invalid_otp,card,191079,1910.79,2,0.3648,1,BLIND_RETRY_24H,0,STOP,RULE_MAX_RETRIES_EXCEEDED,0
pay_syn_42_01974,card_expired,upi,125250,1252.5,0,0.0,0,BLIND_RETRY_24H,0,ESCALATE_HUMAN,RULE_HARD_DECLINE_COMPLIANCE,0
pay_syn_42_01975,card_expired,upi,513022,5130.22,0,0.0,0,BLIND_RETRY_24H,0,ESCALATE_HUMAN,RULE_HARD_DECLINE_COMPLIANCE,0
pay_syn_42_01976,invalid_otp,upi,51058,510.58,2,0.4032,0,BLIND_RETRY_24H,0,STOP,RULE_MAX_RETRIES_EXCEEDED,0
pay_syn_42_01977,card_expired,upi,216083,2160.83,1,0.0,0,BLIND_RETRY_24H,0,ESCALATE_HUMAN,RULE_HARD_DECLINE_COMPLIANCE,0
pay_syn_42_01978,authentication_failed,wallet,225967,2259.67,1,0.4488,1,BLIND_RETRY_24H,0,RETRY_LINK_NOW,RULE_HIGH_PROB_IMMEDIATE_RETRY,0
pay_syn_42_01979,invalid_otp,card,55829,558.29,2,0.3648,0,BLIND_RETRY_24H,0,STOP,RULE_MAX_RETRIES_EXCEEDED,0
pay_syn_42_01980,invalid_otp,netbanking,213631,2136.31,0,0.51,0,BLIND_RETRY_24H,0,RETRY_LINK_NOW,RULE_HIGH_PROB_IMMEDIATE_RETRY,1
pay_syn_42_01981,insufficient_funds,upi,232859,2328.59,0,0.3575,0,BLIND_RETRY_24H,1,RETRY_LINK_DELAYED,RULE_LOW_PROB_DELAYED_NUDGE,1
pay_syn_42_01982,authentication_failed,card,8626,86.26,2,0.3344,1,BLIND_RETRY_24H,0,STOP,RULE_MAX_RETRIES_EXCEEDED,0
pay_syn_42_01983,gateway_technical_error,wallet,46302,463.02,1,0.5712,1,BLIND_RETRY_24H,0,RETRY_LINK_NOW,RULE_HIGH_PROB_IMMEDIATE_RETRY,0
pay_syn_42_01984,gateway_technical_error,upi,803919,8039.19,1,0.588,1,BLIND_RETRY_24H,0,RETRY_LINK_NOW,RULE_HIGH_PROB_IMMEDIATE_RETRY,0
pay_syn_42_01985,invalid_otp,upi,70630,706.3,0,0.63,0,BLIND_RETRY_24H,1,RETRY_LINK_NOW,RULE_HIGH_PROB_IMMEDIATE_RETRY,0
pay_syn_42_01986,payment_cancelled,upi,36824,368.24,0,0.2673,0,BLIND_RETRY_24H,1,RETRY_LINK_DELAYED,RULE_LOW_PROB_DELAYED_NUDGE,0
pay_syn_42_01987,invalid_otp,upi,17860,178.6,0,0.63,1,BLIND_RETRY_24H,0,RETRY_LINK_NOW,RULE_HIGH_PROB_IMMEDIATE_RETRY,1
pay_syn_42_01988,payment_cancelled,card,42139,421.39,0,0.2415,0,BLIND_RETRY_24H,0,RETRY_LINK_DELAYED,RULE_LOW_PROB_DELAYED_NUDGE,0
pay_syn_42_01989,insufficient_funds,upi,119539,1195.39,0,0.366,0,BLIND_RETRY_24H,0,RETRY_LINK_DELAYED,RULE_LOW_PROB_DELAYED_NUDGE,1
pay_syn_42_01990,gateway_technical_error,upi,34276,342.76,2,0.4704,0,BLIND_RETRY_24H,0,STOP,RULE_MAX_RETRIES_EXCEEDED,0
pay_syn_42_01991,payment_cancelled,upi,282663,2826.63,0,0.2487,1,BLIND_RETRY_24H,0,RETRY_LINK_DELAYED,RULE_LOW_PROB_DELAYED_NUDGE,0
pay_syn_42_01992,card_expired,upi,54805,548.05,0,0.0,0,BLIND_RETRY_24H,0,ESCALATE_HUMAN,RULE_HARD_DECLINE_COMPLIANCE,0
pay_syn_42_01993,insufficient_funds,upi,192742,1927.42,0,0.3605,1,BLIND_RETRY_24H,0,RETRY_LINK_DELAYED,RULE_LOW_PROB_DELAYED_NUDGE,1
pay_syn_42_01994,payment_timed_out,wallet,660843,6608.43,0,0.663,0,BLIND_RETRY_24H,1,RETRY_LINK_NOW,RULE_HIGH_PROB_IMMEDIATE_RETRY,1
pay_syn_42_01995,payment_cancelled,upi,608843,6088.43,0,0.224,0,BLIND_RETRY_24H,0,RETRY_LINK_DELAYED,RULE_LOW_PROB_DELAYED_NUDGE,0
pay_syn_42_01996,card_expired,card,189021,1890.21,0,0.0,0,BLIND_RETRY_24H,0,ESCALATE_HUMAN,RULE_HARD_DECLINE_COMPLIANCE,0
pay_syn_42_01997,insufficient_funds,upi,39436,394.36,0,0.3721,1,BLIND_RETRY_24H,0,RETRY_LINK_DELAYED,RULE_LOW_PROB_DELAYED_NUDGE,0
pay_syn_42_01998,insufficient_funds,card,128767,1287.67,0,0.3305,0,BLIND_RETRY_24H,1,RETRY_LINK_DELAYED,RULE_LOW_PROB_DELAYED_NUDGE,0
pay_syn_42_01999,gateway_technical_error,upi,196134,1961.34,1,0.588,1,BLIND_RETRY_24H,1,RETRY_LINK_NOW,RULE_HIGH_PROB_IMMEDIATE_RETRY,1
pay_syn_42_02000,gateway_technical_error,upi,2122027,21220.27,0,0.735,1,BLIND_RETRY_24H,0,ESCALATE_HUMAN,RULE_HIGH_AMOUNT_ESCALATION,0
pay_syn_42_02001,invalid_otp,netbanking,17696,176.96,0,0.51,0,BLIND_RETRY_24H,1,RETRY_LINK_NOW,RULE_HIGH_PROB_IMMEDIATE_RETRY,1
pay_syn_42_02002,invalid_otp,upi,129270,1292.7,2,0.4032,1,BLIND_RETRY_24H,0,STOP,RULE_MAX_RETRIES_EXCEEDED,0
pay_syn_42_02003,authentication_failed,card,270971,2709.71,0,0.5225,1,BLIND_RETRY_24H,0,RETRY_LINK_NOW,RULE_HIGH_PROB_IMMEDIATE_RETRY,0
pay_syn_42_02004,gateway_technical_error,card,153362,1533.62,0,0.665,1,BLIND_RETRY_24H,1,RETRY_LINK_NOW,RULE_HIGH_PROB_IMMEDIATE_RETRY,0
pay_syn_42_02005,card_expired,card,173033,1730.33,0,0.0,0,BLIND_RETRY_24H,0,ESCALATE_HUMAN,RULE_HARD_DECLINE_COMPLIANCE,0
pay_syn_42_02006,invalid_otp,card,58263,582.63,0,0.57,1,BLIND_RETRY_24H,0,RETRY_LINK_NOW,RULE_HIGH_PROB_IMMEDIATE_RETRY,1
pay_syn_42_02007,gateway_technical_error,upi,384383,3843.83,1,0.588,1,BLIND_RETRY_24H,0,RETRY_LINK_NOW,RULE_HIGH_PROB_IMMEDIATE_RETRY,1
pay_syn_42_02008,gateway_technical_error,upi,141775,1417.75,0,0.735,1,BLIND_RETRY_24H,0,RETRY_LINK_NOW,RULE_HIGH_PROB_IMMEDIATE_RETRY,1
pay_syn_42_02009,authentication_failed,upi,172328,1723.28,1,0.462,0,BLIND_RETRY_24H,1,RETRY_LINK_NOW,RULE_HIGH_PROB_IMMEDIATE_RETRY,1
pay_syn_42_02010,gateway_technical_error,upi,436664,4366.64,0,0.735,1,BLIND_RETRY_24H,0,RETRY_LINK_NOW,RULE_HIGH_PROB_IMMEDIATE_RETRY,1
pay_syn_42_02011,payment_timed_out,netbanking,96562,965.62,0,0.5525,0,BLIND_RETRY_24H,1,RETRY_LINK_DELAYED,RULE_LOW_PROB_DELAYED_NUDGE,1
pay_syn_42_02012,payment_cancelled,upi,567135,5671.35,0,0.2272,0,BLIND_RETRY_24H,1,RETRY_LINK_DELAYED,RULE_LOW_PROB_DELAYED_NUDGE,0
pay_syn_42_02013,insufficient_funds,card,33127,331.27,0,0.3371,1,BLIND_RETRY_24H,0,RETRY_LINK_DELAYED,RULE_LOW_PROB_DELAYED_NUDGE,1
pay_syn_42_02014,authentication_failed,upi,183656,1836.56,1,0.462,1,BLIND_RETRY_24H,1,RETRY_LINK_NOW,RULE_HIGH_PROB_IMMEDIATE_RETRY,1
pay_syn_42_02015,bank_account_invalid,upi,54626,546.26,0,0.0,0,BLIND_RETRY_24H,0,ESCALATE_HUMAN,RULE_HARD_DECLINE_COMPLIANCE,0
pay_syn_42_02016,invalid_otp,card,41453,414.53,1,0.456,0,BLIND_RETRY_24H,0,RETRY_LINK_DELAYED,RULE_LOW_PROB_DELAYED_NUDGE,0
pay_syn_42_02017,insufficient_funds,card,1107454,11074.54,0,0.2636,1,BLIND_RETRY_24H,0,ESCALATE_HUMAN,RULE_HIGH_AMOUNT_ESCALATION,0
pay_syn_42_02018,insufficient_funds,upi,34891,348.91,1,0.2979,1,BLIND_RETRY_24H,0,RETRY_LINK_DELAYED,RULE_LOW_PROB_DELAYED_NUDGE,1
pay_syn_42_02019,payment_timed_out,card,144864,1448.64,0,0.6175,1,BLIND_RETRY_24H,1,RETRY_LINK_NOW,RULE_HIGH_PROB_IMMEDIATE_RETRY,1
pay_syn_42_02020,payment_timed_out,upi,32284,322.84,0,0.6825,1,BLIND_RETRY_24H,0,RETRY_LINK_NOW,RULE_HIGH_PROB_IMMEDIATE_RETRY,0
pay_syn_42_02021,gateway_technical_error,card,523720,5237.2,1,0.532,1,BLIND_RETRY_24H,0,RETRY_LINK_NOW,RULE_HIGH_PROB_IMMEDIATE_RETRY,0
pay_syn_42_02022,gateway_technical_error,card,86623,866.23,1,0.532,0,BLIND_RETRY_24H,0,RETRY_LINK_NOW,RULE_HIGH_PROB_IMMEDIATE_RETRY,0
pay_syn_42_02023,gateway_technical_error,upi,433821,4338.21,1,0.588,0,BLIND_RETRY_24H,0,RETRY_LINK_NOW,RULE_HIGH_PROB_IMMEDIATE_RETRY,0
pay_syn_42_02024,authentication_failed,upi,260329,2603.29,0,0.5775,1,BLIND_RETRY_24H,1,RETRY_LINK_NOW,RULE_HIGH_PROB_IMMEDIATE_RETRY,0
pay_syn_42_02025,payment_timed_out,upi,1688199,16881.99,0,0.6825,1,BLIND_RETRY_24H,0,ESCALATE_HUMAN,RULE_HIGH_AMOUNT_ESCALATION,0
pay_syn_42_02026,payment_cancelled,card,26312,263.12,2,0.1552,0,BLIND_RETRY_24H,0,STOP,RULE_MAX_RETRIES_EXCEEDED,0
pay_syn_42_02027,payment_timed_out,netbanking,45911,459.11,0,0.5525,0,BLIND_RETRY_24H,0,RETRY_LINK_NOW,RULE_HIGH_PROB_IMMEDIATE_RETRY,1
pay_syn_42_02028,invalid_otp,upi,405557,4055.57,1,0.504,1,BLIND_RETRY_24H,0,RETRY_LINK_NOW,RULE_HIGH_PROB_IMMEDIATE_RETRY,0
pay_syn_42_02029,stolen_card,netbanking,193867,1938.67,0,0.0,0,BLIND_RETRY_24H,0,ESCALATE_HUMAN,RULE_HARD_DECLINE_COMPLIANCE,0
pay_syn_42_02030,payment_timed_out,upi,104292,1042.92,1,0.546,1,BLIND_RETRY_24H,0,RETRY_LINK_NOW,RULE_HIGH_PROB_IMMEDIATE_RETRY,1
pay_syn_42_02031,payment_timed_out,upi,1276923,12769.23,0,0.6825,1,BLIND_RETRY_24H,1,ESCALATE_HUMAN,RULE_HIGH_AMOUNT_ESCALATION,0
pay_syn_42_02032,insufficient_funds,upi,134044,1340.44,0,0.3649,0,BLIND_RETRY_24H,0,RETRY_LINK_DELAYED,RULE_LOW_PROB_DELAYED_NUDGE,1
pay_syn_42_02033,payment_timed_out,upi,56802,568.02,1,0.546,1,BLIND_RETRY_24H,0,RETRY_LINK_NOW,RULE_HIGH_PROB_IMMEDIATE_RETRY,0
pay_syn_42_02034,authentication_failed,wallet,440362,4403.62,0,0.561,1,BLIND_RETRY_24H,0,RETRY_LINK_NOW,RULE_HIGH_PROB_IMMEDIATE_RETRY,0
pay_syn_42_02035,payment_timed_out,upi,139052,1390.52,0,0.6825,0,BLIND_RETRY_24H,0,RETRY_LINK_NOW,RULE_HIGH_PROB_IMMEDIATE_RETRY,1
pay_syn_42_02036,invalid_otp,upi,151400,1514.0,0,0.63,1,BLIND_RETRY_24H,0,RETRY_LINK_NOW,RULE_HIGH_PROB_IMMEDIATE_RETRY,0
pay_syn_42_02037,card_blocked,upi,287021,2870.21,0,0.0,0,BLIND_RETRY_24H,0,ESCALATE_HUMAN,RULE_HARD_DECLINE_COMPLIANCE,0
pay_syn_42_02038,invalid_otp,upi,300521,3005.21,0,0.63,0,BLIND_RETRY_24H,1,RETRY_LINK_NOW,RULE_HIGH_PROB_IMMEDIATE_RETRY,1
pay_syn_42_02039,gateway_technical_error,wallet,45287,452.87,0,0.714,1,BLIND_RETRY_24H,1,RETRY_LINK_NOW,RULE_HIGH_PROB_IMMEDIATE_RETRY,1
pay_syn_42_02040,gateway_technical_error,upi,97988,979.88,1,0.588,0,BLIND_RETRY_24H,0,RETRY_LINK_NOW,RULE_HIGH_PROB_IMMEDIATE_RETRY,0
pay_syn_42_02041,insufficient_funds,upi,29585,295.85,0,0.3728,0,BLIND_RETRY_24H,0,RETRY_LINK_DELAYED,RULE_LOW_PROB_DELAYED_NUDGE,0
pay_syn_42_02042,invalid_otp,upi,197165,1971.65,0,0.63,1,BLIND_RETRY_24H,0,RETRY_LINK_NOW,RULE_HIGH_PROB_IMMEDIATE_RETRY,1
pay_syn_42_02043,insufficient_funds,upi,1080262,10802.62,2,0.1878,0,BLIND_RETRY_24H,0,STOP,RULE_MAX_RETRIES_EXCEEDED,0
pay_syn_42_02044,authentication_failed,upi,47216,472.16,0,0.5775,1,BLIND_RETRY_24H,1,RETRY_LINK_NOW,RULE_HIGH_PROB_IMMEDIATE_RETRY,1
pay_syn_42_02045,card_expired,upi,24541,245.41,0,0.0,0,BLIND_RETRY_24H,0,ESCALATE_HUMAN,RULE_HARD_DECLINE_COMPLIANCE,0
pay_syn_42_02046,payment_cancelled,upi,66779,667.79,0,0.265,0,BLIND_RETRY_24H,0,RETRY_LINK_DELAYED,RULE_LOW_PROB_DELAYED_NUDGE,0
pay_syn_42_02047,payment_timed_out,wallet,103322,1033.22,0,0.663,0,BLIND_RETRY_24H,1,RETRY_LINK_NOW,RULE_HIGH_PROB_IMMEDIATE_RETRY,0
pay_syn_42_02048,gateway_technical_error,upi,303694,3036.94,0,0.735,0,BLIND_RETRY_24H,0,RETRY_LINK_NOW,RULE_HIGH_PROB_IMMEDIATE_RETRY,1
pay_syn_42_02049,gateway_technical_error,upi,92239,922.39,0,0.735,0,BLIND_RETRY_24H,0,RETRY_LINK_NOW,RULE_HIGH_PROB_IMMEDIATE_RETRY,1
pay_syn_42_02050,insufficient_funds,upi,201237,2012.37,2,0.2303,0,BLIND_RETRY_24H,1,STOP,RULE_MAX_RETRIES_EXCEEDED,0
pay_syn_42_02051,fraud_suspected,upi,77540,775.4,2,0.0,0,BLIND_RETRY_24H,0,STOP,RULE_MAX_RETRIES_EXCEEDED,0
pay_syn_42_02052,invalid_otp,upi,109573,1095.73,2,0.4032,1,BLIND_RETRY_24H,0,STOP,RULE_MAX_RETRIES_EXCEEDED,0
pay_syn_42_02053,gateway_technical_error,card,54889,548.89,1,0.532,0,BLIND_RETRY_24H,1,RETRY_LINK_NOW,RULE_HIGH_PROB_IMMEDIATE_RETRY,0
pay_syn_42_02054,payment_timed_out,card,39329,393.29,0,0.6175,0,BLIND_RETRY_24H,0,RETRY_LINK_NOW,RULE_HIGH_PROB_IMMEDIATE_RETRY,1
pay_syn_42_02055,payment_timed_out,card,316897,3168.97,0,0.6175,0,BLIND_RETRY_24H,0,RETRY_LINK_NOW,RULE_HIGH_PROB_IMMEDIATE_RETRY,1
pay_syn_42_02056,invalid_otp,upi,83361,833.61,0,0.63,0,BLIND_RETRY_24H,0,RETRY_LINK_NOW,RULE_HIGH_PROB_IMMEDIATE_RETRY,1
pay_syn_42_02057,invalid_otp,upi,218474,2184.74,0,0.63,0,BLIND_RETRY_24H,0,RETRY_LINK_NOW,RULE_HIGH_PROB_IMMEDIATE_RETRY,0
pay_syn_42_02058,payment_cancelled,upi,54011,540.11,0,0.266,0,BLIND_RETRY_24H,0,RETRY_LINK_DELAYED,RULE_LOW_PROB_DELAYED_NUDGE,1
pay_syn_42_02059,authentication_failed,card,135005,1350.05,0,0.5225,0,BLIND_RETRY_24H,0,RETRY_LINK_NOW,RULE_HIGH_PROB_IMMEDIATE_RETRY,0
pay_syn_42_02060,gateway_technical_error,upi,13495,134.95,0,0.735,1,BLIND_RETRY_24H,0,RETRY_LINK_NOW,RULE_HIGH_PROB_IMMEDIATE_RETRY,0
pay_syn_42_02061,insufficient_funds,wallet,90141,901.41,0,0.3577,0,BLIND_RETRY_24H,1,RETRY_LINK_DELAYED,RULE_LOW_PROB_DELAYED_NUDGE,0
pay_syn_42_02062,insufficient_funds,upi,60131,601.31,0,0.3705,0,BLIND_RETRY_24H,0,RETRY_LINK_DELAYED,RULE_LOW_PROB_DELAYED_NUDGE,0
pay_syn_42_02063,gateway_technical_error,upi,497414,4974.14,1,0.588,0,BLIND_RETRY_24H,0,RETRY_LINK_NOW,RULE_HIGH_PROB_IMMEDIATE_RETRY,0
pay_syn_42_02064,payment_cancelled,card,33574,335.74,0,0.242,0,BLIND_RETRY_24H,0,RETRY_LINK_DELAYED,RULE_LOW_PROB_DELAYED_NUDGE,0
pay_syn_42_02065,insufficient_funds,upi,114555,1145.55,0,0.3664,0,BLIND_RETRY_24H,1,RETRY_LINK_DELAYED,RULE_LOW_PROB_DELAYED_NUDGE,1
pay_syn_42_02066,invalid_otp,card,194410,1944.1,0,0.57,1,BLIND_RETRY_24H,0,RETRY_LINK_NOW,RULE_HIGH_PROB_IMMEDIATE_RETRY,0
pay_syn_42_02067,card_blocked,upi,415639,4156.39,0,0.0,0,BLIND_RETRY_24H,0,ESCALATE_HUMAN,RULE_HARD_DECLINE_COMPLIANCE,0
pay_syn_42_02068,bank_account_invalid,upi,349660,3496.6,0,0.0,0,BLIND_RETRY_24H,0,ESCALATE_HUMAN,RULE_HARD_DECLINE_COMPLIANCE,0
pay_syn_42_02069,invalid_otp,upi,124743,1247.43,0,0.63,1,BLIND_RETRY_24H,1,RETRY_LINK_NOW,RULE_HIGH_PROB_IMMEDIATE_RETRY,1
pay_syn_42_02070,insufficient_funds,card,145122,1451.22,0,0.3294,0,BLIND_RETRY_24H,0,RETRY_LINK_DELAYED,RULE_LOW_PROB_DELAYED_NUDGE,1
pay_syn_42_02071,insufficient_funds,upi,496852,4968.52,0,0.3375,0,BLIND_RETRY_24H,0,RETRY_LINK_DELAYED,RULE_LOW_PROB_DELAYED_NUDGE,0
pay_syn_42_02072,insufficient_funds,upi,122159,1221.59,0,0.3658,1,BLIND_RETRY_24H,0,RETRY_LINK_DELAYED,RULE_LOW_PROB_DELAYED_NUDGE,0
pay_syn_42_02073,insufficient_funds,card,163037,1630.37,0,0.3282,1,BLIND_RETRY_24H,0,RETRY_LINK_DELAYED,RULE_LOW_PROB_DELAYED_NUDGE,0
pay_syn_42_02074,insufficient_funds,upi,517780,5177.8,1,0.2687,0,BLIND_RETRY_24H,0,RETRY_LINK_DELAYED,RULE_LOW_PROB_DELAYED_NUDGE,1
pay_syn_42_02075,authentication_failed,upi,2061365,20613.65,0,0.5775,1,BLIND_RETRY_24H,0,ESCALATE_HUMAN,RULE_HIGH_AMOUNT_ESCALATION,0
pay_syn_42_02076,fraud_suspected,card,179230,1792.3,0,0.0,0,BLIND_RETRY_24H,0,ESCALATE_HUMAN,RULE_HARD_DECLINE_COMPLIANCE,0
pay_syn_42_02077,fraud_suspected,upi,240835,2408.35,0,0.0,0,BLIND_RETRY_24H,0,ESCALATE_HUMAN,RULE_HARD_DECLINE_COMPLIANCE,0
pay_syn_42_02078,gateway_technical_error,card,337252,3372.52,0,0.665,0,BLIND_RETRY_24H,0,RETRY_LINK_NOW,RULE_HIGH_PROB_IMMEDIATE_RETRY,1
pay_syn_42_02079,payment_cancelled,upi,511542,5115.42,1,0.1851,0,BLIND_RETRY_24H,0,RETRY_LINK_DELAYED,RULE_LOW_PROB_DELAYED_NUDGE,0
pay_syn_42_02080,invalid_otp,upi,428598,4285.98,0,0.63,0,BLIND_RETRY_24H,0,RETRY_LINK_NOW,RULE_HIGH_PROB_IMMEDIATE_RETRY,0
pay_syn_42_02081,invalid_otp,upi,71414,714.14,0,0.63,1,BLIND_RETRY_24H,1,RETRY_LINK_NOW,RULE_HIGH_PROB_IMMEDIATE_RETRY,1
pay_syn_42_02082,payment_timed_out,card,193114,1931.14,0,0.6175,0,BLIND_RETRY_24H,1,RETRY_LINK_NOW,RULE_HIGH_PROB_IMMEDIATE_RETRY,0
pay_syn_42_02083,bank_account_invalid,upi,432293,4322.93,0,0.0,0,BLIND_RETRY_24H,0,ESCALATE_HUMAN,RULE_HARD_DECLINE_COMPLIANCE,0
pay_syn_42_02084,invalid_otp,upi,662018,6620.18,0,0.63,1,BLIND_RETRY_24H,0,RETRY_LINK_NOW,RULE_HIGH_PROB_IMMEDIATE_RETRY,1
pay_syn_42_02085,authentication_failed,card,114778,1147.78,0,0.5225,0,BLIND_RETRY_24H,0,RETRY_LINK_NOW,RULE_HIGH_PROB_IMMEDIATE_RETRY,0
pay_syn_42_02086,card_expired,upi,187877,1878.77,0,0.0,0,BLIND_RETRY_24H,0,ESCALATE_HUMAN,RULE_HARD_DECLINE_COMPLIANCE,0
pay_syn_42_02087,insufficient_funds,wallet,213554,2135.54,0,0.3487,0,BLIND_RETRY_24H,1,RETRY_LINK_DELAYED,RULE_LOW_PROB_DELAYED_NUDGE,0
pay_syn_42_02088,invalid_otp,upi,139883,1398.83,1,0.504,1,BLIND_RETRY_24H,0,RETRY_LINK_NOW,RULE_HIGH_PROB_IMMEDIATE_RETRY,0
pay_syn_42_02089,gateway_technical_error,card,182459,1824.59,0,0.665,1,BLIND_RETRY_24H,0,RETRY_LINK_NOW,RULE_HIGH_PROB_IMMEDIATE_RETRY,1
pay_syn_42_02090,authentication_failed,card,12827,128.27,0,0.5225,0,BLIND_RETRY_24H,0,RETRY_LINK_NOW,RULE_HIGH_PROB_IMMEDIATE_RETRY,1
pay_syn_42_02091,insufficient_funds,upi,4744860,47448.6,0,0.1575,1,BLIND_RETRY_24H,0,ESCALATE_HUMAN,RULE_HIGH_AMOUNT_ESCALATION,1
pay_syn_42_02092,authentication_failed,card,1696161,16961.61,1,0.418,0,BLIND_RETRY_24H,0,ESCALATE_HUMAN,RULE_HIGH_AMOUNT_ESCALATION,0
pay_syn_42_02093,payment_cancelled,upi,109708,1097.08,0,0.2618,0,BLIND_RETRY_24H,0,RETRY_LINK_DELAYED,RULE_LOW_PROB_DELAYED_NUDGE,0
pay_syn_42_02094,gateway_technical_error,wallet,119157,1191.57,0,0.714,1,BLIND_RETRY_24H,0,RETRY_LINK_NOW,RULE_HIGH_PROB_IMMEDIATE_RETRY,1
pay_syn_42_02095,payment_timed_out,card,22100,221.0,0,0.6175,0,BLIND_RETRY_24H,0,RETRY_LINK_NOW,RULE_HIGH_PROB_IMMEDIATE_RETRY,1
pay_syn_42_02096,payment_cancelled,upi,18773,187.73,0,0.2686,1,BLIND_RETRY_24H,0,RETRY_LINK_NOW,RULE_HIGH_PROB_IMMEDIATE_RETRY,0
pay_syn_42_02097,gateway_technical_error,card,231360,2313.6,0,0.665,1,BLIND_RETRY_24H,0,RETRY_LINK_NOW,RULE_HIGH_PROB_IMMEDIATE_RETRY,0
pay_syn_42_02098,payment_timed_out,card,434486,4344.86,0,0.6175,1,BLIND_RETRY_24H,0,RETRY_LINK_NOW,RULE_HIGH_PROB_IMMEDIATE_RETRY,1
pay_syn_42_02099,invalid_otp,card,344203,3442.03,0,0.57,1,BLIND_RETRY_24H,0,RETRY_LINK_NOW,RULE_HIGH_PROB_IMMEDIATE_RETRY,1
pay_syn_42_02100,authentication_failed,upi,53861,538.61,0,0.5775,1,BLIND_RETRY_24H,0,RETRY_LINK_NOW,RULE_HIGH_PROB_IMMEDIATE_RETRY,0
pay_syn_42_02101,insufficient_funds,upi,320508,3205.08,1,0.2807,0,BLIND_RETRY_24H,0,RETRY_LINK_DELAYED,RULE_LOW_PROB_DELAYED_NUDGE,1
pay_syn_42_02102,payment_timed_out,upi,117114,1171.14,0,0.6825,1,BLIND_RETRY_24H,0,RETRY_LINK_NOW,RULE_HIGH_PROB_IMMEDIATE_RETRY,1
pay_syn_42_02103,card_expired,upi,89101,891.01,0,0.0,0,BLIND_RETRY_24H,0,ESCALATE_HUMAN,RULE_HARD_DECLINE_COMPLIANCE,0
pay_syn_42_02104,fraud_suspected,card,30404,304.04,0,0.0,0,BLIND_RETRY_24H,0,ESCALATE_HUMAN,RULE_HARD_DECLINE_COMPLIANCE,0
pay_syn_42_02105,card_lost_or_stolen,upi,61024,610.24,0,0.0,0,BLIND_RETRY_24H,0,ESCALATE_HUMAN,RULE_HARD_DECLINE_COMPLIANCE,0
pay_syn_42_02106,payment_cancelled,upi,237656,2376.56,0,0.2521,1,BLIND_RETRY_24H,0,RETRY_LINK_DELAYED,RULE_LOW_PROB_DELAYED_NUDGE,1
pay_syn_42_02107,insufficient_funds,upi,190807,1908.07,0,0.3606,0,BLIND_RETRY_24H,0,RETRY_LINK_DELAYED,RULE_LOW_PROB_DELAYED_NUDGE,1
pay_syn_42_02108,payment_timed_out,upi,161141,1611.41,0,0.6825,1,BLIND_RETRY_24H,0,RETRY_LINK_NOW,RULE_HIGH_PROB_IMMEDIATE_RETRY,1
pay_syn_42_02109,invalid_otp,upi,12215,122.15,0,0.63,1,BLIND_RETRY_24H,1,RETRY_LINK_NOW,RULE_HIGH_PROB_IMMEDIATE_RETRY,0
pay_syn_42_02110,payment_cancelled,upi,162998,1629.98,0,0.2577,0,BLIND_RETRY_24H,0,RETRY_LINK_DELAYED,RULE_LOW_PROB_DELAYED_NUDGE,0
pay_syn_42_02111,invalid_otp,card,70309,703.09,0,0.57,1,BLIND_RETRY_24H,1,RETRY_LINK_NOW,RULE_HIGH_PROB_IMMEDIATE_RETRY,0
pay_syn_42_02112,payment_timed_out,card,192372,1923.72,0,0.6175,0,BLIND_RETRY_24H,1,RETRY_LINK_NOW,RULE_HIGH_PROB_IMMEDIATE_RETRY,0
pay_syn_42_02113,gateway_technical_error,upi,531414,5314.14,0,0.735,1,BLIND_RETRY_24H,1,RETRY_LINK_NOW,RULE_HIGH_PROB_IMMEDIATE_RETRY,1
pay_syn_42_02114,payment_cancelled,upi,81807,818.07,0,0.2639,0,BLIND_RETRY_24H,0,RETRY_LINK_DELAYED,RULE_LOW_PROB_DELAYED_NUDGE,1
pay_syn_42_02115,invalid_otp,card,150084,1500.84,0,0.57,0,BLIND_RETRY_24H,0,RETRY_LINK_NOW,RULE_HIGH_PROB_IMMEDIATE_RETRY,1
pay_syn_42_02116,payment_timed_out,upi,1266102,12661.02,0,0.6825,0,BLIND_RETRY_24H,1,ESCALATE_HUMAN,RULE_HIGH_AMOUNT_ESCALATION,0
pay_syn_42_02117,payment_cancelled,card,181728,1817.28,0,0.2319,0,BLIND_RETRY_24H,0,RETRY_LINK_DELAYED,RULE_LOW_PROB_DELAYED_NUDGE,0
pay_syn_42_02118,card_expired,wallet,130700,1307.0,0,0.0,0,BLIND_RETRY_24H,0,ESCALATE_HUMAN,RULE_HARD_DECLINE_COMPLIANCE,0
pay_syn_42_02119,gateway_technical_error,card,54768,547.68,0,0.665,1,BLIND_RETRY_24H,1,RETRY_LINK_NOW,RULE_HIGH_PROB_IMMEDIATE_RETRY,0
pay_syn_42_02120,insufficient_funds,card,331300,3313.0,1,0.2533,0,BLIND_RETRY_24H,0,RETRY_LINK_DELAYED,RULE_LOW_PROB_DELAYED_NUDGE,0
pay_syn_42_02121,invalid_otp,upi,45810,458.1,0,0.63,1,BLIND_RETRY_24H,0,RETRY_LINK_NOW,RULE_HIGH_PROB_IMMEDIATE_RETRY,0
pay_syn_42_02122,gateway_technical_error,netbanking,561872,5618.72,1,0.476,1,BLIND_RETRY_24H,0,RETRY_LINK_NOW,RULE_HIGH_PROB_IMMEDIATE_RETRY,1
pay_syn_42_02123,payment_timed_out,upi,278269,2782.69,1,0.546,1,BLIND_RETRY_24H,0,RETRY_LINK_NOW,RULE_HIGH_PROB_IMMEDIATE_RETRY,1
pay_syn_42_02124,card_lost_or_stolen,upi,72908,729.08,1,0.0,0,BLIND_RETRY_24H,0,ESCALATE_HUMAN,RULE_HARD_DECLINE_COMPLIANCE,0
pay_syn_42_02125,stolen_card,netbanking,56668,566.68,0,0.0,0,BLIND_RETRY_24H,0,ESCALATE_HUMAN,RULE_HARD_DECLINE_COMPLIANCE,0
pay_syn_42_02126,card_expired,upi,58075,580.75,0,0.0,0,BLIND_RETRY_24H,0,ESCALATE_HUMAN,RULE_HARD_DECLINE_COMPLIANCE,0
pay_syn_42_02127,payment_cancelled,upi,19091,190.91,0,0.2686,0,BLIND_RETRY_24H,0,RETRY_LINK_NOW,RULE_HIGH_PROB_IMMEDIATE_RETRY,1
pay_syn_42_02128,invalid_otp,card,225003,2250.03,0,0.57,1,BLIND_RETRY_24H,1,RETRY_LINK_NOW,RULE_HIGH_PROB_IMMEDIATE_RETRY,1
pay_syn_42_02129,invalid_otp,upi,13657,136.57,0,0.63,1,BLIND_RETRY_24H,0,RETRY_LINK_NOW,RULE_HIGH_PROB_IMMEDIATE_RETRY,1
pay_syn_42_02130,fraud_suspected,upi,121844,1218.44,0,0.0,0,BLIND_RETRY_24H,0,ESCALATE_HUMAN,RULE_HARD_DECLINE_COMPLIANCE,0
pay_syn_42_02131,insufficient_funds,upi,113529,1135.29,0,0.3665,1,BLIND_RETRY_24H,1,RETRY_LINK_DELAYED,RULE_LOW_PROB_DELAYED_NUDGE,1
pay_syn_42_02132,stolen_card,upi,93508,935.08,0,0.0,0,BLIND_RETRY_24H,0,ESCALATE_HUMAN,RULE_HARD_DECLINE_COMPLIANCE,0
pay_syn_42_02133,insufficient_funds,wallet,223234,2232.34,1,0.2784,1,BLIND_RETRY_24H,0,RETRY_LINK_DELAYED,RULE_LOW_PROB_DELAYED_NUDGE,0
pay_syn_42_02134,card_lost_or_stolen,upi,73098,730.98,0,0.0,0,BLIND_RETRY_24H,0,ESCALATE_HUMAN,RULE_HARD_DECLINE_COMPLIANCE,0
pay_syn_42_02135,payment_cancelled,upi,163463,1634.63,2,0.1649,1,BLIND_RETRY_24H,0,STOP,RULE_MAX_RETRIES_EXCEEDED,0
pay_syn_42_02136,insufficient_funds,card,561730,5617.3,0,0.3009,0,BLIND_RETRY_24H,0,RETRY_LINK_DELAYED,RULE_LOW_PROB_DELAYED_NUDGE,0
pay_syn_42_02137,stolen_card,card,255238,2552.38,1,0.0,0,BLIND_RETRY_24H,0,ESCALATE_HUMAN,RULE_HARD_DECLINE_COMPLIANCE,0
pay_syn_42_02138,payment_timed_out,upi,85094,850.94,0,0.6825,0,BLIND_RETRY_24H,0,RETRY_LINK_NOW,RULE_HIGH_PROB_IMMEDIATE_RETRY,1
pay_syn_42_02139,card_blocked,upi,135109,1351.09,1,0.0,0,BLIND_RETRY_24H,0,ESCALATE_HUMAN,RULE_HARD_DECLINE_COMPLIANCE,0
pay_syn_42_02140,gateway_technical_error,card,93620,936.2,1,0.532,0,BLIND_RETRY_24H,0,RETRY_LINK_NOW,RULE_HIGH_PROB_IMMEDIATE_RETRY,1
pay_syn_42_02141,invalid_otp,netbanking,111793,1117.93,0,0.51,1,BLIND_RETRY_24H,0,RETRY_LINK_NOW,RULE_HIGH_PROB_IMMEDIATE_RETRY,0
pay_syn_42_02142,fraud_suspected,upi,169138,1691.38,0,0.0,0,BLIND_RETRY_24H,0,ESCALATE_HUMAN,RULE_HARD_DECLINE_COMPLIANCE,0
pay_syn_42_02143,payment_cancelled,upi,29079,290.79,0,0.2679,0,BLIND_RETRY_24H,0,RETRY_LINK_DELAYED,RULE_LOW_PROB_DELAYED_NUDGE,0
pay_syn_42_02144,card_expired,netbanking,23037,230.37,0,0.0,0,BLIND_RETRY_24H,0,ESCALATE_HUMAN,RULE_HARD_DECLINE_COMPLIANCE,0
pay_syn_42_02145,card_expired,card,50167,501.67,0,0.0,0,BLIND_RETRY_24H,0,ESCALATE_HUMAN,RULE_HARD_DECLINE_COMPLIANCE,0
pay_syn_42_02146,gateway_technical_error,card,235660,2356.6,1,0.532,1,BLIND_RETRY_24H,0,RETRY_LINK_NOW,RULE_HIGH_PROB_IMMEDIATE_RETRY,0
pay_syn_42_02147,stolen_card,upi,275307,2753.07,0,0.0,0,BLIND_RETRY_24H,0,ESCALATE_HUMAN,RULE_HARD_DECLINE_COMPLIANCE,0
pay_syn_42_02148,payment_cancelled,card,326782,3267.82,1,0.1776,1,BLIND_RETRY_24H,0,RETRY_LINK_DELAYED,RULE_LOW_PROB_DELAYED_NUDGE,0
pay_syn_42_02149,payment_cancelled,card,52210,522.1,0,0.2408,0,BLIND_RETRY_24H,0,RETRY_LINK_DELAYED,RULE_LOW_PROB_DELAYED_NUDGE,0
pay_syn_42_02150,authentication_failed,upi,149135,1491.35,0,0.5775,1,BLIND_RETRY_24H,0,RETRY_LINK_NOW,RULE_HIGH_PROB_IMMEDIATE_RETRY,0
pay_syn_42_02151,payment_cancelled,card,87910,879.1,0,0.2383,1,BLIND_RETRY_24H,0,RETRY_LINK_DELAYED,RULE_LOW_PROB_DELAYED_NUDGE,0
pay_syn_42_02152,gateway_technical_error,upi,116899,1168.99,0,0.735,1,BLIND_RETRY_24H,1,RETRY_LINK_NOW,RULE_HIGH_PROB_IMMEDIATE_RETRY,1
pay_syn_42_02153,insufficient_funds,card,86274,862.74,0,0.3334,0,BLIND_RETRY_24H,0,RETRY_LINK_DELAYED,RULE_LOW_PROB_DELAYED_NUDGE,0
pay_syn_42_02154,invalid_otp,card,180123,1801.23,0,0.57,1,BLIND_RETRY_24H,0,RETRY_LINK_NOW,RULE_HIGH_PROB_IMMEDIATE_RETRY,0
pay_syn_42_02155,gateway_technical_error,upi,64090,640.9,0,0.735,1,BLIND_RETRY_24H,1,RETRY_LINK_NOW,RULE_HIGH_PROB_IMMEDIATE_RETRY,1
pay_syn_42_02156,fraud_suspected,card,486047,4860.47,1,0.0,0,BLIND_RETRY_24H,0,ESCALATE_HUMAN,RULE_HARD_DECLINE_COMPLIANCE,0
pay_syn_42_02157,payment_cancelled,card,491516,4915.16,1,0.1686,1,BLIND_RETRY_24H,0,RETRY_LINK_DELAYED,RULE_LOW_PROB_DELAYED_NUDGE,0
pay_syn_42_02158,invalid_otp,upi,227333,2273.33,1,0.504,1,BLIND_RETRY_24H,0,RETRY_LINK_NOW,RULE_HIGH_PROB_IMMEDIATE_RETRY,1
pay_syn_42_02159,payment_timed_out,card,418682,4186.82,1,0.494,1,BLIND_RETRY_24H,0,RETRY_LINK_NOW,RULE_HIGH_PROB_IMMEDIATE_RETRY,1
pay_syn_42_02160,payment_cancelled,upi,27998,279.98,0,0.2679,1,BLIND_RETRY_24H,0,RETRY_LINK_DELAYED,RULE_LOW_PROB_DELAYED_NUDGE,0
pay_syn_42_02161,payment_timed_out,card,522609,5226.09,2,0.3952,1,BLIND_RETRY_24H,0,STOP,RULE_MAX_RETRIES_EXCEEDED,0
pay_syn_42_02162,card_expired,upi,203397,2033.97,2,0.0,0,BLIND_RETRY_24H,0,STOP,RULE_MAX_RETRIES_EXCEEDED,0
pay_syn_42_02163,bank_account_invalid,card,68146,681.46,0,0.0,0,BLIND_RETRY_24H,0,ESCALATE_HUMAN,RULE_HARD_DECLINE_COMPLIANCE,0
pay_syn_42_02164,card_expired,wallet,61353,613.53,0,0.0,0,BLIND_RETRY_24H,0,ESCALATE_HUMAN,RULE_HARD_DECLINE_COMPLIANCE,0
pay_syn_42_02165,insufficient_funds,upi,786092,7860.92,0,0.3156,0,BLIND_RETRY_24H,0,RETRY_LINK_DELAYED,RULE_LOW_PROB_DELAYED_NUDGE,0
pay_syn_42_02166,invalid_otp,upi,333108,3331.08,0,0.63,0,BLIND_RETRY_24H,0,RETRY_LINK_NOW,RULE_HIGH_PROB_IMMEDIATE_RETRY,1
pay_syn_42_02167,invalid_otp,netbanking,113577,1135.77,0,0.51,0,BLIND_RETRY_24H,0,RETRY_LINK_NOW,RULE_HIGH_PROB_IMMEDIATE_RETRY,0
pay_syn_42_02168,insufficient_funds,upi,27687,276.87,1,0.2984,1,BLIND_RETRY_24H,1,RETRY_LINK_DELAYED,RULE_LOW_PROB_DELAYED_NUDGE,0
pay_syn_42_02169,authentication_failed,card,557289,5572.89,0,0.5225,1,BLIND_RETRY_24H,0,RETRY_LINK_NOW,RULE_HIGH_PROB_IMMEDIATE_RETRY,1
pay_syn_42_02170,insufficient_funds,upi,39628,396.28,1,0.2977,0,BLIND_RETRY_24H,0,RETRY_LINK_DELAYED,RULE_LOW_PROB_DELAYED_NUDGE,1
pay_syn_42_02171,payment_cancelled,upi,89600,896.0,0,0.2633,0,BLIND_RETRY_24H,0,RETRY_LINK_DELAYED,RULE_LOW_PROB_DELAYED_NUDGE,0
pay_syn_42_02172,gateway_technical_error,card,113407,1134.07,0,0.665,1,BLIND_RETRY_24H,1,RETRY_LINK_NOW,RULE_HIGH_PROB_IMMEDIATE_RETRY,0
pay_syn_42_02173,risk_check_failed,upi,60402,604.02,0,0.0,0,BLIND_RETRY_24H,0,ESCALATE_HUMAN,RULE_HARD_DECLINE_COMPLIANCE,0
pay_syn_42_02174,invalid_otp,upi,108038,1080.38,0,0.63,1,BLIND_RETRY_24H,0,RETRY_LINK_NOW,RULE_HIGH_PROB_IMMEDIATE_RETRY,0
pay_syn_42_02175,invalid_otp,upi,132909,1329.09,0,0.63,1,BLIND_RETRY_24H,1,RETRY_LINK_NOW,RULE_HIGH_PROB_IMMEDIATE_RETRY,1
pay_syn_42_02176,card_expired,upi,105662,1056.62,0,0.0,0,BLIND_RETRY_24H,0,ESCALATE_HUMAN,RULE_HARD_DECLINE_COMPLIANCE,0
pay_syn_42_02177,authentication_failed,upi,190355,1903.55,0,0.5775,0,BLIND_RETRY_24H,0,RETRY_LINK_NOW,RULE_HIGH_PROB_IMMEDIATE_RETRY,0
pay_syn_42_02178,invalid_otp,card,825834,8258.34,0,0.57,1,BLIND_RETRY_24H,0,RETRY_LINK_NOW,RULE_HIGH_PROB_IMMEDIATE_RETRY,0
pay_syn_42_02179,insufficient_funds,card,29025,290.25,1,0.2699,1,BLIND_RETRY_24H,0,RETRY_LINK_DELAYED,RULE_LOW_PROB_DELAYED_NUDGE,1
pay_syn_42_02180,payment_timed_out,upi,159326,1593.26,0,0.6825,0,BLIND_RETRY_24H,0,RETRY_LINK_NOW,RULE_HIGH_PROB_IMMEDIATE_RETRY,1
pay_syn_42_02181,invalid_otp,upi,40057,400.57,1,0.504,0,BLIND_RETRY_24H,0,RETRY_LINK_DELAYED,RULE_LOW_PROB_DELAYED_NUDGE,1
pay_syn_42_02182,risk_check_failed,netbanking,26385,263.85,2,0.0,0,BLIND_RETRY_24H,0,STOP,RULE_MAX_RETRIES_EXCEEDED,0
pay_syn_42_02183,insufficient_funds,card,380860,3808.6,0,0.3133,1,BLIND_RETRY_24H,1,RETRY_LINK_DELAYED,RULE_LOW_PROB_DELAYED_NUDGE,0
pay_syn_42_02184,payment_timed_out,card,174988,1749.88,0,0.6175,1,BLIND_RETRY_24H,0,RETRY_LINK_NOW,RULE_HIGH_PROB_IMMEDIATE_RETRY,0
pay_syn_42_02185,invalid_otp,upi,24815,248.15,2,0.4032,0,BLIND_RETRY_24H,0,STOP,RULE_MAX_RETRIES_EXCEEDED,0
pay_syn_42_02186,insufficient_funds,upi,107933,1079.33,0,0.3669,0,BLIND_RETRY_24H,0,RETRY_LINK_DELAYED,RULE_LOW_PROB_DELAYED_NUDGE,0
pay_syn_42_02187,authentication_failed,netbanking,17624,176.24,1,0.374,0,BLIND_RETRY_24H,0,RETRY_LINK_NOW,RULE_HIGH_PROB_IMMEDIATE_RETRY,0
pay_syn_42_02188,gateway_technical_error,upi,50303,503.03,0,0.735,1,BLIND_RETRY_24H,0,RETRY_LINK_NOW,RULE_HIGH_PROB_IMMEDIATE_RETRY,1
pay_syn_42_02189,payment_timed_out,upi,11961,119.61,0,0.6825,0,BLIND_RETRY_24H,0,RETRY_LINK_NOW,RULE_HIGH_PROB_IMMEDIATE_RETRY,1
pay_syn_42_02190,gateway_technical_error,card,112065,1120.65,1,0.532,0,BLIND_RETRY_24H,0,RETRY_LINK_NOW,RULE_HIGH_PROB_IMMEDIATE_RETRY,0
pay_syn_42_02191,payment_cancelled,netbanking,287022,2870.22,0,0.2011,0,BLIND_RETRY_24H,0,RETRY_LINK_DELAYED,RULE_LOW_PROB_DELAYED_NUDGE,0
pay_syn_42_02192,card_expired,card,254231,2542.31,1,0.0,0,BLIND_RETRY_24H,0,ESCALATE_HUMAN,RULE_HARD_DECLINE_COMPLIANCE,0
pay_syn_42_02193,payment_timed_out,upi,86926,869.26,1,0.546,0,BLIND_RETRY_24H,0,RETRY_LINK_NOW,RULE_HIGH_PROB_IMMEDIATE_RETRY,1
pay_syn_42_02194,invalid_otp,wallet,403110,4031.1,1,0.4896,0,BLIND_RETRY_24H,0,RETRY_LINK_NOW,RULE_HIGH_PROB_IMMEDIATE_RETRY,1
pay_syn_42_02195,payment_timed_out,card,620307,6203.07,0,0.6175,0,BLIND_RETRY_24H,1,RETRY_LINK_NOW,RULE_HIGH_PROB_IMMEDIATE_RETRY,0
pay_syn_42_02196,payment_cancelled,upi,292662,2926.62,0,0.2479,0,BLIND_RETRY_24H,0,RETRY_LINK_DELAYED,RULE_LOW_PROB_DELAYED_NUDGE,0
pay_syn_42_02197,payment_timed_out,upi,72652,726.52,0,0.6825,1,BLIND_RETRY_24H,0,RETRY_LINK_NOW,RULE_HIGH_PROB_IMMEDIATE_RETRY,1
pay_syn_42_02198,insufficient_funds,upi,116088,1160.88,2,0.2344,0,BLIND_RETRY_24H,0,STOP,RULE_MAX_RETRIES_EXCEEDED,0
pay_syn_42_02199,bank_account_invalid,upi,791296,7912.96,0,0.0,0,BLIND_RETRY_24H,0,ESCALATE_HUMAN,RULE_HARD_DECLINE_COMPLIANCE,0
pay_syn_42_02200,insufficient_funds,upi,93990,939.9,0,0.368,0,BLIND_RETRY_24H,0,RETRY_LINK_DELAYED,RULE_LOW_PROB_DELAYED_NUDGE,0
pay_syn_42_02201,payment_cancelled,card,255165,2551.65,0,0.2269,0,BLIND_RETRY_24H,0,RETRY_LINK_DELAYED,RULE_LOW_PROB_DELAYED_NUDGE,0
pay_syn_42_02202,gateway_technical_error,card,59559,595.59,0,0.665,1,BLIND_RETRY_24H,1,RETRY_LINK_NOW,RULE_HIGH_PROB_IMMEDIATE_RETRY,1
pay_syn_42_02203,payment_timed_out,upi,406602,4066.02,0,0.6825,1,BLIND_RETRY_24H,0,RETRY_LINK_NOW,RULE_HIGH_PROB_IMMEDIATE_RETRY,1
pay_syn_42_02204,card_expired,upi,52878,528.78,0,0.0,0,BLIND_RETRY_24H,0,ESCALATE_HUMAN,RULE_HARD_DECLINE_COMPLIANCE,0
pay_syn_42_02205,fraud_suspected,upi,121661,1216.61,0,0.0,0,BLIND_RETRY_24H,0,ESCALATE_HUMAN,RULE_HARD_DECLINE_COMPLIANCE,0
pay_syn_42_02206,invalid_otp,upi,244831,2448.31,1,0.504,0,BLIND_RETRY_24H,0,RETRY_LINK_NOW,RULE_HIGH_PROB_IMMEDIATE_RETRY,1
pay_syn_42_02207,insufficient_funds,netbanking,1031190,10311.9,0,0.2405,0,BLIND_RETRY_24H,0,ESCALATE_HUMAN,RULE_HIGH_AMOUNT_ESCALATION,0
pay_syn_42_02208,insufficient_funds,card,171413,1714.13,0,0.3276,0,BLIND_RETRY_24H,0,RETRY_LINK_DELAYED,RULE_LOW_PROB_DELAYED_NUDGE,0
pay_syn_42_02209,insufficient_funds,netbanking,100332,1003.32,1,0.238,1,BLIND_RETRY_24H,0,RETRY_LINK_DELAYED,RULE_LOW_PROB_DELAYED_NUDGE,0
pay_syn_42_02210,payment_timed_out,upi,92517,925.17,1,0.546,1,BLIND_RETRY_24H,0,RETRY_LINK_NOW,RULE_HIGH_PROB_IMMEDIATE_RETRY,0
pay_syn_42_02211,insufficient_funds,upi,385195,3851.95,2,0.2214,0,BLIND_RETRY_24H,0,STOP,RULE_MAX_RETRIES_EXCEEDED,0
pay_syn_42_02212,insufficient_funds,upi,222772,2227.72,2,0.2293,1,BLIND_RETRY_24H,0,STOP,RULE_MAX_RETRIES_EXCEEDED,0
pay_syn_42_02213,insufficient_funds,netbanking,280367,2803.67,0,0.2865,0,BLIND_RETRY_24H,1,RETRY_LINK_DELAYED,RULE_LOW_PROB_DELAYED_NUDGE,1
pay_syn_42_02214,payment_cancelled,card,719279,7192.79,2,0.1249,0,BLIND_RETRY_24H,0,STOP,RULE_MAX_RETRIES_EXCEEDED,0
pay_syn_42_02215,insufficient_funds,upi,143095,1430.95,0,0.3642,1,BLIND_RETRY_24H,0,RETRY_LINK_DELAYED,RULE_LOW_PROB_DELAYED_NUDGE,1
pay_syn_42_02216,insufficient_funds,upi,205318,2053.18,0,0.3595,0,BLIND_RETRY_24H,0,RETRY_LINK_DELAYED,RULE_LOW_PROB_DELAYED_NUDGE,0
pay_syn_42_02217,gateway_technical_error,netbanking,91198,911.98,0,0.595,0,BLIND_RETRY_24H,0,RETRY_LINK_NOW,RULE_HIGH_PROB_IMMEDIATE_RETRY,1
pay_syn_42_02218,invalid_otp,upi,57259,572.59,2,0.4032,0,BLIND_RETRY_24H,0,STOP,RULE_MAX_RETRIES_EXCEEDED,0
pay_syn_42_02219,card_expired,upi,69459,694.59,1,0.0,0,BLIND_RETRY_24H,0,ESCALATE_HUMAN,RULE_HARD_DECLINE_COMPLIANCE,0
pay_syn_42_02220,payment_timed_out,card,9661,96.61,0,0.6175,1,BLIND_RETRY_24H,1,RETRY_LINK_NOW,RULE_HIGH_PROB_IMMEDIATE_RETRY,0
pay_syn_42_02221,payment_cancelled,card,241969,2419.69,0,0.2278,1,BLIND_RETRY_24H,0,RETRY_LINK_DELAYED,RULE_LOW_PROB_DELAYED_NUDGE,0
pay_syn_42_02222,authentication_failed,upi,214524,2145.24,1,0.462,1,BLIND_RETRY_24H,0,RETRY_LINK_NOW,RULE_HIGH_PROB_IMMEDIATE_RETRY,1
pay_syn_42_02223,invalid_otp,card,236096,2360.96,0,0.57,1,BLIND_RETRY_24H,1,RETRY_LINK_NOW,RULE_HIGH_PROB_IMMEDIATE_RETRY,1
pay_syn_42_02224,insufficient_funds,card,53501,535.01,0,0.3357,0,BLIND_RETRY_24H,0,RETRY_LINK_DELAYED,RULE_LOW_PROB_DELAYED_NUDGE,1
pay_syn_42_02225,authentication_failed,netbanking,70718,707.18,0,0.4675,1,BLIND_RETRY_24H,1,RETRY_LINK_NOW,RULE_HIGH_PROB_IMMEDIATE_RETRY,0
pay_syn_42_02226,insufficient_funds,upi,68367,683.67,1,0.2959,0,BLIND_RETRY_24H,0,RETRY_LINK_DELAYED,RULE_LOW_PROB_DELAYED_NUDGE,0
pay_syn_42_02227,payment_cancelled,card,457571,4575.71,0,0.213,0,BLIND_RETRY_24H,0,RETRY_LINK_DELAYED,RULE_LOW_PROB_DELAYED_NUDGE,0
pay_syn_42_02228,invalid_otp,upi,164428,1644.28,0,0.63,1,BLIND_RETRY_24H,0,RETRY_LINK_NOW,RULE_HIGH_PROB_IMMEDIATE_RETRY,1
pay_syn_42_02229,authentication_failed,upi,141409,1414.09,0,0.5775,1,BLIND_RETRY_24H,0,RETRY_LINK_NOW,RULE_HIGH_PROB_IMMEDIATE_RETRY,0
pay_syn_42_02230,payment_timed_out,upi,312042,3120.42,0,0.6825,1,BLIND_RETRY_24H,0,RETRY_LINK_NOW,RULE_HIGH_PROB_IMMEDIATE_RETRY,1
pay_syn_42_02231,authentication_failed,upi,68605,686.05,0,0.5775,1,BLIND_RETRY_24H,0,RETRY_LINK_NOW,RULE_HIGH_PROB_IMMEDIATE_RETRY,1
pay_syn_42_02232,card_expired,upi,199705,1997.05,0,0.0,0,BLIND_RETRY_24H,0,ESCALATE_HUMAN,RULE_HARD_DECLINE_COMPLIANCE,0
pay_syn_42_02233,gateway_technical_error,netbanking,1229321,12293.21,1,0.476,1,BLIND_RETRY_24H,0,ESCALATE_HUMAN,RULE_HIGH_AMOUNT_ESCALATION,1
pay_syn_42_02234,authentication_failed,upi,553977,5539.77,0,0.5775,1,BLIND_RETRY_24H,0,RETRY_LINK_NOW,RULE_HIGH_PROB_IMMEDIATE_RETRY,1
pay_syn_42_02235,gateway_technical_error,upi,196317,1963.17,0,0.735,1,BLIND_RETRY_24H,0,RETRY_LINK_NOW,RULE_HIGH_PROB_IMMEDIATE_RETRY,1
pay_syn_42_02236,invalid_otp,upi,147346,1473.46,0,0.63,0,BLIND_RETRY_24H,0,RETRY_LINK_NOW,RULE_HIGH_PROB_IMMEDIATE_RETRY,1
pay_syn_42_02237,insufficient_funds,upi,233757,2337.57,0,0.3574,1,BLIND_RETRY_24H,0,RETRY_LINK_DELAYED,RULE_LOW_PROB_DELAYED_NUDGE,0
pay_syn_42_02238,gateway_technical_error,upi,658162,6581.62,0,0.735,1,BLIND_RETRY_24H,1,RETRY_LINK_NOW,RULE_HIGH_PROB_IMMEDIATE_RETRY,0
pay_syn_42_02239,insufficient_funds,upi,599583,5995.83,0,0.3297,0,BLIND_RETRY_24H,1,RETRY_LINK_DELAYED,RULE_LOW_PROB_DELAYED_NUDGE,0
pay_syn_42_02240,invalid_otp,upi,814106,8141.06,1,0.504,0,BLIND_RETRY_24H,0,RETRY_LINK_DELAYED,RULE_LOW_PROB_DELAYED_NUDGE,1
pay_syn_42_02241,invalid_otp,upi,174965,1749.65,0,0.63,1,BLIND_RETRY_24H,0,RETRY_LINK_NOW,RULE_HIGH_PROB_IMMEDIATE_RETRY,0
pay_syn_42_02242,insufficient_funds,card,13560,135.6,0,0.3384,0,BLIND_RETRY_24H,1,RETRY_LINK_DELAYED,RULE_LOW_PROB_DELAYED_NUDGE,0
pay_syn_42_02243,fraud_suspected,card,1111211,11112.11,0,0.0,0,BLIND_RETRY_24H,0,ESCALATE_HUMAN,RULE_HARD_DECLINE_COMPLIANCE,0
pay_syn_42_02244,payment_timed_out,card,57131,571.31,0,0.6175,1,BLIND_RETRY_24H,0,RETRY_LINK_NOW,RULE_HIGH_PROB_IMMEDIATE_RETRY,1
pay_syn_42_02245,card_expired,upi,15247,152.47,0,0.0,0,BLIND_RETRY_24H,0,ESCALATE_HUMAN,RULE_HARD_DECLINE_COMPLIANCE,0
pay_syn_42_02246,gateway_technical_error,upi,306012,3060.12,0,0.735,0,BLIND_RETRY_24H,0,RETRY_LINK_NOW,RULE_HIGH_PROB_IMMEDIATE_RETRY,1
pay_syn_42_02247,authentication_failed,card,13816,138.16,1,0.418,0,BLIND_RETRY_24H,1,RETRY_LINK_NOW,RULE_HIGH_PROB_IMMEDIATE_RETRY,0
pay_syn_42_02248,fraud_suspected,card,138202,1382.02,0,0.0,0,BLIND_RETRY_24H,0,ESCALATE_HUMAN,RULE_HARD_DECLINE_COMPLIANCE,0
pay_syn_42_02249,insufficient_funds,wallet,13624,136.24,0,0.3633,0,BLIND_RETRY_24H,0,RETRY_LINK_DELAYED,RULE_LOW_PROB_DELAYED_NUDGE,1
pay_syn_42_02250,insufficient_funds,card,94169,941.69,0,0.3329,1,BLIND_RETRY_24H,1,RETRY_LINK_DELAYED,RULE_LOW_PROB_DELAYED_NUDGE,0
pay_syn_42_02251,invalid_otp,upi,816585,8165.85,0,0.63,1,BLIND_RETRY_24H,1,RETRY_LINK_NOW,RULE_HIGH_PROB_IMMEDIATE_RETRY,0
pay_syn_42_02252,gateway_technical_error,upi,199164,1991.64,2,0.4704,1,BLIND_RETRY_24H,0,STOP,RULE_MAX_RETRIES_EXCEEDED,0
pay_syn_42_02253,card_expired,upi,136624,1366.24,0,0.0,0,BLIND_RETRY_24H,0,ESCALATE_HUMAN,RULE_HARD_DECLINE_COMPLIANCE,0
pay_syn_42_02254,insufficient_funds,upi,225272,2252.72,0,0.358,1,BLIND_RETRY_24H,0,RETRY_LINK_DELAYED,RULE_LOW_PROB_DELAYED_NUDGE,0
pay_syn_42_02255,payment_cancelled,upi,6839,68.39,0,0.2695,1,BLIND_RETRY_24H,0,RETRY_LINK_DELAYED,RULE_LOW_PROB_DELAYED_NUDGE,0
pay_syn_42_02256,authentication_failed,upi,66990,669.9,0,0.5775,1,BLIND_RETRY_24H,0,RETRY_LINK_NOW,RULE_HIGH_PROB_IMMEDIATE_RETRY,1
pay_syn_42_02257,payment_timed_out,upi,78282,782.82,0,0.6825,1,BLIND_RETRY_24H,0,RETRY_LINK_NOW,RULE_HIGH_PROB_IMMEDIATE_RETRY,1
pay_syn_42_02258,fraud_suspected,upi,268829,2688.29,1,0.0,0,BLIND_RETRY_24H,0,ESCALATE_HUMAN,RULE_HARD_DECLINE_COMPLIANCE,0
pay_syn_42_02259,insufficient_funds,upi,45328,453.28,0,0.3716,1,BLIND_RETRY_24H,0,RETRY_LINK_DELAYED,RULE_LOW_PROB_DELAYED_NUDGE,0
pay_syn_42_02260,payment_cancelled,upi,166661,1666.61,0,0.2575,1,BLIND_RETRY_24H,0,RETRY_LINK_DELAYED,RULE_LOW_PROB_DELAYED_NUDGE,0
pay_syn_42_02261,insufficient_funds,card,122786,1227.86,2,0.2118,0,BLIND_RETRY_24H,0,STOP,RULE_MAX_RETRIES_EXCEEDED,0
pay_syn_42_02262,payment_cancelled,card,70837,708.37,0,0.2395,0,BLIND_RETRY_24H,0,RETRY_LINK_DELAYED,RULE_LOW_PROB_DELAYED_NUDGE,1
pay_syn_42_02263,insufficient_funds,upi,75789,757.89,0,0.3693,0,BLIND_RETRY_24H,0,RETRY_LINK_DELAYED,RULE_LOW_PROB_DELAYED_NUDGE,0
pay_syn_42_02264,authentication_failed,upi,121573,1215.73,0,0.5775,0,BLIND_RETRY_24H,0,RETRY_LINK_NOW,RULE_HIGH_PROB_IMMEDIATE_RETRY,1
pay_syn_42_02265,insufficient_funds,card,17468,174.68,0,0.3381,1,BLIND_RETRY_24H,0,RETRY_LINK_NOW,RULE_HIGH_PROB_IMMEDIATE_RETRY,0
pay_syn_42_02266,insufficient_funds,upi,317146,3171.46,0,0.3511,1,BLIND_RETRY_24H,0,RETRY_LINK_DELAYED,RULE_LOW_PROB_DELAYED_NUDGE,1
pay_syn_42_02267,invalid_otp,upi,56721,567.21,1,0.504,0,BLIND_RETRY_24H,0,RETRY_LINK_NOW,RULE_HIGH_PROB_IMMEDIATE_RETRY,1
pay_syn_42_02268,invalid_otp,upi,100649,1006.49,0,0.63,0,BLIND_RETRY_24H,0,RETRY_LINK_NOW,RULE_HIGH_PROB_IMMEDIATE_RETRY,1
pay_syn_42_02269,card_lost_or_stolen,upi,777285,7772.85,0,0.0,0,BLIND_RETRY_24H,0,ESCALATE_HUMAN,RULE_HARD_DECLINE_COMPLIANCE,0
pay_syn_42_02270,gateway_technical_error,upi,323680,3236.8,0,0.735,1,BLIND_RETRY_24H,0,RETRY_LINK_NOW,RULE_HIGH_PROB_IMMEDIATE_RETRY,1
pay_syn_42_02271,invalid_otp,upi,37756,377.56,0,0.63,0,BLIND_RETRY_24H,1,RETRY_LINK_NOW,RULE_HIGH_PROB_IMMEDIATE_RETRY,1
pay_syn_42_02272,card_expired,upi,5897,58.97,0,0.0,0,BLIND_RETRY_24H,0,ESCALATE_HUMAN,RULE_HARD_DECLINE_COMPLIANCE,0
pay_syn_42_02273,payment_cancelled,card,236526,2365.26,0,0.2282,1,BLIND_RETRY_24H,0,RETRY_LINK_DELAYED,RULE_LOW_PROB_DELAYED_NUDGE,0
pay_syn_42_02274,invalid_otp,card,104978,1049.78,2,0.3648,0,BLIND_RETRY_24H,0,STOP,RULE_MAX_RETRIES_EXCEEDED,0
pay_syn_42_02275,payment_cancelled,card,167779,1677.79,1,0.1863,0,BLIND_RETRY_24H,0,RETRY_LINK_DELAYED,RULE_LOW_PROB_DELAYED_NUDGE,0
pay_syn_42_02276,payment_cancelled,card,311027,3110.27,1,0.1785,0,BLIND_RETRY_24H,0,RETRY_LINK_DELAYED,RULE_LOW_PROB_DELAYED_NUDGE,0
pay_syn_42_02277,insufficient_funds,upi,373565,3735.65,1,0.2775,0,BLIND_RETRY_24H,0,RETRY_LINK_DELAYED,RULE_LOW_PROB_DELAYED_NUDGE,0
pay_syn_42_02278,insufficient_funds,upi,84843,848.43,0,0.3686,0,BLIND_RETRY_24H,0,RETRY_LINK_DELAYED,RULE_LOW_PROB_DELAYED_NUDGE,1
pay_syn_42_02279,insufficient_funds,upi,119419,1194.19,0,0.366,0,BLIND_RETRY_24H,0,RETRY_LINK_DELAYED,RULE_LOW_PROB_DELAYED_NUDGE,0
pay_syn_42_02280,risk_check_failed,upi,206449,2064.49,0,0.0,0,BLIND_RETRY_24H,0,ESCALATE_HUMAN,RULE_HARD_DECLINE_COMPLIANCE,0
pay_syn_42_02281,gateway_technical_error,upi,222230,2222.3,1,0.588,1,BLIND_RETRY_24H,0,RETRY_LINK_NOW,RULE_HIGH_PROB_IMMEDIATE_RETRY,1
pay_syn_42_02282,invalid_otp,upi,165959,1659.59,1,0.504,1,BLIND_RETRY_24H,0,RETRY_LINK_NOW,RULE_HIGH_PROB_IMMEDIATE_RETRY,1
pay_syn_42_02283,card_expired,upi,669031,6690.31,0,0.0,0,BLIND_RETRY_24H,0,ESCALATE_HUMAN,RULE_HARD_DECLINE_COMPLIANCE,0
pay_syn_42_02284,invalid_otp,card,219404,2194.04,0,0.57,0,BLIND_RETRY_24H,1,RETRY_LINK_NOW,RULE_HIGH_PROB_IMMEDIATE_RETRY,0
pay_syn_42_02285,payment_timed_out,upi,305609,3056.09,0,0.6825,1,BLIND_RETRY_24H,1,RETRY_LINK_NOW,RULE_HIGH_PROB_IMMEDIATE_RETRY,1
pay_syn_42_02286,invalid_otp,upi,182110,1821.1,1,0.504,1,BLIND_RETRY_24H,0,RETRY_LINK_NOW,RULE_HIGH_PROB_IMMEDIATE_RETRY,0
pay_syn_42_02287,payment_timed_out,upi,44995,449.95,0,0.6825,0,BLIND_RETRY_24H,0,RETRY_LINK_NOW,RULE_HIGH_PROB_IMMEDIATE_RETRY,1
pay_syn_42_02288,authentication_failed,card,66770,667.7,0,0.5225,0,BLIND_RETRY_24H,0,RETRY_LINK_NOW,RULE_HIGH_PROB_IMMEDIATE_RETRY,1
pay_syn_42_02289,bank_account_invalid,upi,36207,362.07,0,0.0,0,BLIND_RETRY_24H,0,ESCALATE_HUMAN,RULE_HARD_DECLINE_COMPLIANCE,0
pay_syn_42_02290,payment_cancelled,upi,427007,4270.07,0,0.2378,0,BLIND_RETRY_24H,0,RETRY_LINK_DELAYED,RULE_LOW_PROB_DELAYED_NUDGE,0
pay_syn_42_02291,insufficient_funds,card,24682,246.82,2,0.2161,0,BLIND_RETRY_24H,0,STOP,RULE_MAX_RETRIES_EXCEEDED,0
pay_syn_42_02292,payment_cancelled,upi,114208,1142.08,0,0.2614,1,BLIND_RETRY_24H,0,RETRY_LINK_DELAYED,RULE_LOW_PROB_DELAYED_NUDGE,1
pay_syn_42_02293,insufficient_funds,card,89836,898.36,1,0.2666,1,BLIND_RETRY_24H,0,RETRY_LINK_DELAYED,RULE_LOW_PROB_DELAYED_NUDGE,1
pay_syn_42_02294,payment_timed_out,upi,14720,147.2,0,0.6825,0,BLIND_RETRY_24H,0,RETRY_LINK_NOW,RULE_HIGH_PROB_IMMEDIATE_RETRY,1
pay_syn_42_02295,authentication_failed,card,87377,873.77,0,0.5225,1,BLIND_RETRY_24H,1,RETRY_LINK_NOW,RULE_HIGH_PROB_IMMEDIATE_RETRY,1
pay_syn_42_02296,insufficient_funds,upi,95701,957.01,0,0.3678,0,BLIND_RETRY_24H,1,RETRY_LINK_DELAYED,RULE_LOW_PROB_DELAYED_NUDGE,0
pay_syn_42_02297,payment_cancelled,upi,848913,8489.13,0,0.2059,1,BLIND_RETRY_24H,0,RETRY_LINK_DELAYED,RULE_LOW_PROB_DELAYED_NUDGE,1
pay_syn_42_02298,payment_cancelled,upi,16356,163.56,1,0.2151,1,BLIND_RETRY_24H,1,RETRY_LINK_DELAYED,RULE_LOW_PROB_DELAYED_NUDGE,0
pay_syn_42_02299,invalid_otp,upi,566626,5666.26,0,0.63,0,BLIND_RETRY_24H,1,RETRY_LINK_NOW,RULE_HIGH_PROB_IMMEDIATE_RETRY,1
pay_syn_42_02300,invalid_otp,card,104654,1046.54,0,0.57,1,BLIND_RETRY_24H,0,RETRY_LINK_NOW,RULE_HIGH_PROB_IMMEDIATE_RETRY,0
pay_syn_42_02301,insufficient_funds,upi,344798,3447.98,1,0.2792,0,BLIND_RETRY_24H,0,RETRY_LINK_DELAYED,RULE_LOW_PROB_DELAYED_NUDGE,1
pay_syn_42_02302,invalid_otp,upi,146232,1462.32,1,0.504,0,BLIND_RETRY_24H,0,RETRY_LINK_NOW,RULE_HIGH_PROB_IMMEDIATE_RETRY,1
pay_syn_42_02303,invalid_otp,upi,40002,400.02,0,0.63,0,BLIND_RETRY_24H,0,RETRY_LINK_NOW,RULE_HIGH_PROB_IMMEDIATE_RETRY,1
pay_syn_42_02304,card_expired,card,639042,6390.42,0,0.0,0,BLIND_RETRY_24H,0,ESCALATE_HUMAN,RULE_HARD_DECLINE_COMPLIANCE,0
pay_syn_42_02305,gateway_technical_error,upi,520944,5209.44,0,0.735,0,BLIND_RETRY_24H,0,RETRY_LINK_NOW,RULE_HIGH_PROB_IMMEDIATE_RETRY,1
pay_syn_42_02306,payment_cancelled,netbanking,43046,430.46,0,0.216,0,BLIND_RETRY_24H,0,RETRY_LINK_DELAYED,RULE_LOW_PROB_DELAYED_NUDGE,0
pay_syn_42_02307,invalid_otp,wallet,257870,2578.7,0,0.612,0,BLIND_RETRY_24H,1,RETRY_LINK_NOW,RULE_HIGH_PROB_IMMEDIATE_RETRY,0
pay_syn_42_02308,gateway_technical_error,card,70002,700.02,0,0.665,1,BLIND_RETRY_24H,0,RETRY_LINK_NOW,RULE_HIGH_PROB_IMMEDIATE_RETRY,1
pay_syn_42_02309,insufficient_funds,netbanking,25717,257.17,0,0.302,0,BLIND_RETRY_24H,1,RETRY_LINK_DELAYED,RULE_LOW_PROB_DELAYED_NUDGE,0
pay_syn_42_02310,insufficient_funds,card,56866,568.66,0,0.3355,0,BLIND_RETRY_24H,0,RETRY_LINK_DELAYED,RULE_LOW_PROB_DELAYED_NUDGE,1
pay_syn_42_02311,authentication_failed,upi,592052,5920.52,0,0.5775,0,BLIND_RETRY_24H,0,RETRY_LINK_NOW,RULE_HIGH_PROB_IMMEDIATE_RETRY,0
pay_syn_42_02312,insufficient_funds,upi,355038,3550.38,0,0.3482,0,BLIND_RETRY_24H,0,RETRY_LINK_DELAYED,RULE_LOW_PROB_DELAYED_NUDGE,0
pay_syn_42_02313,payment_cancelled,netbanking,96907,969.07,0,0.2127,0,BLIND_RETRY_24H,0,RETRY_LINK_DELAYED,RULE_LOW_PROB_DELAYED_NUDGE,0
pay_syn_42_02314,payment_timed_out,upi,595652,5956.52,2,0.4368,1,BLIND_RETRY_24H,0,STOP,RULE_MAX_RETRIES_EXCEEDED,0
pay_syn_42_02315,insufficient_funds,upi,472505,4725.05,0,0.3393,0,BLIND_RETRY_24H,0,RETRY_LINK_DELAYED,RULE_LOW_PROB_DELAYED_NUDGE,1
pay_syn_42_02316,insufficient_funds,card,56958,569.58,0,0.3354,0,BLIND_RETRY_24H,1,RETRY_LINK_DELAYED,RULE_LOW_PROB_DELAYED_NUDGE,0
pay_syn_42_02317,insufficient_funds,netbanking,804339,8043.39,1,0.2035,0,BLIND_RETRY_24H,0,RETRY_LINK_DELAYED,RULE_LOW_PROB_DELAYED_NUDGE,1
pay_syn_42_02318,invalid_otp,upi,88896,888.96,0,0.63,1,BLIND_RETRY_24H,0,RETRY_LINK_NOW,RULE_HIGH_PROB_IMMEDIATE_RETRY,0
pay_syn_42_02319,gateway_technical_error,upi,102560,1025.6,1,0.588,1,BLIND_RETRY_24H,0,RETRY_LINK_NOW,RULE_HIGH_PROB_IMMEDIATE_RETRY,1
pay_syn_42_02320,payment_cancelled,upi,16750,167.5,2,0.172,0,BLIND_RETRY_24H,0,STOP,RULE_MAX_RETRIES_EXCEEDED,0
pay_syn_42_02321,invalid_otp,upi,68649,686.49,0,0.63,1,BLIND_RETRY_24H,0,RETRY_LINK_NOW,RULE_HIGH_PROB_IMMEDIATE_RETRY,1
pay_syn_42_02322,authentication_failed,card,115166,1151.66,0,0.5225,0,BLIND_RETRY_24H,0,RETRY_LINK_NOW,RULE_HIGH_PROB_IMMEDIATE_RETRY,0
pay_syn_42_02323,gateway_technical_error,card,187890,1878.9,0,0.665,1,BLIND_RETRY_24H,0,RETRY_LINK_NOW,RULE_HIGH_PROB_IMMEDIATE_RETRY,1
pay_syn_42_02324,payment_timed_out,card,40139,401.39,1,0.494,1,BLIND_RETRY_24H,0,RETRY_LINK_NOW,RULE_HIGH_PROB_IMMEDIATE_RETRY,0
pay_syn_42_02325,risk_check_failed,upi,59662,596.62,0,0.0,0,BLIND_RETRY_24H,0,ESCALATE_HUMAN,RULE_HARD_DECLINE_COMPLIANCE,0
pay_syn_42_02326,invalid_otp,card,828191,8281.91,0,0.57,1,BLIND_RETRY_24H,0,RETRY_LINK_NOW,RULE_HIGH_PROB_IMMEDIATE_RETRY,1
pay_syn_42_02327,gateway_technical_error,card,434770,4347.7,0,0.665,1,BLIND_RETRY_24H,0,RETRY_LINK_NOW,RULE_HIGH_PROB_IMMEDIATE_RETRY,1
pay_syn_42_02328,invalid_otp,card,542667,5426.67,0,0.57,1,BLIND_RETRY_24H,1,RETRY_LINK_NOW,RULE_HIGH_PROB_IMMEDIATE_RETRY,0
pay_syn_42_02329,risk_check_failed,card,125952,1259.52,2,0.0,0,BLIND_RETRY_24H,0,STOP,RULE_MAX_RETRIES_EXCEEDED,0
pay_syn_42_02330,insufficient_funds,netbanking,194254,1942.54,0,0.2917,0,BLIND_RETRY_24H,1,RETRY_LINK_DELAYED,RULE_LOW_PROB_DELAYED_NUDGE,0
pay_syn_42_02331,authentication_failed,upi,264592,2645.92,0,0.5775,0,BLIND_RETRY_24H,1,RETRY_LINK_NOW,RULE_HIGH_PROB_IMMEDIATE_RETRY,1
pay_syn_42_02332,invalid_otp,card,812090,8120.9,0,0.57,0,BLIND_RETRY_24H,1,RETRY_LINK_NOW,RULE_HIGH_PROB_IMMEDIATE_RETRY,0
pay_syn_42_02333,insufficient_funds,card,25194,251.94,0,0.3376,0,BLIND_RETRY_24H,0,RETRY_LINK_DELAYED,RULE_LOW_PROB_DELAYED_NUDGE,0
pay_syn_42_02334,payment_timed_out,upi,7416,74.16,0,0.6825,0,BLIND_RETRY_24H,0,RETRY_LINK_NOW,RULE_HIGH_PROB_IMMEDIATE_RETRY,1
pay_syn_42_02335,payment_cancelled,upi,76032,760.32,0,0.2643,0,BLIND_RETRY_24H,1,RETRY_LINK_DELAYED,RULE_LOW_PROB_DELAYED_NUDGE,0
pay_syn_42_02336,insufficient_funds,card,175090,1750.9,0,0.3274,0,BLIND_RETRY_24H,0,RETRY_LINK_DELAYED,RULE_LOW_PROB_DELAYED_NUDGE,1
pay_syn_42_02337,gateway_technical_error,netbanking,147251,1472.51,0,0.595,1,BLIND_RETRY_24H,0,RETRY_LINK_NOW,RULE_HIGH_PROB_IMMEDIATE_RETRY,1
pay_syn_42_02338,authentication_failed,upi,58898,588.98,0,0.5775,0,BLIND_RETRY_24H,0,RETRY_LINK_NOW,RULE_HIGH_PROB_IMMEDIATE_RETRY,1
pay_syn_42_02339,insufficient_funds,upi,239034,2390.34,0,0.357,0,BLIND_RETRY_24H,1,RETRY_LINK_DELAYED,RULE_LOW_PROB_DELAYED_NUDGE,0
pay_syn_42_02340,payment_timed_out,upi,79223,792.23,0,0.6825,1,BLIND_RETRY_24H,0,RETRY_LINK_NOW,RULE_HIGH_PROB_IMMEDIATE_RETRY,1
pay_syn_42_02341,authentication_failed,netbanking,135847,1358.47,0,0.4675,1,BLIND_RETRY_24H,0,RETRY_LINK_NOW,RULE_HIGH_PROB_IMMEDIATE_RETRY,0
pay_syn_42_02342,fraud_suspected,card,227062,2270.62,0,0.0,0,BLIND_RETRY_24H,0,ESCALATE_HUMAN,RULE_HARD_DECLINE_COMPLIANCE,0
pay_syn_42_02343,gateway_technical_error,card,83210,832.1,0,0.665,1,BLIND_RETRY_24H,1,RETRY_LINK_NOW,RULE_HIGH_PROB_IMMEDIATE_RETRY,0
pay_syn_42_02344,insufficient_funds,card,320735,3207.35,0,0.3174,1,BLIND_RETRY_24H,0,RETRY_LINK_DELAYED,RULE_LOW_PROB_DELAYED_NUDGE,0
pay_syn_42_02345,payment_timed_out,upi,396402,3964.02,1,0.546,1,BLIND_RETRY_24H,0,RETRY_LINK_NOW,RULE_HIGH_PROB_IMMEDIATE_RETRY,1
pay_syn_42_02346,stolen_card,upi,61206,612.06,2,0.0,0,BLIND_RETRY_24H,0,STOP,RULE_MAX_RETRIES_EXCEEDED,0
pay_syn_42_02347,insufficient_funds,upi,78636,786.36,0,0.3691,0,BLIND_RETRY_24H,0,RETRY_LINK_DELAYED,RULE_LOW_PROB_DELAYED_NUDGE,0
pay_syn_42_02348,insufficient_funds,upi,46272,462.72,0,0.3716,1,BLIND_RETRY_24H,0,RETRY_LINK_DELAYED,RULE_LOW_PROB_DELAYED_NUDGE,0
pay_syn_42_02349,invalid_otp,wallet,132581,1325.81,0,0.612,1,BLIND_RETRY_24H,0,RETRY_LINK_NOW,RULE_HIGH_PROB_IMMEDIATE_RETRY,0
pay_syn_42_02350,authentication_failed,card,187747,1877.47,0,0.5225,0,BLIND_RETRY_24H,1,RETRY_LINK_NOW,RULE_HIGH_PROB_IMMEDIATE_RETRY,0
pay_syn_42_02351,insufficient_funds,upi,984529,9845.29,1,0.2405,0,BLIND_RETRY_24H,0,RETRY_LINK_DELAYED,RULE_LOW_PROB_DELAYED_NUDGE,0
pay_syn_42_02352,card_expired,upi,91858,918.58,1,0.0,0,BLIND_RETRY_24H,0,ESCALATE_HUMAN,RULE_HARD_DECLINE_COMPLIANCE,0
pay_syn_42_02353,authentication_failed,upi,181926,1819.26,0,0.5775,1,BLIND_RETRY_24H,0,RETRY_LINK_NOW,RULE_HIGH_PROB_IMMEDIATE_RETRY,1
pay_syn_42_02354,card_expired,upi,76499,764.99,0,0.0,0,BLIND_RETRY_24H,0,ESCALATE_HUMAN,RULE_HARD_DECLINE_COMPLIANCE,0
pay_syn_42_02355,insufficient_funds,netbanking,79105,791.05,1,0.239,0,BLIND_RETRY_24H,0,RETRY_LINK_DELAYED,RULE_LOW_PROB_DELAYED_NUDGE,1
pay_syn_42_02356,authentication_failed,card,198907,1989.07,0,0.5225,0,BLIND_RETRY_24H,1,RETRY_LINK_NOW,RULE_HIGH_PROB_IMMEDIATE_RETRY,0
pay_syn_42_02357,payment_cancelled,upi,84701,847.01,0,0.2637,0,BLIND_RETRY_24H,0,RETRY_LINK_DELAYED,RULE_LOW_PROB_DELAYED_NUDGE,0
pay_syn_42_02358,authentication_failed,upi,124958,1249.58,1,0.462,1,BLIND_RETRY_24H,1,RETRY_LINK_NOW,RULE_HIGH_PROB_IMMEDIATE_RETRY,0
pay_syn_42_02359,invalid_otp,card,207015,2070.15,0,0.57,1,BLIND_RETRY_24H,0,RETRY_LINK_NOW,RULE_HIGH_PROB_IMMEDIATE_RETRY,1
pay_syn_42_02360,invalid_otp,upi,178988,1789.88,0,0.63,1,BLIND_RETRY_24H,1,RETRY_LINK_NOW,RULE_HIGH_PROB_IMMEDIATE_RETRY,0
pay_syn_42_02361,insufficient_funds,netbanking,9697,96.97,1,0.2424,0,BLIND_RETRY_24H,1,RETRY_LINK_DELAYED,RULE_LOW_PROB_DELAYED_NUDGE,0
pay_syn_42_02362,payment_cancelled,card,77630,776.3,1,0.1912,0,BLIND_RETRY_24H,0,RETRY_LINK_DELAYED,RULE_LOW_PROB_DELAYED_NUDGE,0
pay_syn_42_02363,insufficient_funds,upi,447844,4478.44,1,0.273,0,BLIND_RETRY_24H,0,RETRY_LINK_DELAYED,RULE_LOW_PROB_DELAYED_NUDGE,0
pay_syn_42_02364,insufficient_funds,upi,23932,239.32,0,0.3733,0,BLIND_RETRY_24H,0,RETRY_LINK_DELAYED,RULE_LOW_PROB_DELAYED_NUDGE,0
pay_syn_42_02365,insufficient_funds,upi,5000,50.0,0,0.3747,1,BLIND_RETRY_24H,0,RETRY_LINK_DELAYED,RULE_LOW_PROB_DELAYED_NUDGE,0
pay_syn_42_02366,insufficient_funds,upi,251065,2510.65,0,0.3561,0,BLIND_RETRY_24H,1,RETRY_LINK_DELAYED,RULE_LOW_PROB_DELAYED_NUDGE,0
pay_syn_42_02367,payment_timed_out,upi,175114,1751.14,1,0.546,1,BLIND_RETRY_24H,1,RETRY_LINK_NOW,RULE_HIGH_PROB_IMMEDIATE_RETRY,1
pay_syn_42_02368,gateway_technical_error,netbanking,40374,403.74,0,0.595,1,BLIND_RETRY_24H,0,RETRY_LINK_NOW,RULE_HIGH_PROB_IMMEDIATE_RETRY,1
pay_syn_42_02369,gateway_technical_error,card,151261,1512.61,0,0.665,1,BLIND_RETRY_24H,0,RETRY_LINK_NOW,RULE_HIGH_PROB_IMMEDIATE_RETRY,1
pay_syn_42_02370,insufficient_funds,netbanking,67253,672.53,0,0.2995,1,BLIND_RETRY_24H,0,RETRY_LINK_DELAYED,RULE_LOW_PROB_DELAYED_NUDGE,0
pay_syn_42_02371,payment_cancelled,card,230646,2306.46,0,0.2286,0,BLIND_RETRY_24H,0,RETRY_LINK_DELAYED,RULE_LOW_PROB_DELAYED_NUDGE,0
pay_syn_42_02372,gateway_technical_error,card,5797,57.97,0,0.665,1,BLIND_RETRY_24H,0,RETRY_LINK_NOW,RULE_HIGH_PROB_IMMEDIATE_RETRY,1
pay_syn_42_02373,invalid_otp,upi,101032,1010.32,1,0.504,0,BLIND_RETRY_24H,0,RETRY_LINK_NOW,RULE_HIGH_PROB_IMMEDIATE_RETRY,1
pay_syn_42_02374,invalid_otp,upi,74111,741.11,0,0.63,0,BLIND_RETRY_24H,0,RETRY_LINK_NOW,RULE_HIGH_PROB_IMMEDIATE_RETRY,1
pay_syn_42_02375,gateway_technical_error,upi,322158,3221.58,0,0.735,0,BLIND_RETRY_24H,0,RETRY_LINK_NOW,RULE_HIGH_PROB_IMMEDIATE_RETRY,1
pay_syn_42_02376,payment_timed_out,upi,17325,173.25,0,0.6825,1,BLIND_RETRY_24H,1,RETRY_LINK_NOW,RULE_HIGH_PROB_IMMEDIATE_RETRY,1
pay_syn_42_02377,invalid_otp,upi,140816,1408.16,0,0.63,1,BLIND_RETRY_24H,0,RETRY_LINK_NOW,RULE_HIGH_PROB_IMMEDIATE_RETRY,1
pay_syn_42_02378,invalid_otp,upi,247543,2475.43,0,0.63,1,BLIND_RETRY_24H,0,RETRY_LINK_NOW,RULE_HIGH_PROB_IMMEDIATE_RETRY,1
pay_syn_42_02379,invalid_otp,upi,1032488,10324.88,0,0.63,0,BLIND_RETRY_24H,0,ESCALATE_HUMAN,RULE_HIGH_AMOUNT_ESCALATION,0
pay_syn_42_02380,invalid_otp,upi,78844,788.44,1,0.504,0,BLIND_RETRY_24H,0,RETRY_LINK_NOW,RULE_HIGH_PROB_IMMEDIATE_RETRY,1
pay_syn_42_02381,gateway_technical_error,upi,191391,1913.91,1,0.588,1,BLIND_RETRY_24H,0,RETRY_LINK_NOW,RULE_HIGH_PROB_IMMEDIATE_RETRY,1
pay_syn_42_02382,insufficient_funds,upi,18415,184.15,1,0.2989,0,BLIND_RETRY_24H,0,RETRY_LINK_DELAYED,RULE_LOW_PROB_DELAYED_NUDGE,1
pay_syn_42_02383,invalid_otp,upi,133126,1331.26,0,0.63,1,BLIND_RETRY_24H,0,RETRY_LINK_NOW,RULE_HIGH_PROB_IMMEDIATE_RETRY,0
pay_syn_42_02384,authentication_failed,upi,489693,4896.93,0,0.5775,1,BLIND_RETRY_24H,0,RETRY_LINK_NOW,RULE_HIGH_PROB_IMMEDIATE_RETRY,1
pay_syn_42_02385,invalid_otp,upi,1046404,10464.04,1,0.504,0,BLIND_RETRY_24H,0,ESCALATE_HUMAN,RULE_HIGH_AMOUNT_ESCALATION,0
pay_syn_42_02386,payment_timed_out,wallet,212532,2125.32,0,0.663,0,BLIND_RETRY_24H,0,RETRY_LINK_NOW,RULE_HIGH_PROB_IMMEDIATE_RETRY,1
pay_syn_42_02387,payment_timed_out,upi,23794,237.94,1,0.546,0,BLIND_RETRY_24H,0,RETRY_LINK_DELAYED,RULE_LOW_PROB_DELAYED_NUDGE,1
pay_syn_42_02388,invalid_otp,upi,594990,5949.9,0,0.63,1,BLIND_RETRY_24H,0,RETRY_LINK_NOW,RULE_HIGH_PROB_IMMEDIATE_RETRY,0
pay_syn_42_02389,insufficient_funds,upi,24001,240.01,2,0.2389,0,BLIND_RETRY_24H,0,STOP,RULE_MAX_RETRIES_EXCEEDED,0
pay_syn_42_02390,invalid_otp,wallet,36599,365.99,1,0.4896,0,BLIND_RETRY_24H,0,RETRY_LINK_NOW,RULE_HIGH_PROB_IMMEDIATE_RETRY,1
pay_syn_42_02391,authentication_failed,upi,662498,6624.98,1,0.462,0,BLIND_RETRY_24H,0,RETRY_LINK_NOW,RULE_HIGH_PROB_IMMEDIATE_RETRY,0
pay_syn_42_02392,authentication_failed,upi,122899,1228.99,0,0.5775,1,BLIND_RETRY_24H,1,RETRY_LINK_NOW,RULE_HIGH_PROB_IMMEDIATE_RETRY,1
pay_syn_42_02393,payment_cancelled,upi,70003,700.03,2,0.1695,0,BLIND_RETRY_24H,0,STOP,RULE_MAX_RETRIES_EXCEEDED,0
pay_syn_42_02394,gateway_technical_error,netbanking,288869,2888.69,0,0.595,1,BLIND_RETRY_24H,1,RETRY_LINK_NOW,RULE_HIGH_PROB_IMMEDIATE_RETRY,1
pay_syn_42_02395,insufficient_funds,card,160475,1604.75,0,0.3284,0,BLIND_RETRY_24H,0,RETRY_LINK_DELAYED,RULE_LOW_PROB_DELAYED_NUDGE,1
pay_syn_42_02396,invalid_otp,card,1500060,15000.6,0,0.57,0,BLIND_RETRY_24H,0,ESCALATE_HUMAN,RULE_HIGH_AMOUNT_ESCALATION,1
pay_syn_42_02397,authentication_failed,upi,437157,4371.57,1,0.462,1,BLIND_RETRY_24H,1,RETRY_LINK_NOW,RULE_HIGH_PROB_IMMEDIATE_RETRY,1
pay_syn_42_02398,insufficient_funds,upi,168874,1688.74,0,0.3623,0,BLIND_RETRY_24H,1,RETRY_LINK_DELAYED,RULE_LOW_PROB_DELAYED_NUDGE,0
pay_syn_42_02399,gateway_technical_error,upi,173235,1732.35,0,0.735,1,BLIND_RETRY_24H,0,RETRY_LINK_NOW,RULE_HIGH_PROB_IMMEDIATE_RETRY,1
pay_syn_42_02400,payment_timed_out,upi,418385,4183.85,0,0.6825,1,BLIND_RETRY_24H,0,RETRY_LINK_NOW,RULE_HIGH_PROB_IMMEDIATE_RETRY,1
pay_syn_42_02401,card_blocked,upi,121091,1210.91,0,0.0,0,BLIND_RETRY_24H,0,ESCALATE_HUMAN,RULE_HARD_DECLINE_COMPLIANCE,0
pay_syn_42_02402,invalid_otp,upi,50444,504.44,1,0.504,0,BLIND_RETRY_24H,1,RETRY_LINK_NOW,RULE_HIGH_PROB_IMMEDIATE_RETRY,0
pay_syn_42_02403,authentication_failed,upi,308858,3088.58,2,0.3696,0,BLIND_RETRY_24H,0,STOP,RULE_MAX_RETRIES_EXCEEDED,0
pay_syn_42_02404,invalid_otp,upi,97172,971.72,0,0.63,1,BLIND_RETRY_24H,0,RETRY_LINK_NOW,RULE_HIGH_PROB_IMMEDIATE_RETRY,1
pay_syn_42_02405,gateway_technical_error,card,184454,1844.54,0,0.665,0,BLIND_RETRY_24H,0,RETRY_LINK_NOW,RULE_HIGH_PROB_IMMEDIATE_RETRY,1
pay_syn_42_02406,gateway_technical_error,upi,14914,149.14,1,0.588,1,BLIND_RETRY_24H,0,RETRY_LINK_NOW,RULE_HIGH_PROB_IMMEDIATE_RETRY,1
pay_syn_42_02407,insufficient_funds,upi,115823,1158.23,1,0.293,0,BLIND_RETRY_24H,0,RETRY_LINK_DELAYED,RULE_LOW_PROB_DELAYED_NUDGE,0
pay_syn_42_02408,insufficient_funds,card,75287,752.87,0,0.3342,1,BLIND_RETRY_24H,0,RETRY_LINK_DELAYED,RULE_LOW_PROB_DELAYED_NUDGE,0
pay_syn_42_02409,payment_cancelled,card,14490,144.9,0,0.2433,1,BLIND_RETRY_24H,0,RETRY_LINK_DELAYED,RULE_LOW_PROB_DELAYED_NUDGE,1
pay_syn_42_02410,gateway_technical_error,card,119822,1198.22,0,0.665,1,BLIND_RETRY_24H,0,RETRY_LINK_NOW,RULE_HIGH_PROB_IMMEDIATE_RETRY,1
pay_syn_42_02411,insufficient_funds,upi,124273,1242.73,1,0.2925,0,BLIND_RETRY_24H,0,RETRY_LINK_DELAYED,RULE_LOW_PROB_DELAYED_NUDGE,0
pay_syn_42_02412,payment_cancelled,upi,199893,1998.93,0,0.2549,0,BLIND_RETRY_24H,0,RETRY_LINK_DELAYED,RULE_LOW_PROB_DELAYED_NUDGE,0
pay_syn_42_02413,payment_cancelled,card,479495,4794.95,0,0.2115,0,BLIND_RETRY_24H,0,RETRY_LINK_DELAYED,RULE_LOW_PROB_DELAYED_NUDGE,0
pay_syn_42_02414,authentication_failed,netbanking,390656,3906.56,0,0.4675,1,BLIND_RETRY_24H,1,RETRY_LINK_NOW,RULE_HIGH_PROB_IMMEDIATE_RETRY,0
pay_syn_42_02415,payment_timed_out,upi,80965,809.65,0,0.6825,1,BLIND_RETRY_24H,0,RETRY_LINK_NOW,RULE_HIGH_PROB_IMMEDIATE_RETRY,1
pay_syn_42_02416,bank_account_invalid,upi,164296,1642.96,0,0.0,0,BLIND_RETRY_24H,0,ESCALATE_HUMAN,RULE_HARD_DECLINE_COMPLIANCE,0
pay_syn_42_02417,insufficient_funds,upi,234366,2343.66,0,0.3573,1,BLIND_RETRY_24H,0,RETRY_LINK_DELAYED,RULE_LOW_PROB_DELAYED_NUDGE,1
pay_syn_42_02418,payment_timed_out,upi,83436,834.36,0,0.6825,0,BLIND_RETRY_24H,1,RETRY_LINK_NOW,RULE_HIGH_PROB_IMMEDIATE_RETRY,1
pay_syn_42_02419,invalid_otp,netbanking,26179,261.79,0,0.51,1,BLIND_RETRY_24H,1,RETRY_LINK_NOW,RULE_HIGH_PROB_IMMEDIATE_RETRY,1
pay_syn_42_02420,payment_timed_out,upi,106495,1064.95,1,0.546,0,BLIND_RETRY_24H,0,RETRY_LINK_NOW,RULE_HIGH_PROB_IMMEDIATE_RETRY,0
pay_syn_42_02421,invalid_otp,card,505063,5050.63,0,0.57,1,BLIND_RETRY_24H,1,RETRY_LINK_NOW,RULE_HIGH_PROB_IMMEDIATE_RETRY,1
pay_syn_42_02422,authentication_failed,upi,24966,249.66,0,0.5775,1,BLIND_RETRY_24H,1,RETRY_LINK_NOW,RULE_HIGH_PROB_IMMEDIATE_RETRY,0
pay_syn_42_02423,insufficient_funds,card,45345,453.45,0,0.3362,1,BLIND_RETRY_24H,0,RETRY_LINK_DELAYED,RULE_LOW_PROB_DELAYED_NUDGE,0
pay_syn_42_02424,gateway_technical_error,upi,56016,560.16,0,0.735,1,BLIND_RETRY_24H,0,RETRY_LINK_NOW,RULE_HIGH_PROB_IMMEDIATE_RETRY,1
pay_syn_42_02425,payment_timed_out,upi,45873,458.73,0,0.6825,1,BLIND_RETRY_24H,0,RETRY_LINK_NOW,RULE_HIGH_PROB_IMMEDIATE_RETRY,1
pay_syn_42_02426,authentication_failed,card,290379,2903.79,0,0.5225,1,BLIND_RETRY_24H,0,RETRY_LINK_NOW,RULE_HIGH_PROB_IMMEDIATE_RETRY,1
pay_syn_42_02427,insufficient_funds,wallet,66980,669.8,0,0.3594,1,BLIND_RETRY_24H,1,RETRY_LINK_DELAYED,RULE_LOW_PROB_DELAYED_NUDGE,1
pay_syn_42_02428,authentication_failed,upi,299635,2996.35,0,0.5775,1,BLIND_RETRY_24H,0,RETRY_LINK_NOW,RULE_HIGH_PROB_IMMEDIATE_RETRY,1
pay_syn_42_02429,authentication_failed,netbanking,140641,1406.41,0,0.4675,0,BLIND_RETRY_24H,0,RETRY_LINK_NOW,RULE_HIGH_PROB_IMMEDIATE_RETRY,0
pay_syn_42_02430,stolen_card,upi,19632,196.32,2,0.0,0,BLIND_RETRY_24H,0,STOP,RULE_MAX_RETRIES_EXCEEDED,0
pay_syn_42_02431,invalid_otp,wallet,85385,853.85,0,0.612,0,BLIND_RETRY_24H,0,RETRY_LINK_NOW,RULE_HIGH_PROB_IMMEDIATE_RETRY,1
pay_syn_42_02432,insufficient_funds,upi,405018,4050.18,0,0.3444,1,BLIND_RETRY_24H,0,RETRY_LINK_NOW,RULE_HIGH_PROB_IMMEDIATE_RETRY,0
pay_syn_42_02433,payment_cancelled,netbanking,158754,1587.54,0,0.2089,1,BLIND_RETRY_24H,0,RETRY_LINK_DELAYED,RULE_LOW_PROB_DELAYED_NUDGE,1
pay_syn_42_02434,payment_timed_out,upi,92500,925.0,0,0.6825,1,BLIND_RETRY_24H,0,RETRY_LINK_NOW,RULE_HIGH_PROB_IMMEDIATE_RETRY,1
pay_syn_42_02435,gateway_technical_error,upi,512718,5127.18,0,0.735,0,BLIND_RETRY_24H,0,RETRY_LINK_NOW,RULE_HIGH_PROB_IMMEDIATE_RETRY,1
pay_syn_42_02436,insufficient_funds,upi,40979,409.79,1,0.2976,0,BLIND_RETRY_24H,0,RETRY_LINK_DELAYED,RULE_LOW_PROB_DELAYED_NUDGE,0
pay_syn_42_02437,fraud_suspected,upi,69570,695.7,0,0.0,0,BLIND_RETRY_24H,0,ESCALATE_HUMAN,RULE_HARD_DECLINE_COMPLIANCE,0
pay_syn_42_02438,payment_timed_out,upi,360684,3606.84,0,0.6825,0,BLIND_RETRY_24H,0,RETRY_LINK_NOW,RULE_HIGH_PROB_IMMEDIATE_RETRY,1
pay_syn_42_02439,insufficient_funds,upi,283415,2834.15,0,0.3536,0,BLIND_RETRY_24H,0,RETRY_LINK_DELAYED,RULE_LOW_PROB_DELAYED_NUDGE,1
pay_syn_42_02440,payment_cancelled,upi,37651,376.51,0,0.2672,0,BLIND_RETRY_24H,0,RETRY_LINK_DELAYED,RULE_LOW_PROB_DELAYED_NUDGE,1
pay_syn_42_02441,invalid_otp,upi,225373,2253.73,0,0.63,1,BLIND_RETRY_24H,0,RETRY_LINK_NOW,RULE_HIGH_PROB_IMMEDIATE_RETRY,0
pay_syn_42_02442,payment_timed_out,upi,65844,658.44,0,0.6825,1,BLIND_RETRY_24H,0,RETRY_LINK_NOW,RULE_HIGH_PROB_IMMEDIATE_RETRY,1
pay_syn_42_02443,invalid_otp,card,13842,138.42,2,0.3648,0,BLIND_RETRY_24H,0,STOP,RULE_MAX_RETRIES_EXCEEDED,0
pay_syn_42_02444,payment_cancelled,card,94474,944.74,1,0.1903,0,BLIND_RETRY_24H,0,RETRY_LINK_DELAYED,RULE_LOW_PROB_DELAYED_NUDGE,0
pay_syn_42_02445,insufficient_funds,upi,1142063,11420.63,0,0.2887,0,BLIND_RETRY_24H,0,ESCALATE_HUMAN,RULE_HIGH_AMOUNT_ESCALATION,0
pay_syn_42_02446,gateway_technical_error,upi,413656,4136.56,0,0.735,1,BLIND_RETRY_24H,0,RETRY_LINK_NOW,RULE_HIGH_PROB_IMMEDIATE_RETRY,1
pay_syn_42_02447,payment_cancelled,upi,127142,1271.42,0,0.2604,0,BLIND_RETRY_24H,0,RETRY_LINK_DELAYED,RULE_LOW_PROB_DELAYED_NUDGE,0
pay_syn_42_02448,bank_account_invalid,upi,23500,235.0,0,0.0,0,BLIND_RETRY_24H,0,ESCALATE_HUMAN,RULE_HARD_DECLINE_COMPLIANCE,0
pay_syn_42_02449,insufficient_funds,upi,14262,142.62,0,0.374,1,BLIND_RETRY_24H,1,RETRY_LINK_DELAYED,RULE_LOW_PROB_DELAYED_NUDGE,0
pay_syn_42_02450,insufficient_funds,upi,141127,1411.27,0,0.3644,0,BLIND_RETRY_24H,0,RETRY_LINK_DELAYED,RULE_LOW_PROB_DELAYED_NUDGE,1
pay_syn_42_02451,gateway_technical_error,card,208940,2089.4,0,0.665,1,BLIND_RETRY_24H,1,RETRY_LINK_NOW,RULE_HIGH_PROB_IMMEDIATE_RETRY,1
pay_syn_42_02452,insufficient_funds,card,294381,2943.81,0,0.3192,0,BLIND_RETRY_24H,0,RETRY_LINK_DELAYED,RULE_LOW_PROB_DELAYED_NUDGE,0
pay_syn_42_02453,invalid_otp,card,256724,2567.24,1,0.456,1,BLIND_RETRY_24H,0,RETRY_LINK_DELAYED,RULE_LOW_PROB_DELAYED_NUDGE,1
pay_syn_42_02454,insufficient_funds,upi,283060,2830.6,2,0.2263,0,BLIND_RETRY_24H,0,STOP,RULE_MAX_RETRIES_EXCEEDED,0
pay_syn_42_02455,payment_cancelled,upi,181576,1815.76,0,0.2563,0,BLIND_RETRY_24H,0,RETRY_LINK_DELAYED,RULE_LOW_PROB_DELAYED_NUDGE,0
pay_syn_42_02456,payment_timed_out,upi,498919,4989.19,0,0.6825,1,BLIND_RETRY_24H,1,RETRY_LINK_NOW,RULE_HIGH_PROB_IMMEDIATE_RETRY,0
pay_syn_42_02457,gateway_technical_error,card,75130,751.3,0,0.665,1,BLIND_RETRY_24H,0,RETRY_LINK_NOW,RULE_HIGH_PROB_IMMEDIATE_RETRY,1
pay_syn_42_02458,insufficient_funds,card,138804,1388.04,0,0.3298,1,BLIND_RETRY_24H,0,RETRY_LINK_DELAYED,RULE_LOW_PROB_DELAYED_NUDGE,0
pay_syn_42_02459,invalid_otp,card,19707,197.07,0,0.57,1,BLIND_RETRY_24H,0,RETRY_LINK_NOW,RULE_HIGH_PROB_IMMEDIATE_RETRY,1
pay_syn_42_02460,payment_timed_out,card,73462,734.62,0,0.6175,1,BLIND_RETRY_24H,0,RETRY_LINK_NOW,RULE_HIGH_PROB_IMMEDIATE_RETRY,1
pay_syn_42_02461,invalid_otp,upi,399937,3999.37,2,0.4032,1,BLIND_RETRY_24H,0,STOP,RULE_MAX_RETRIES_EXCEEDED,0
pay_syn_42_02462,payment_cancelled,upi,272604,2726.04,1,0.1996,1,BLIND_RETRY_24H,0,RETRY_LINK_DELAYED,RULE_LOW_PROB_DELAYED_NUDGE,0
pay_syn_42_02463,payment_cancelled,upi,9861,98.61,0,0.2693,1,BLIND_RETRY_24H,0,RETRY_LINK_DELAYED,RULE_LOW_PROB_DELAYED_NUDGE,0
pay_syn_42_02464,invalid_otp,upi,1266094,12660.94,0,0.63,0,BLIND_RETRY_24H,0,ESCALATE_HUMAN,RULE_HIGH_AMOUNT_ESCALATION,1
pay_syn_42_02465,insufficient_funds,card,159215,1592.15,0,0.3284,0,BLIND_RETRY_24H,0,RETRY_LINK_DELAYED,RULE_LOW_PROB_DELAYED_NUDGE,0
pay_syn_42_02466,authentication_failed,card,162589,1625.89,1,0.418,1,BLIND_RETRY_24H,1,RETRY_LINK_NOW,RULE_HIGH_PROB_IMMEDIATE_RETRY,1
pay_syn_42_02467,invalid_otp,upi,68662,686.62,0,0.63,1,BLIND_RETRY_24H,0,RETRY_LINK_NOW,RULE_HIGH_PROB_IMMEDIATE_RETRY,0
pay_syn_42_02468,card_expired,card,85851,858.51,0,0.0,0,BLIND_RETRY_24H,0,ESCALATE_HUMAN,RULE_HARD_DECLINE_COMPLIANCE,0
pay_syn_42_02469,insufficient_funds,card,157250,1572.5,2,0.2103,0,BLIND_RETRY_24H,0,STOP,RULE_MAX_RETRIES_EXCEEDED,0
pay_syn_42_02470,insufficient_funds,upi,254995,2549.95,0,0.3558,0,BLIND_RETRY_24H,0,RETRY_LINK_DELAYED,RULE_LOW_PROB_DELAYED_NUDGE,1
pay_syn_42_02471,fraud_suspected,card,191366,1913.66,0,0.0,0,BLIND_RETRY_24H,0,ESCALATE_HUMAN,RULE_HARD_DECLINE_COMPLIANCE,0
pay_syn_42_02472,payment_timed_out,upi,74546,745.46,1,0.546,0,BLIND_RETRY_24H,0,RETRY_LINK_NOW,RULE_HIGH_PROB_IMMEDIATE_RETRY,1
pay_syn_42_02473,gateway_technical_error,upi,49733,497.33,0,0.735,0,BLIND_RETRY_24H,0,RETRY_LINK_NOW,RULE_HIGH_PROB_IMMEDIATE_RETRY,0
pay_syn_42_02474,payment_timed_out,upi,46377,463.77,0,0.6825,1,BLIND_RETRY_24H,0,RETRY_LINK_NOW,RULE_HIGH_PROB_IMMEDIATE_RETRY,1
pay_syn_42_02475,payment_timed_out,card,439429,4394.29,2,0.3952,0,BLIND_RETRY_24H,0,STOP,RULE_MAX_RETRIES_EXCEEDED,0
pay_syn_42_02476,invalid_otp,card,377844,3778.44,0,0.57,0,BLIND_RETRY_24H,0,RETRY_LINK_NOW,RULE_HIGH_PROB_IMMEDIATE_RETRY,1
pay_syn_42_02477,payment_timed_out,wallet,228938,2289.38,0,0.663,1,BLIND_RETRY_24H,1,RETRY_LINK_NOW,RULE_HIGH_PROB_IMMEDIATE_RETRY,0
pay_syn_42_02478,gateway_technical_error,upi,435519,4355.19,0,0.735,1,BLIND_RETRY_24H,0,RETRY_LINK_NOW,RULE_HIGH_PROB_IMMEDIATE_RETRY,1
pay_syn_42_02479,invalid_otp,upi,116714,1167.14,0,0.63,1,BLIND_RETRY_24H,1,RETRY_LINK_NOW,RULE_HIGH_PROB_IMMEDIATE_RETRY,0
pay_syn_42_02480,payment_cancelled,upi,340013,3400.13,0,0.2444,0,BLIND_RETRY_24H,0,RETRY_LINK_DELAYED,RULE_LOW_PROB_DELAYED_NUDGE,0
pay_syn_42_02481,payment_timed_out,upi,242843,2428.43,1,0.546,1,BLIND_RETRY_24H,0,RETRY_LINK_NOW,RULE_HIGH_PROB_IMMEDIATE_RETRY,1
pay_syn_42_02482,insufficient_funds,upi,351146,3511.46,0,0.3485,1,BLIND_RETRY_24H,0,RETRY_LINK_DELAYED,RULE_LOW_PROB_DELAYED_NUDGE,1
pay_syn_42_02483,payment_timed_out,upi,41810,418.1,1,0.546,0,BLIND_RETRY_24H,0,RETRY_LINK_NOW,RULE_HIGH_PROB_IMMEDIATE_RETRY,1
pay_syn_42_02484,bank_account_invalid,upi,8581,85.81,0,0.0,0,BLIND_RETRY_24H,0,ESCALATE_HUMAN,RULE_HARD_DECLINE_COMPLIANCE,0
pay_syn_42_02485,invalid_otp,card,178696,1786.96,0,0.57,1,BLIND_RETRY_24H,0,RETRY_LINK_NOW,RULE_HIGH_PROB_IMMEDIATE_RETRY,1
pay_syn_42_02486,card_lost_or_stolen,upi,15688,156.88,0,0.0,0,BLIND_RETRY_24H,0,ESCALATE_HUMAN,RULE_HARD_DECLINE_COMPLIANCE,0
pay_syn_42_02487,payment_cancelled,card,91057,910.57,2,0.1524,0,BLIND_RETRY_24H,0,STOP,RULE_MAX_RETRIES_EXCEEDED,0
pay_syn_42_02488,fraud_suspected,wallet,11672,116.72,1,0.0,0,BLIND_RETRY_24H,0,ESCALATE_HUMAN,RULE_HARD_DECLINE_COMPLIANCE,0
pay_syn_42_02489,card_expired,upi,532913,5329.13,0,0.0,0,BLIND_RETRY_24H,0,ESCALATE_HUMAN,RULE_HARD_DECLINE_COMPLIANCE,0
pay_syn_42_02490,bank_account_invalid,card,379127,3791.27,0,0.0,0,BLIND_RETRY_24H,0,ESCALATE_HUMAN,RULE_HARD_DECLINE_COMPLIANCE,0
pay_syn_42_02491,invalid_otp,upi,196925,1969.25,0,0.63,1,BLIND_RETRY_24H,0,RETRY_LINK_NOW,RULE_HIGH_PROB_IMMEDIATE_RETRY,1
pay_syn_42_02492,fraud_suspected,upi,52913,529.13,0,0.0,0,BLIND_RETRY_24H,0,ESCALATE_HUMAN,RULE_HARD_DECLINE_COMPLIANCE,0
pay_syn_42_02493,insufficient_funds,upi,18881,188.81,0,0.3736,1,BLIND_RETRY_24H,0,RETRY_LINK_NOW,RULE_HIGH_PROB_IMMEDIATE_RETRY,1
pay_syn_42_02494,payment_cancelled,upi,11518,115.18,0,0.2692,0,BLIND_RETRY_24H,0,RETRY_LINK_DELAYED,RULE_LOW_PROB_DELAYED_NUDGE,0
pay_syn_42_02495,payment_cancelled,card,72895,728.95,1,0.1915,0,BLIND_RETRY_24H,0,RETRY_LINK_DELAYED,RULE_LOW_PROB_DELAYED_NUDGE,0
pay_syn_42_02496,fraud_suspected,netbanking,287973,2879.73,0,0.0,0,BLIND_RETRY_24H,0,ESCALATE_HUMAN,RULE_HARD_DECLINE_COMPLIANCE,0
pay_syn_42_02497,gateway_technical_error,upi,92089,920.89,0,0.735,1,BLIND_RETRY_24H,0,RETRY_LINK_NOW,RULE_HIGH_PROB_IMMEDIATE_RETRY,1
pay_syn_42_02498,gateway_technical_error,upi,232194,2321.94,1,0.588,1,BLIND_RETRY_24H,0,RETRY_LINK_NOW,RULE_HIGH_PROB_IMMEDIATE_RETRY,0
pay_syn_42_02499,insufficient_funds,upi,245793,2457.93,0,0.3565,1,BLIND_RETRY_24H,0,RETRY_LINK_DELAYED,RULE_LOW_PROB_DELAYED_NUDGE,1
pay_syn_42_02500,authentication_failed,upi,283063,2830.63,0,0.5775,0,BLIND_RETRY_24H,0,RETRY_LINK_NOW,RULE_HIGH_PROB_IMMEDIATE_RETRY,0
pay_syn_42_02501,insufficient_funds,card,15911,159.11,0,0.3383,0,BLIND_RETRY_24H,0,RETRY_LINK_DELAYED,RULE_LOW_PROB_DELAYED_NUDGE,0
pay_syn_42_02502,payment_timed_out,upi,57970,579.7,2,0.4368,1,BLIND_RETRY_24H,0,STOP,RULE_MAX_RETRIES_EXCEEDED,0
pay_syn_42_02503,insufficient_funds,upi,227292,2272.92,0,0.3579,1,BLIND_RETRY_24H,0,RETRY_LINK_DELAYED,RULE_LOW_PROB_DELAYED_NUDGE,1
pay_syn_42_02504,payment_timed_out,card,694920,6949.2,0,0.6175,1,BLIND_RETRY_24H,0,RETRY_LINK_NOW,RULE_HIGH_PROB_IMMEDIATE_RETRY,1
pay_syn_42_02505,invalid_otp,netbanking,474402,4744.02,0,0.51,1,BLIND_RETRY_24H,1,RETRY_LINK_NOW,RULE_HIGH_PROB_IMMEDIATE_RETRY,0
pay_syn_42_02506,card_lost_or_stolen,upi,185610,1856.1,0,0.0,0,BLIND_RETRY_24H,0,ESCALATE_HUMAN,RULE_HARD_DECLINE_COMPLIANCE,0
pay_syn_42_02507,gateway_technical_error,upi,540142,5401.42,0,0.735,1,BLIND_RETRY_24H,0,RETRY_LINK_NOW,RULE_HIGH_PROB_IMMEDIATE_RETRY,1
pay_syn_42_02508,invalid_otp,upi,184015,1840.15,0,0.63,1,BLIND_RETRY_24H,0,RETRY_LINK_NOW,RULE_HIGH_PROB_IMMEDIATE_RETRY,1
pay_syn_42_02509,insufficient_funds,upi,24307,243.07,0,0.3732,1,BLIND_RETRY_24H,0,RETRY_LINK_DELAYED,RULE_LOW_PROB_DELAYED_NUDGE,0
pay_syn_42_02510,invalid_otp,card,277459,2774.59,0,0.57,0,BLIND_RETRY_24H,0,RETRY_LINK_NOW,RULE_HIGH_PROB_IMMEDIATE_RETRY,0
pay_syn_42_02511,invalid_otp,upi,495155,4951.55,0,0.63,0,BLIND_RETRY_24H,1,RETRY_LINK_NOW,RULE_HIGH_PROB_IMMEDIATE_RETRY,0
pay_syn_42_02512,insufficient_funds,upi,1024247,10242.47,0,0.2976,0,BLIND_RETRY_24H,0,ESCALATE_HUMAN,RULE_HIGH_AMOUNT_ESCALATION,0
pay_syn_42_02513,payment_cancelled,upi,70767,707.67,0,0.2647,1,BLIND_RETRY_24H,0,RETRY_LINK_DELAYED,RULE_LOW_PROB_DELAYED_NUDGE,1
pay_syn_42_02514,payment_cancelled,netbanking,37538,375.38,0,0.2163,1,BLIND_RETRY_24H,0,RETRY_LINK_DELAYED,RULE_LOW_PROB_DELAYED_NUDGE,1
pay_syn_42_02515,gateway_technical_error,upi,341211,3412.11,0,0.735,0,BLIND_RETRY_24H,0,RETRY_LINK_NOW,RULE_HIGH_PROB_IMMEDIATE_RETRY,1
pay_syn_42_02516,payment_timed_out,upi,212059,2120.59,0,0.6825,1,BLIND_RETRY_24H,0,RETRY_LINK_NOW,RULE_HIGH_PROB_IMMEDIATE_RETRY,0
pay_syn_42_02517,payment_cancelled,card,191123,1911.23,0,0.2313,0,BLIND_RETRY_24H,1,RETRY_LINK_DELAYED,RULE_LOW_PROB_DELAYED_NUDGE,0
pay_syn_42_02518,insufficient_funds,wallet,549832,5498.32,2,0.2073,0,BLIND_RETRY_24H,0,STOP,RULE_MAX_RETRIES_EXCEEDED,0
pay_syn_42_02519,payment_cancelled,card,339610,3396.1,1,0.1769,1,BLIND_RETRY_24H,0,RETRY_LINK_DELAYED,RULE_LOW_PROB_DELAYED_NUDGE,0
pay_syn_42_02520,gateway_technical_error,upi,235776,2357.76,1,0.588,0,BLIND_RETRY_24H,0,RETRY_LINK_NOW,RULE_HIGH_PROB_IMMEDIATE_RETRY,1
pay_syn_42_02521,payment_cancelled,upi,80651,806.51,0,0.264,0,BLIND_RETRY_24H,0,RETRY_LINK_DELAYED,RULE_LOW_PROB_DELAYED_NUDGE,0
pay_syn_42_02522,insufficient_funds,card,307857,3078.57,0,0.3183,1,BLIND_RETRY_24H,1,RETRY_LINK_DELAYED,RULE_LOW_PROB_DELAYED_NUDGE,0
pay_syn_42_02523,authentication_failed,card,35997,359.97,0,0.5225,0,BLIND_RETRY_24H,0,RETRY_LINK_NOW,RULE_HIGH_PROB_IMMEDIATE_RETRY,0
pay_syn_42_02524,invalid_otp,upi,183424,1834.24,1,0.504,1,BLIND_RETRY_24H,0,RETRY_LINK_NOW,RULE_HIGH_PROB_IMMEDIATE_RETRY,0
pay_syn_42_02525,authentication_failed,upi,129037,1290.37,1,0.462,0,BLIND_RETRY_24H,0,RETRY_LINK_NOW,RULE_HIGH_PROB_IMMEDIATE_RETRY,1
pay_syn_42_02526,payment_cancelled,card,23178,231.78,0,0.2428,1,BLIND_RETRY_24H,0,RETRY_LINK_DELAYED,RULE_LOW_PROB_DELAYED_NUDGE,0
pay_syn_42_02527,payment_cancelled,upi,212764,2127.64,0,0.254,0,BLIND_RETRY_24H,0,RETRY_LINK_DELAYED,RULE_LOW_PROB_DELAYED_NUDGE,0
pay_syn_42_02528,payment_cancelled,card,70931,709.31,0,0.2395,0,BLIND_RETRY_24H,0,RETRY_LINK_DELAYED,RULE_LOW_PROB_DELAYED_NUDGE,0
pay_syn_42_02529,authentication_failed,upi,206929,2069.29,0,0.5775,1,BLIND_RETRY_24H,1,RETRY_LINK_NOW,RULE_HIGH_PROB_IMMEDIATE_RETRY,0
pay_syn_42_02530,insufficient_funds,upi,46716,467.16,2,0.2378,1,BLIND_RETRY_24H,0,STOP,RULE_MAX_RETRIES_EXCEEDED,0
pay_syn_42_02531,gateway_technical_error,card,343706,3437.06,1,0.532,0,BLIND_RETRY_24H,0,RETRY_LINK_NOW,RULE_HIGH_PROB_IMMEDIATE_RETRY,1
pay_syn_42_02532,invalid_otp,upi,847702,8477.02,0,0.63,1,BLIND_RETRY_24H,0,RETRY_LINK_NOW,RULE_HIGH_PROB_IMMEDIATE_RETRY,1
pay_syn_42_02533,invalid_otp,card,12314,123.14,0,0.57,0,BLIND_RETRY_24H,0,RETRY_LINK_NOW,RULE_HIGH_PROB_IMMEDIATE_RETRY,1
pay_syn_42_02534,invalid_otp,upi,36010,360.1,1,0.504,1,BLIND_RETRY_24H,1,RETRY_LINK_NOW,RULE_HIGH_PROB_IMMEDIATE_RETRY,1
pay_syn_42_02535,bank_account_invalid,upi,46654,466.54,2,0.0,0,BLIND_RETRY_24H,0,STOP,RULE_MAX_RETRIES_EXCEEDED,0
pay_syn_42_02536,invalid_otp,card,30255,302.55,0,0.57,1,BLIND_RETRY_24H,0,RETRY_LINK_NOW,RULE_HIGH_PROB_IMMEDIATE_RETRY,0
pay_syn_42_02537,insufficient_funds,card,105841,1058.41,2,0.2125,0,BLIND_RETRY_24H,0,STOP,RULE_MAX_RETRIES_EXCEEDED,0
pay_syn_42_02538,payment_timed_out,upi,203316,2033.16,0,0.6825,1,BLIND_RETRY_24H,1,RETRY_LINK_NOW,RULE_HIGH_PROB_IMMEDIATE_RETRY,1
pay_syn_42_02539,payment_timed_out,upi,286270,2862.7,0,0.6825,1,BLIND_RETRY_24H,0,RETRY_LINK_NOW,RULE_HIGH_PROB_IMMEDIATE_RETRY,1
pay_syn_42_02540,authentication_failed,netbanking,179396,1793.96,0,0.4675,0,BLIND_RETRY_24H,0,RETRY_LINK_NOW,RULE_HIGH_PROB_IMMEDIATE_RETRY,1
pay_syn_42_02541,gateway_technical_error,upi,276153,2761.53,0,0.735,1,BLIND_RETRY_24H,0,RETRY_LINK_NOW,RULE_HIGH_PROB_IMMEDIATE_RETRY,1
pay_syn_42_02542,insufficient_funds,upi,124080,1240.8,0,0.3657,1,BLIND_RETRY_24H,0,RETRY_LINK_DELAYED,RULE_LOW_PROB_DELAYED_NUDGE,1
pay_syn_42_02543,gateway_technical_error,wallet,70063,700.63,0,0.714,1,BLIND_RETRY_24H,0,RETRY_LINK_NOW,RULE_HIGH_PROB_IMMEDIATE_RETRY,1
pay_syn_42_02544,payment_timed_out,card,47859,478.59,0,0.6175,1,BLIND_RETRY_24H,0,RETRY_LINK_NOW,RULE_HIGH_PROB_IMMEDIATE_RETRY,0
pay_syn_42_02545,gateway_technical_error,upi,110135,1101.35,0,0.735,0,BLIND_RETRY_24H,1,RETRY_LINK_NOW,RULE_HIGH_PROB_IMMEDIATE_RETRY,1
pay_syn_42_02546,card_expired,upi,49074,490.74,0,0.0,0,BLIND_RETRY_24H,0,ESCALATE_HUMAN,RULE_HARD_DECLINE_COMPLIANCE,0
pay_syn_42_02547,gateway_technical_error,upi,196486,1964.86,0,0.735,1,BLIND_RETRY_24H,1,RETRY_LINK_NOW,RULE_HIGH_PROB_IMMEDIATE_RETRY,0
pay_syn_42_02548,gateway_technical_error,netbanking,49889,498.89,1,0.476,1,BLIND_RETRY_24H,0,RETRY_LINK_NOW,RULE_HIGH_PROB_IMMEDIATE_RETRY,1
pay_syn_42_02549,gateway_technical_error,upi,78331,783.31,0,0.735,1,BLIND_RETRY_24H,0,RETRY_LINK_NOW,RULE_HIGH_PROB_IMMEDIATE_RETRY,0
pay_syn_42_02550,insufficient_funds,upi,436672,4366.72,0,0.342,0,BLIND_RETRY_24H,1,RETRY_LINK_DELAYED,RULE_LOW_PROB_DELAYED_NUDGE,0
pay_syn_42_02551,card_lost_or_stolen,upi,490564,4905.64,0,0.0,0,BLIND_RETRY_24H,0,ESCALATE_HUMAN,RULE_HARD_DECLINE_COMPLIANCE,0
pay_syn_42_02552,insufficient_funds,upi,471603,4716.03,0,0.3394,1,BLIND_RETRY_24H,1,RETRY_LINK_DELAYED,RULE_LOW_PROB_DELAYED_NUDGE,0
pay_syn_42_02553,payment_timed_out,upi,126343,1263.43,0,0.6825,0,BLIND_RETRY_24H,0,RETRY_LINK_NOW,RULE_HIGH_PROB_IMMEDIATE_RETRY,1
pay_syn_42_02554,payment_cancelled,upi,73064,730.64,1,0.2116,0,BLIND_RETRY_24H,0,RETRY_LINK_DELAYED,RULE_LOW_PROB_DELAYED_NUDGE,0
pay_syn_42_02555,card_expired,upi,232370,2323.7,0,0.0,0,BLIND_RETRY_24H,0,ESCALATE_HUMAN,RULE_HARD_DECLINE_COMPLIANCE,0
pay_syn_42_02556,payment_cancelled,upi,50963,509.63,1,0.213,0,BLIND_RETRY_24H,0,RETRY_LINK_DELAYED,RULE_LOW_PROB_DELAYED_NUDGE,0
pay_syn_42_02557,authentication_failed,card,303117,3031.17,0,0.5225,1,BLIND_RETRY_24H,0,RETRY_LINK_NOW,RULE_HIGH_PROB_IMMEDIATE_RETRY,1
pay_syn_42_02558,invalid_otp,card,66425,664.25,1,0.456,0,BLIND_RETRY_24H,0,RETRY_LINK_NOW,RULE_HIGH_PROB_IMMEDIATE_RETRY,0
pay_syn_42_02559,payment_timed_out,upi,105284,1052.84,1,0.546,0,BLIND_RETRY_24H,1,RETRY_LINK_NOW,RULE_HIGH_PROB_IMMEDIATE_RETRY,1
pay_syn_42_02560,payment_cancelled,upi,311152,3111.52,1,0.1972,0,BLIND_RETRY_24H,0,RETRY_LINK_DELAYED,RULE_LOW_PROB_DELAYED_NUDGE,0
pay_syn_42_02561,payment_timed_out,upi,18069,180.69,0,0.6825,0,BLIND_RETRY_24H,0,RETRY_LINK_NOW,RULE_HIGH_PROB_IMMEDIATE_RETRY,0
pay_syn_42_02562,stolen_card,upi,69406,694.06,1,0.0,0,BLIND_RETRY_24H,0,ESCALATE_HUMAN,RULE_HARD_DECLINE_COMPLIANCE,0
pay_syn_42_02563,payment_timed_out,card,201270,2012.7,0,0.6175,1,BLIND_RETRY_24H,1,RETRY_LINK_NOW,RULE_HIGH_PROB_IMMEDIATE_RETRY,1
pay_syn_42_02564,bank_account_invalid,card,254719,2547.19,1,0.0,0,BLIND_RETRY_24H,0,ESCALATE_HUMAN,RULE_HARD_DECLINE_COMPLIANCE,0
pay_syn_42_02565,payment_timed_out,upi,210402,2104.02,2,0.4368,0,BLIND_RETRY_24H,0,STOP,RULE_MAX_RETRIES_EXCEEDED,0
pay_syn_42_02566,insufficient_funds,wallet,103880,1038.8,0,0.3567,0,BLIND_RETRY_24H,0,RETRY_LINK_DELAYED,RULE_LOW_PROB_DELAYED_NUDGE,0
pay_syn_42_02567,gateway_technical_error,card,349856,3498.56,0,0.665,1,BLIND_RETRY_24H,1,RETRY_LINK_NOW,RULE_HIGH_PROB_IMMEDIATE_RETRY,0
pay_syn_42_02568,authentication_failed,upi,46277,462.77,0,0.5775,1,BLIND_RETRY_24H,0,RETRY_LINK_NOW,RULE_HIGH_PROB_IMMEDIATE_RETRY,1
pay_syn_42_02569,authentication_failed,upi,44312,443.12,0,0.5775,0,BLIND_RETRY_24H,0,RETRY_LINK_NOW,RULE_HIGH_PROB_IMMEDIATE_RETRY,0
pay_syn_42_02570,payment_cancelled,upi,199058,1990.58,1,0.204,0,BLIND_RETRY_24H,0,RETRY_LINK_DELAYED,RULE_LOW_PROB_DELAYED_NUDGE,1
pay_syn_42_02571,card_expired,upi,41273,412.73,0,0.0,0,BLIND_RETRY_24H,0,ESCALATE_HUMAN,RULE_HARD_DECLINE_COMPLIANCE,0
pay_syn_42_02572,gateway_technical_error,netbanking,887457,8874.57,0,0.595,1,BLIND_RETRY_24H,0,RETRY_LINK_NOW,RULE_HIGH_PROB_IMMEDIATE_RETRY,1
pay_syn_42_02573,payment_cancelled,upi,320045,3200.45,0,0.2459,0,BLIND_RETRY_24H,0,RETRY_LINK_DELAYED,RULE_LOW_PROB_DELAYED_NUDGE,1
pay_syn_42_02574,insufficient_funds,upi,71501,715.01,2,0.2366,1,BLIND_RETRY_24H,0,STOP,RULE_MAX_RETRIES_EXCEEDED,0
pay_syn_42_02575,payment_timed_out,card,342109,3421.09,1,0.494,0,BLIND_RETRY_24H,0,RETRY_LINK_NOW,RULE_HIGH_PROB_IMMEDIATE_RETRY,1
pay_syn_42_02576,payment_timed_out,upi,34651,346.51,0,0.6825,0,BLIND_RETRY_24H,0,RETRY_LINK_NOW,RULE_HIGH_PROB_IMMEDIATE_RETRY,1
pay_syn_42_02577,invalid_otp,upi,661655,6616.55,0,0.63,1,BLIND_RETRY_24H,0,RETRY_LINK_NOW,RULE_HIGH_PROB_IMMEDIATE_RETRY,1
pay_syn_42_02578,gateway_technical_error,card,136044,1360.44,0,0.665,0,BLIND_RETRY_24H,0,RETRY_LINK_NOW,RULE_HIGH_PROB_IMMEDIATE_RETRY,0
pay_syn_42_02579,payment_timed_out,upi,69502,695.02,0,0.6825,1,BLIND_RETRY_24H,0,RETRY_LINK_NOW,RULE_HIGH_PROB_IMMEDIATE_RETRY,0
pay_syn_42_02580,gateway_technical_error,card,96382,963.82,0,0.665,0,BLIND_RETRY_24H,0,RETRY_LINK_NOW,RULE_HIGH_PROB_IMMEDIATE_RETRY,0
pay_syn_42_02581,insufficient_funds,card,58740,587.4,1,0.2683,0,BLIND_RETRY_24H,1,RETRY_LINK_DELAYED,RULE_LOW_PROB_DELAYED_NUDGE,0
pay_syn_42_02582,insufficient_funds,card,104975,1049.75,1,0.2657,0,BLIND_RETRY_24H,0,RETRY_LINK_DELAYED,RULE_LOW_PROB_DELAYED_NUDGE,0
pay_syn_42_02583,invalid_otp,upi,36699,366.99,0,0.63,1,BLIND_RETRY_24H,0,RETRY_LINK_NOW,RULE_HIGH_PROB_IMMEDIATE_RETRY,1
pay_syn_42_02584,gateway_technical_error,card,992288,9922.88,1,0.532,0,BLIND_RETRY_24H,0,RETRY_LINK_NOW,RULE_HIGH_PROB_IMMEDIATE_RETRY,1
pay_syn_42_02585,bank_account_invalid,upi,71836,718.36,0,0.0,0,BLIND_RETRY_24H,0,ESCALATE_HUMAN,RULE_HARD_DECLINE_COMPLIANCE,0
pay_syn_42_02586,gateway_technical_error,upi,334352,3343.52,2,0.4704,1,BLIND_RETRY_24H,0,STOP,RULE_MAX_RETRIES_EXCEEDED,0
pay_syn_42_02587,invalid_otp,upi,168651,1686.51,0,0.63,0,BLIND_RETRY_24H,1,RETRY_LINK_NOW,RULE_HIGH_PROB_IMMEDIATE_RETRY,1
pay_syn_42_02588,payment_timed_out,netbanking,45351,453.51,1,0.442,0,BLIND_RETRY_24H,0,RETRY_LINK_DELAYED,RULE_LOW_PROB_DELAYED_NUDGE,0
pay_syn_42_02589,payment_cancelled,upi,108889,1088.89,0,0.2618,0,BLIND_RETRY_24H,0,RETRY_LINK_DELAYED,RULE_LOW_PROB_DELAYED_NUDGE,0
pay_syn_42_02590,invalid_otp,upi,497621,4976.21,0,0.63,0,BLIND_RETRY_24H,0,RETRY_LINK_NOW,RULE_HIGH_PROB_IMMEDIATE_RETRY,1
pay_syn_42_02591,insufficient_funds,upi,80785,807.85,0,0.369,0,BLIND_RETRY_24H,0,RETRY_LINK_DELAYED,RULE_LOW_PROB_DELAYED_NUDGE,1
pay_syn_42_02592,insufficient_funds,netbanking,40837,408.37,0,0.3011,1,BLIND_RETRY_24H,0,RETRY_LINK_DELAYED,RULE_LOW_PROB_DELAYED_NUDGE,0
pay_syn_42_02593,payment_timed_out,upi,244149,2441.49,0,0.6825,0,BLIND_RETRY_24H,0,RETRY_LINK_NOW,RULE_HIGH_PROB_IMMEDIATE_RETRY,0
pay_syn_42_02594,invalid_otp,upi,12289,122.89,0,0.63,1,BLIND_RETRY_24H,0,RETRY_LINK_NOW,RULE_HIGH_PROB_IMMEDIATE_RETRY,0
pay_syn_42_02595,authentication_failed,upi,98703,987.03,1,0.462,0,BLIND_RETRY_24H,1,RETRY_LINK_NOW,RULE_HIGH_PROB_IMMEDIATE_RETRY,1
pay_syn_42_02596,insufficient_funds,upi,554361,5543.61,0,0.3332,0,BLIND_RETRY_24H,0,RETRY_LINK_DELAYED,RULE_LOW_PROB_DELAYED_NUDGE,0
pay_syn_42_02597,payment_timed_out,upi,105621,1056.21,0,0.6825,1,BLIND_RETRY_24H,1,RETRY_LINK_NOW,RULE_HIGH_PROB_IMMEDIATE_RETRY,1
pay_syn_42_02598,risk_check_failed,upi,375643,3756.43,0,0.0,0,BLIND_RETRY_24H,0,ESCALATE_HUMAN,RULE_HARD_DECLINE_COMPLIANCE,0
pay_syn_42_02599,risk_check_failed,card,40288,402.88,0,0.0,0,BLIND_RETRY_24H,0,ESCALATE_HUMAN,RULE_HARD_DECLINE_COMPLIANCE,0
pay_syn_42_02600,card_blocked,upi,101329,1013.29,2,0.0,0,BLIND_RETRY_24H,0,STOP,RULE_MAX_RETRIES_EXCEEDED,0
pay_syn_42_02601,insufficient_funds,card,91628,916.28,2,0.2132,1,BLIND_RETRY_24H,0,STOP,RULE_MAX_RETRIES_EXCEEDED,0
pay_syn_42_02602,insufficient_funds,upi,229429,2294.29,0,0.3577,0,BLIND_RETRY_24H,1,RETRY_LINK_DELAYED,RULE_LOW_PROB_DELAYED_NUDGE,1
pay_syn_42_02603,card_expired,upi,144321,1443.21,1,0.0,0,BLIND_RETRY_24H,0,ESCALATE_HUMAN,RULE_HARD_DECLINE_COMPLIANCE,0
pay_syn_42_02604,authentication_failed,upi,14520,145.2,0,0.5775,0,BLIND_RETRY_24H,0,RETRY_LINK_NOW,RULE_HIGH_PROB_IMMEDIATE_RETRY,0
pay_syn_42_02605,insufficient_funds,upi,654292,6542.92,0,0.3256,1,BLIND_RETRY_24H,1,RETRY_LINK_DELAYED,RULE_LOW_PROB_DELAYED_NUDGE,1
pay_syn_42_02606,payment_timed_out,upi,76234,762.34,2,0.4368,1,BLIND_RETRY_24H,0,STOP,RULE_MAX_RETRIES_EXCEEDED,0
pay_syn_42_02607,payment_timed_out,card,142432,1424.32,1,0.494,1,BLIND_RETRY_24H,1,RETRY_LINK_NOW,RULE_HIGH_PROB_IMMEDIATE_RETRY,1
pay_syn_42_02608,invalid_otp,card,95278,952.78,1,0.456,0,BLIND_RETRY_24H,0,RETRY_LINK_NOW,RULE_HIGH_PROB_IMMEDIATE_RETRY,0
pay_syn_42_02609,insufficient_funds,upi,131518,1315.18,0,0.3651,0,BLIND_RETRY_24H,0,RETRY_LINK_NOW,RULE_HIGH_PROB_IMMEDIATE_RETRY,1
pay_syn_42_02610,invalid_otp,upi,119225,1192.25,0,0.63,1,BLIND_RETRY_24H,1,RETRY_LINK_NOW,RULE_HIGH_PROB_IMMEDIATE_RETRY,1
pay_syn_42_02611,gateway_technical_error,netbanking,50469,504.69,0,0.595,0,BLIND_RETRY_24H,0,RETRY_LINK_NOW,RULE_HIGH_PROB_IMMEDIATE_RETRY,1
pay_syn_42_02612,stolen_card,card,313059,3130.59,0,0.0,0,BLIND_RETRY_24H,0,ESCALATE_HUMAN,RULE_HARD_DECLINE_COMPLIANCE,0
pay_syn_42_02613,payment_timed_out,card,64297,642.97,1,0.494,0,BLIND_RETRY_24H,0,RETRY_LINK_NOW,RULE_HIGH_PROB_IMMEDIATE_RETRY,0
pay_syn_42_02614,authentication_failed,wallet,59809,598.09,0,0.561,0,BLIND_RETRY_24H,0,RETRY_LINK_NOW,RULE_HIGH_PROB_IMMEDIATE_RETRY,1
pay_syn_42_02615,invalid_otp,upi,24483,244.83,1,0.504,0,BLIND_RETRY_24H,0,RETRY_LINK_DELAYED,RULE_LOW_PROB_DELAYED_NUDGE,1
pay_syn_42_02616,invalid_otp,upi,74008,740.08,0,0.63,0,BLIND_RETRY_24H,1,RETRY_LINK_NOW,RULE_HIGH_PROB_IMMEDIATE_RETRY,1
pay_syn_42_02617,card_expired,card,63451,634.51,0,0.0,0,BLIND_RETRY_24H,0,ESCALATE_HUMAN,RULE_HARD_DECLINE_COMPLIANCE,0
pay_syn_42_02618,insufficient_funds,card,5429,54.29,0,0.339,0,BLIND_RETRY_24H,0,RETRY_LINK_DELAYED,RULE_LOW_PROB_DELAYED_NUDGE,0
pay_syn_42_02619,invalid_otp,upi,14561,145.61,0,0.63,1,BLIND_RETRY_24H,0,RETRY_LINK_NOW,RULE_HIGH_PROB_IMMEDIATE_RETRY,0
pay_syn_42_02620,gateway_technical_error,card,5941,59.41,0,0.665,0,BLIND_RETRY_24H,0,RETRY_LINK_NOW,RULE_HIGH_PROB_IMMEDIATE_RETRY,1
pay_syn_42_02621,payment_timed_out,card,104501,1045.01,0,0.6175,0,BLIND_RETRY_24H,0,RETRY_LINK_NOW,RULE_HIGH_PROB_IMMEDIATE_RETRY,0
pay_syn_42_02622,payment_timed_out,upi,617292,6172.92,0,0.6825,1,BLIND_RETRY_24H,0,RETRY_LINK_NOW,RULE_HIGH_PROB_IMMEDIATE_RETRY,1
pay_syn_42_02623,payment_cancelled,netbanking,28945,289.45,0,0.2168,0,BLIND_RETRY_24H,0,RETRY_LINK_DELAYED,RULE_LOW_PROB_DELAYED_NUDGE,1
pay_syn_42_02624,gateway_technical_error,card,128948,1289.48,0,0.665,1,BLIND_RETRY_24H,0,RETRY_LINK_NOW,RULE_HIGH_PROB_IMMEDIATE_RETRY,0
pay_syn_42_02625,payment_cancelled,upi,101894,1018.94,0,0.2624,0,BLIND_RETRY_24H,0,RETRY_LINK_DELAYED,RULE_LOW_PROB_DELAYED_NUDGE,0
pay_syn_42_02626,payment_timed_out,upi,266851,2668.51,0,0.6825,1,BLIND_RETRY_24H,0,RETRY_LINK_NOW,RULE_HIGH_PROB_IMMEDIATE_RETRY,1
pay_syn_42_02627,insufficient_funds,upi,290383,2903.83,1,0.2825,1,BLIND_RETRY_24H,1,RETRY_LINK_DELAYED,RULE_LOW_PROB_DELAYED_NUDGE,0
pay_syn_42_02628,gateway_technical_error,wallet,1433446,14334.46,0,0.714,1,BLIND_RETRY_24H,0,ESCALATE_HUMAN,RULE_HIGH_AMOUNT_ESCALATION,1
pay_syn_42_02629,payment_timed_out,upi,175582,1755.82,0,0.6825,1,BLIND_RETRY_24H,0,RETRY_LINK_NOW,RULE_HIGH_PROB_IMMEDIATE_RETRY,0
pay_syn_42_02630,payment_cancelled,card,55418,554.18,1,0.1924,0,BLIND_RETRY_24H,0,RETRY_LINK_DELAYED,RULE_LOW_PROB_DELAYED_NUDGE,0
pay_syn_42_02631,payment_cancelled,upi,71900,719.0,0,0.2646,0,BLIND_RETRY_24H,0,RETRY_LINK_DELAYED,RULE_LOW_PROB_DELAYED_NUDGE,0
pay_syn_42_02632,card_expired,card,79756,797.56,2,0.0,0,BLIND_RETRY_24H,0,STOP,RULE_MAX_RETRIES_EXCEEDED,0
pay_syn_42_02633,insufficient_funds,upi,66127,661.27,1,0.296,0,BLIND_RETRY_24H,1,RETRY_LINK_DELAYED,RULE_LOW_PROB_DELAYED_NUDGE,0
pay_syn_42_02634,payment_timed_out,upi,836563,8365.63,0,0.6825,1,BLIND_RETRY_24H,1,RETRY_LINK_NOW,RULE_HIGH_PROB_IMMEDIATE_RETRY,0
pay_syn_42_02635,invalid_otp,card,274500,2745.0,0,0.57,1,BLIND_RETRY_24H,0,RETRY_LINK_NOW,RULE_HIGH_PROB_IMMEDIATE_RETRY,0
pay_syn_42_02636,gateway_technical_error,upi,22263,222.63,0,0.735,0,BLIND_RETRY_24H,0,RETRY_LINK_NOW,RULE_HIGH_PROB_IMMEDIATE_RETRY,1
pay_syn_42_02637,payment_timed_out,upi,227171,2271.71,0,0.6825,1,BLIND_RETRY_24H,0,RETRY_LINK_NOW,RULE_HIGH_PROB_IMMEDIATE_RETRY,1
pay_syn_42_02638,payment_cancelled,upi,41963,419.63,2,0.1708,0,BLIND_RETRY_24H,0,STOP,RULE_MAX_RETRIES_EXCEEDED,0
pay_syn_42_02639,stolen_card,wallet,286994,2869.94,0,0.0,0,BLIND_RETRY_24H,0,ESCALATE_HUMAN,RULE_HARD_DECLINE_COMPLIANCE,0
pay_syn_42_02640,authentication_failed,card,452067,4520.67,0,0.5225,0,BLIND_RETRY_24H,0,RETRY_LINK_NOW,RULE_HIGH_PROB_IMMEDIATE_RETRY,1
pay_syn_42_02641,invalid_otp,upi,103854,1038.54,2,0.4032,1,BLIND_RETRY_24H,0,STOP,RULE_MAX_RETRIES_EXCEEDED,0
pay_syn_42_02642,invalid_otp,upi,71048,710.48,0,0.63,0,BLIND_RETRY_24H,1,RETRY_LINK_NOW,RULE_HIGH_PROB_IMMEDIATE_RETRY,1
pay_syn_42_02643,invalid_otp,upi,675567,6755.67,1,0.504,0,BLIND_RETRY_24H,0,RETRY_LINK_DELAYED,RULE_LOW_PROB_DELAYED_NUDGE,1
pay_syn_42_02644,payment_cancelled,upi,62052,620.52,0,0.2654,1,BLIND_RETRY_24H,0,RETRY_LINK_DELAYED,RULE_LOW_PROB_DELAYED_NUDGE,1
pay_syn_42_02645,insufficient_funds,card,55794,557.94,0,0.3355,0,BLIND_RETRY_24H,1,RETRY_LINK_DELAYED,RULE_LOW_PROB_DELAYED_NUDGE,1
pay_syn_42_02646,bank_account_invalid,card,47103,471.03,0,0.0,0,BLIND_RETRY_24H,0,ESCALATE_HUMAN,RULE_HARD_DECLINE_COMPLIANCE,0
pay_syn_42_02647,gateway_technical_error,card,122294,1222.94,0,0.665,1,BLIND_RETRY_24H,0,RETRY_LINK_NOW,RULE_HIGH_PROB_IMMEDIATE_RETRY,1
pay_syn_42_02648,insufficient_funds,card,175005,1750.05,0,0.3274,1,BLIND_RETRY_24H,0,RETRY_LINK_DELAYED,RULE_LOW_PROB_DELAYED_NUDGE,1
pay_syn_42_02649,payment_timed_out,upi,381401,3814.01,0,0.6825,1,BLIND_RETRY_24H,0,RETRY_LINK_NOW,RULE_HIGH_PROB_IMMEDIATE_RETRY,1
pay_syn_42_02650,payment_timed_out,card,239129,2391.29,2,0.3952,1,BLIND_RETRY_24H,0,STOP,RULE_MAX_RETRIES_EXCEEDED,0
pay_syn_42_02651,payment_cancelled,upi,234766,2347.66,1,0.2018,1,BLIND_RETRY_24H,0,RETRY_LINK_DELAYED,RULE_LOW_PROB_DELAYED_NUDGE,1
pay_syn_42_02652,insufficient_funds,netbanking,543072,5430.72,0,0.2704,0,BLIND_RETRY_24H,0,RETRY_LINK_DELAYED,RULE_LOW_PROB_DELAYED_NUDGE,1
pay_syn_42_02653,insufficient_funds,netbanking,44937,449.37,0,0.3009,0,BLIND_RETRY_24H,0,RETRY_LINK_DELAYED,RULE_LOW_PROB_DELAYED_NUDGE,1
pay_syn_42_02654,payment_timed_out,upi,27322,273.22,1,0.546,0,BLIND_RETRY_24H,1,RETRY_LINK_NOW,RULE_HIGH_PROB_IMMEDIATE_RETRY,0
pay_syn_42_02655,payment_timed_out,upi,252779,2527.79,2,0.4368,1,BLIND_RETRY_24H,0,STOP,RULE_MAX_RETRIES_EXCEEDED,0
pay_syn_42_02656,insufficient_funds,upi,116267,1162.67,0,0.3663,0,BLIND_RETRY_24H,0,RETRY_LINK_DELAYED,RULE_LOW_PROB_DELAYED_NUDGE,0
pay_syn_42_02657,invalid_otp,card,383067,3830.67,1,0.456,0,BLIND_RETRY_24H,0,RETRY_LINK_DELAYED,RULE_LOW_PROB_DELAYED_NUDGE,0
pay_syn_42_02658,gateway_technical_error,card,128355,1283.55,1,0.532,1,BLIND_RETRY_24H,0,RETRY_LINK_NOW,RULE_HIGH_PROB_IMMEDIATE_RETRY,0
pay_syn_42_02659,invalid_otp,upi,68596,685.96,1,0.504,0,BLIND_RETRY_24H,0,RETRY_LINK_NOW,RULE_HIGH_PROB_IMMEDIATE_RETRY,1
pay_syn_42_02660,card_lost_or_stolen,upi,257031,2570.31,0,0.0,0,BLIND_RETRY_24H,0,ESCALATE_HUMAN,RULE_HARD_DECLINE_COMPLIANCE,0
pay_syn_42_02661,risk_check_failed,card,146470,1464.7,0,0.0,0,BLIND_RETRY_24H,0,ESCALATE_HUMAN,RULE_HARD_DECLINE_COMPLIANCE,0
pay_syn_42_02662,gateway_technical_error,card,128475,1284.75,0,0.665,1,BLIND_RETRY_24H,0,RETRY_LINK_NOW,RULE_HIGH_PROB_IMMEDIATE_RETRY,1
pay_syn_42_02663,insufficient_funds,card,1853117,18531.17,0,0.2126,0,BLIND_RETRY_24H,0,ESCALATE_HUMAN,RULE_HIGH_AMOUNT_ESCALATION,0
pay_syn_42_02664,invalid_otp,card,492797,4927.97,0,0.57,1,BLIND_RETRY_24H,0,RETRY_LINK_NOW,RULE_HIGH_PROB_IMMEDIATE_RETRY,1
pay_syn_42_02665,payment_timed_out,netbanking,296642,2966.42,0,0.5525,0,BLIND_RETRY_24H,0,RETRY_LINK_NOW,RULE_HIGH_PROB_IMMEDIATE_RETRY,1
pay_syn_42_02666,payment_cancelled,upi,151471,1514.71,0,0.2586,0,BLIND_RETRY_24H,0,RETRY_LINK_DELAYED,RULE_LOW_PROB_DELAYED_NUDGE,0
pay_syn_42_02667,payment_timed_out,card,137860,1378.6,0,0.6175,1,BLIND_RETRY_24H,1,RETRY_LINK_NOW,RULE_HIGH_PROB_IMMEDIATE_RETRY,0
pay_syn_42_02668,card_expired,upi,95918,959.18,0,0.0,0,BLIND_RETRY_24H,0,ESCALATE_HUMAN,RULE_HARD_DECLINE_COMPLIANCE,0
pay_syn_42_02669,insufficient_funds,card,168861,1688.61,0,0.3278,0,BLIND_RETRY_24H,0,RETRY_LINK_DELAYED,RULE_LOW_PROB_DELAYED_NUDGE,0
pay_syn_42_02670,invalid_otp,upi,78264,782.64,0,0.63,0,BLIND_RETRY_24H,0,RETRY_LINK_NOW,RULE_HIGH_PROB_IMMEDIATE_RETRY,1
pay_syn_42_02671,invalid_otp,upi,36218,362.18,0,0.63,0,BLIND_RETRY_24H,0,RETRY_LINK_NOW,RULE_HIGH_PROB_IMMEDIATE_RETRY,0
pay_syn_42_02672,insufficient_funds,upi,126792,1267.92,0,0.3655,1,BLIND_RETRY_24H,0,RETRY_LINK_NOW,RULE_HIGH_PROB_IMMEDIATE_RETRY,0
pay_syn_42_02673,payment_cancelled,upi,184464,1844.64,0,0.2561,1,BLIND_RETRY_24H,0,RETRY_LINK_DELAYED,RULE_LOW_PROB_DELAYED_NUDGE,0
pay_syn_42_02674,risk_check_failed,upi,384152,3841.52,0,0.0,0,BLIND_RETRY_24H,0,ESCALATE_HUMAN,RULE_HARD_DECLINE_COMPLIANCE,0
pay_syn_42_02675,gateway_technical_error,card,56117,561.17,2,0.4256,0,BLIND_RETRY_24H,0,STOP,RULE_MAX_RETRIES_EXCEEDED,0
pay_syn_42_02676,payment_cancelled,netbanking,139049,1390.49,0,0.2101,0,BLIND_RETRY_24H,0,RETRY_LINK_DELAYED,RULE_LOW_PROB_DELAYED_NUDGE,0
pay_syn_42_02677,invalid_otp,upi,237027,2370.27,0,0.63,0,BLIND_RETRY_24H,0,RETRY_LINK_NOW,RULE_HIGH_PROB_IMMEDIATE_RETRY,0
pay_syn_42_02678,card_expired,wallet,231088,2310.88,1,0.0,0,BLIND_RETRY_24H,0,ESCALATE_HUMAN,RULE_HARD_DECLINE_COMPLIANCE,0
pay_syn_42_02679,stolen_card,card,782261,7822.61,0,0.0,0,BLIND_RETRY_24H,0,ESCALATE_HUMAN,RULE_HARD_DECLINE_COMPLIANCE,0
pay_syn_42_02680,gateway_technical_error,upi,97887,978.87,0,0.735,1,BLIND_RETRY_24H,0,RETRY_LINK_NOW,RULE_HIGH_PROB_IMMEDIATE_RETRY,1
pay_syn_42_02681,gateway_technical_error,upi,51538,515.38,0,0.735,1,BLIND_RETRY_24H,1,RETRY_LINK_NOW,RULE_HIGH_PROB_IMMEDIATE_RETRY,0
pay_syn_42_02682,payment_cancelled,netbanking,149159,1491.59,0,0.2095,0,BLIND_RETRY_24H,0,RETRY_LINK_DELAYED,RULE_LOW_PROB_DELAYED_NUDGE,0
pay_syn_42_02683,insufficient_funds,card,103328,1033.28,0,0.3323,0,BLIND_RETRY_24H,1,RETRY_LINK_DELAYED,RULE_LOW_PROB_DELAYED_NUDGE,0
pay_syn_42_02684,insufficient_funds,card,85613,856.13,0,0.3335,1,BLIND_RETRY_24H,0,RETRY_LINK_DELAYED,RULE_LOW_PROB_DELAYED_NUDGE,0
pay_syn_42_02685,insufficient_funds,card,74380,743.8,0,0.3343,0,BLIND_RETRY_24H,0,RETRY_LINK_DELAYED,RULE_LOW_PROB_DELAYED_NUDGE,1
pay_syn_42_02686,invalid_otp,upi,185283,1852.83,2,0.4032,1,BLIND_RETRY_24H,1,STOP,RULE_MAX_RETRIES_EXCEEDED,0
pay_syn_42_02687,card_blocked,card,64422,644.22,0,0.0,0,BLIND_RETRY_24H,0,ESCALATE_HUMAN,RULE_HARD_DECLINE_COMPLIANCE,0
pay_syn_42_02688,invalid_otp,upi,296340,2963.4,1,0.504,1,BLIND_RETRY_24H,0,RETRY_LINK_DELAYED,RULE_LOW_PROB_DELAYED_NUDGE,1
pay_syn_42_02689,invalid_otp,upi,280494,2804.94,0,0.63,1,BLIND_RETRY_24H,0,RETRY_LINK_NOW,RULE_HIGH_PROB_IMMEDIATE_RETRY,1
pay_syn_42_02690,invalid_otp,card,204391,2043.91,0,0.57,0,BLIND_RETRY_24H,0,RETRY_LINK_NOW,RULE_HIGH_PROB_IMMEDIATE_RETRY,0
pay_syn_42_02691,invalid_otp,netbanking,44860,448.6,2,0.3264,0,BLIND_RETRY_24H,0,STOP,RULE_MAX_RETRIES_EXCEEDED,0
pay_syn_42_02692,risk_check_failed,card,176253,1762.53,1,0.0,0,BLIND_RETRY_24H,0,ESCALATE_HUMAN,RULE_HARD_DECLINE_COMPLIANCE,0
pay_syn_42_02693,payment_cancelled,upi,415619,4156.19,0,0.2386,1,BLIND_RETRY_24H,1,RETRY_LINK_DELAYED,RULE_LOW_PROB_DELAYED_NUDGE,0
pay_syn_42_02694,payment_timed_out,upi,321754,3217.54,0,0.6825,1,BLIND_RETRY_24H,0,RETRY_LINK_NOW,RULE_HIGH_PROB_IMMEDIATE_RETRY,1
pay_syn_42_02695,card_expired,upi,272479,2724.79,0,0.0,0,BLIND_RETRY_24H,0,ESCALATE_HUMAN,RULE_HARD_DECLINE_COMPLIANCE,0
pay_syn_42_02696,payment_cancelled,upi,136829,1368.29,0,0.2597,0,BLIND_RETRY_24H,0,RETRY_LINK_DELAYED,RULE_LOW_PROB_DELAYED_NUDGE,0
pay_syn_42_02697,insufficient_funds,card,130420,1304.2,0,0.3304,0,BLIND_RETRY_24H,0,RETRY_LINK_DELAYED,RULE_LOW_PROB_DELAYED_NUDGE,0
pay_syn_42_02698,authentication_failed,upi,502759,5027.59,0,0.5775,1,BLIND_RETRY_24H,0,RETRY_LINK_NOW,RULE_HIGH_PROB_IMMEDIATE_RETRY,0
pay_syn_42_02699,payment_timed_out,upi,182073,1820.73,1,0.546,1,BLIND_RETRY_24H,0,RETRY_LINK_NOW,RULE_HIGH_PROB_IMMEDIATE_RETRY,1
pay_syn_42_02700,insufficient_funds,upi,184590,1845.9,0,0.3611,1,BLIND_RETRY_24H,0,RETRY_LINK_NOW,RULE_HIGH_PROB_IMMEDIATE_RETRY,1
pay_syn_42_02701,insufficient_funds,upi,2774302,27743.02,2,0.1058,0,BLIND_RETRY_24H,0,STOP,RULE_MAX_RETRIES_EXCEEDED,0
pay_syn_42_02702,card_expired,card,95702,957.02,0,0.0,0,BLIND_RETRY_24H,0,ESCALATE_HUMAN,RULE_HARD_DECLINE_COMPLIANCE,0
pay_syn_42_02703,payment_timed_out,upi,13438,134.38,1,0.546,1,BLIND_RETRY_24H,1,RETRY_LINK_NOW,RULE_HIGH_PROB_IMMEDIATE_RETRY,0
pay_syn_42_02704,gateway_technical_error,upi,111067,1110.67,0,0.735,1,BLIND_RETRY_24H,1,RETRY_LINK_NOW,RULE_HIGH_PROB_IMMEDIATE_RETRY,1
pay_syn_42_02705,payment_cancelled,upi,118074,1180.74,0,0.2611,1,BLIND_RETRY_24H,0,RETRY_LINK_DELAYED,RULE_LOW_PROB_DELAYED_NUDGE,1
pay_syn_42_02706,card_expired,netbanking,179130,1791.3,1,0.0,0,BLIND_RETRY_24H,0,ESCALATE_HUMAN,RULE_HARD_DECLINE_COMPLIANCE,0
pay_syn_42_02707,insufficient_funds,card,228656,2286.56,0,0.3237,0,BLIND_RETRY_24H,1,RETRY_LINK_DELAYED,RULE_LOW_PROB_DELAYED_NUDGE,0
pay_syn_42_02708,insufficient_funds,card,15691,156.91,0,0.3383,0,BLIND_RETRY_24H,0,RETRY_LINK_DELAYED,RULE_LOW_PROB_DELAYED_NUDGE,0
pay_syn_42_02709,insufficient_funds,upi,233957,2339.57,1,0.2859,0,BLIND_RETRY_24H,1,RETRY_LINK_DELAYED,RULE_LOW_PROB_DELAYED_NUDGE,0
pay_syn_42_02710,payment_cancelled,upi,125748,1257.48,0,0.2606,1,BLIND_RETRY_24H,0,RETRY_LINK_DELAYED,RULE_LOW_PROB_DELAYED_NUDGE,0
pay_syn_42_02711,gateway_technical_error,upi,100323,1003.23,1,0.588,0,BLIND_RETRY_24H,0,RETRY_LINK_NOW,RULE_HIGH_PROB_IMMEDIATE_RETRY,1
pay_syn_42_02712,card_lost_or_stolen,card,23149,231.49,0,0.0,0,BLIND_RETRY_24H,0,ESCALATE_HUMAN,RULE_HARD_DECLINE_COMPLIANCE,0
pay_syn_42_02713,invalid_otp,card,643840,6438.4,2,0.3648,1,BLIND_RETRY_24H,0,STOP,RULE_MAX_RETRIES_EXCEEDED,0
pay_syn_42_02714,insufficient_funds,upi,84440,844.4,0,0.3687,0,BLIND_RETRY_24H,0,RETRY_LINK_DELAYED,RULE_LOW_PROB_DELAYED_NUDGE,0
pay_syn_42_02715,authentication_failed,card,276666,2766.66,2,0.3344,1,BLIND_RETRY_24H,1,STOP,RULE_MAX_RETRIES_EXCEEDED,0
pay_syn_42_02716,invalid_otp,upi,55317,553.17,0,0.63,0,BLIND_RETRY_24H,0,RETRY_LINK_NOW,RULE_HIGH_PROB_IMMEDIATE_RETRY,0
pay_syn_42_02717,payment_cancelled,upi,187822,1878.22,0,0.2559,0,BLIND_RETRY_24H,0,RETRY_LINK_DELAYED,RULE_LOW_PROB_DELAYED_NUDGE,1
pay_syn_42_02718,payment_timed_out,upi,101991,1019.91,0,0.6825,0,BLIND_RETRY_24H,0,RETRY_LINK_NOW,RULE_HIGH_PROB_IMMEDIATE_RETRY,0
pay_syn_42_02719,authentication_failed,upi,267142,2671.42,2,0.3696,1,BLIND_RETRY_24H,0,STOP,RULE_MAX_RETRIES_EXCEEDED,0
pay_syn_42_02720,payment_cancelled,upi,98490,984.9,0,0.2626,1,BLIND_RETRY_24H,1,RETRY_LINK_DELAYED,RULE_LOW_PROB_DELAYED_NUDGE,0
pay_syn_42_02721,insufficient_funds,upi,52835,528.35,0,0.3711,1,BLIND_RETRY_24H,0,RETRY_LINK_DELAYED,RULE_LOW_PROB_DELAYED_NUDGE,0
pay_syn_42_02722,payment_cancelled,card,131882,1318.82,0,0.2353,0,BLIND_RETRY_24H,0,RETRY_LINK_DELAYED,RULE_LOW_PROB_DELAYED_NUDGE,0
pay_syn_42_02723,invalid_otp,wallet,125024,1250.24,0,0.612,0,BLIND_RETRY_24H,0,RETRY_LINK_NOW,RULE_HIGH_PROB_IMMEDIATE_RETRY,1
pay_syn_42_02724,risk_check_failed,card,174649,1746.49,0,0.0,0,BLIND_RETRY_24H,0,ESCALATE_HUMAN,RULE_HARD_DECLINE_COMPLIANCE,0
pay_syn_42_02725,payment_cancelled,upi,369915,3699.15,0,0.2421,0,BLIND_RETRY_24H,0,RETRY_LINK_DELAYED,RULE_LOW_PROB_DELAYED_NUDGE,0
pay_syn_42_02726,invalid_otp,wallet,42171,421.71,0,0.612,0,BLIND_RETRY_24H,0,RETRY_LINK_NOW,RULE_HIGH_PROB_IMMEDIATE_RETRY,1
pay_syn_42_02727,payment_cancelled,upi,348300,3483.0,1,0.195,1,BLIND_RETRY_24H,1,RETRY_LINK_DELAYED,RULE_LOW_PROB_DELAYED_NUDGE,1
pay_syn_42_02728,payment_cancelled,card,36323,363.23,0,0.2419,1,BLIND_RETRY_24H,0,RETRY_LINK_DELAYED,RULE_LOW_PROB_DELAYED_NUDGE,0
pay_syn_42_02729,card_expired,upi,255713,2557.13,0,0.0,0,BLIND_RETRY_24H,0,ESCALATE_HUMAN,RULE_HARD_DECLINE_COMPLIANCE,0
pay_syn_42_02730,invalid_otp,wallet,264840,2648.4,0,0.612,1,BLIND_RETRY_24H,0,RETRY_LINK_NOW,RULE_HIGH_PROB_IMMEDIATE_RETRY,1
pay_syn_42_02731,payment_cancelled,wallet,80003,800.03,0,0.2565,0,BLIND_RETRY_24H,0,RETRY_LINK_DELAYED,RULE_LOW_PROB_DELAYED_NUDGE,0
pay_syn_42_02732,invalid_otp,card,58135,581.35,2,0.3648,0,BLIND_RETRY_24H,0,STOP,RULE_MAX_RETRIES_EXCEEDED,0
pay_syn_42_02733,payment_cancelled,upi,55169,551.69,0,0.2659,1,BLIND_RETRY_24H,1,RETRY_LINK_DELAYED,RULE_LOW_PROB_DELAYED_NUDGE,1
pay_syn_42_02734,invalid_otp,card,145573,1455.73,0,0.57,1,BLIND_RETRY_24H,0,RETRY_LINK_NOW,RULE_HIGH_PROB_IMMEDIATE_RETRY,0
pay_syn_42_02735,card_expired,upi,284736,2847.36,0,0.0,0,BLIND_RETRY_24H,0,ESCALATE_HUMAN,RULE_HARD_DECLINE_COMPLIANCE,0
pay_syn_42_02736,payment_cancelled,upi,114618,1146.18,1,0.2091,0,BLIND_RETRY_24H,0,RETRY_LINK_DELAYED,RULE_LOW_PROB_DELAYED_NUDGE,0
pay_syn_42_02737,payment_cancelled,card,12199,121.99,0,0.2435,1,BLIND_RETRY_24H,0,RETRY_LINK_DELAYED,RULE_LOW_PROB_DELAYED_NUDGE,0
pay_syn_42_02738,payment_timed_out,upi,74814,748.14,0,0.6825,0,BLIND_RETRY_24H,0,RETRY_LINK_NOW,RULE_HIGH_PROB_IMMEDIATE_RETRY,1
pay_syn_42_02739,invalid_otp,upi,72196,721.96,0,0.63,1,BLIND_RETRY_24H,0,RETRY_LINK_NOW,RULE_HIGH_PROB_IMMEDIATE_RETRY,0
pay_syn_42_02740,payment_cancelled,card,226946,2269.46,0,0.2288,0,BLIND_RETRY_24H,1,RETRY_LINK_DELAYED,RULE_LOW_PROB_DELAYED_NUDGE,1
pay_syn_42_02741,payment_cancelled,upi,240217,2402.17,0,0.2519,0,BLIND_RETRY_24H,0,RETRY_LINK_DELAYED,RULE_LOW_PROB_DELAYED_NUDGE,0
pay_syn_42_02742,risk_check_failed,upi,157776,1577.76,2,0.0,0,BLIND_RETRY_24H,0,STOP,RULE_MAX_RETRIES_EXCEEDED,0
pay_syn_42_02743,invalid_otp,card,349057,3490.57,2,0.3648,1,BLIND_RETRY_24H,0,STOP,RULE_MAX_RETRIES_EXCEEDED,0
pay_syn_42_02744,gateway_technical_error,wallet,380357,3803.57,0,0.714,0,BLIND_RETRY_24H,1,RETRY_LINK_NOW,RULE_HIGH_PROB_IMMEDIATE_RETRY,1
pay_syn_42_02745,gateway_technical_error,wallet,79364,793.64,0,0.714,1,BLIND_RETRY_24H,0,RETRY_LINK_NOW,RULE_HIGH_PROB_IMMEDIATE_RETRY,1
pay_syn_42_02746,insufficient_funds,wallet,53984,539.84,0,0.3604,0,BLIND_RETRY_24H,0,RETRY_LINK_DELAYED,RULE_LOW_PROB_DELAYED_NUDGE,0
pay_syn_42_02747,invalid_otp,upi,123218,1232.18,0,0.63,1,BLIND_RETRY_24H,0,RETRY_LINK_NOW,RULE_HIGH_PROB_IMMEDIATE_RETRY,1
pay_syn_42_02748,authentication_failed,card,20995,209.95,2,0.3344,0,BLIND_RETRY_24H,1,STOP,RULE_MAX_RETRIES_EXCEEDED,0
pay_syn_42_02749,insufficient_funds,upi,157440,1574.4,0,0.3632,1,BLIND_RETRY_24H,0,RETRY_LINK_DELAYED,RULE_LOW_PROB_DELAYED_NUDGE,1
pay_syn_42_02750,payment_cancelled,card,75420,754.2,1,0.1913,0,BLIND_RETRY_24H,0,RETRY_LINK_DELAYED,RULE_LOW_PROB_DELAYED_NUDGE,0
pay_syn_42_02751,card_expired,card,3951938,39519.38,0,0.0,0,BLIND_RETRY_24H,0,ESCALATE_HUMAN,RULE_HARD_DECLINE_COMPLIANCE,0
pay_syn_42_02752,insufficient_funds,upi,597971,5979.71,0,0.3299,1,BLIND_RETRY_24H,0,RETRY_LINK_DELAYED,RULE_LOW_PROB_DELAYED_NUDGE,0
pay_syn_42_02753,gateway_technical_error,upi,68622,686.22,0,0.735,1,BLIND_RETRY_24H,1,RETRY_LINK_NOW,RULE_HIGH_PROB_IMMEDIATE_RETRY,1
pay_syn_42_02754,authentication_failed,upi,43881,438.81,0,0.5775,1,BLIND_RETRY_24H,0,RETRY_LINK_NOW,RULE_HIGH_PROB_IMMEDIATE_RETRY,1
pay_syn_42_02755,insufficient_funds,upi,63301,633.01,1,0.2962,1,BLIND_RETRY_24H,0,RETRY_LINK_DELAYED,RULE_LOW_PROB_DELAYED_NUDGE,1
pay_syn_42_02756,payment_cancelled,upi,388395,3883.95,0,0.2407,1,BLIND_RETRY_24H,0,RETRY_LINK_DELAYED,RULE_LOW_PROB_DELAYED_NUDGE,0
pay_syn_42_02757,insufficient_funds,upi,399644,3996.44,0,0.3448,0,BLIND_RETRY_24H,0,RETRY_LINK_NOW,RULE_HIGH_PROB_IMMEDIATE_RETRY,1
pay_syn_42_02758,gateway_technical_error,upi,607117,6071.17,1,0.588,0,BLIND_RETRY_24H,0,RETRY_LINK_NOW,RULE_HIGH_PROB_IMMEDIATE_RETRY,0
pay_syn_42_02759,payment_cancelled,upi,52446,524.46,1,0.2129,0,BLIND_RETRY_24H,0,RETRY_LINK_DELAYED,RULE_LOW_PROB_DELAYED_NUDGE,0
pay_syn_42_02760,gateway_technical_error,upi,225951,2259.51,0,0.735,0,BLIND_RETRY_24H,1,RETRY_LINK_NOW,RULE_HIGH_PROB_IMMEDIATE_RETRY,1
pay_syn_42_02761,payment_cancelled,upi,57309,573.09,0,0.2657,0,BLIND_RETRY_24H,0,RETRY_LINK_DELAYED,RULE_LOW_PROB_DELAYED_NUDGE,0
pay_syn_42_02762,insufficient_funds,card,786732,7867.32,1,0.2284,0,BLIND_RETRY_24H,1,RETRY_LINK_DELAYED,RULE_LOW_PROB_DELAYED_NUDGE,1
pay_syn_42_02763,gateway_technical_error,card,54224,542.24,2,0.4256,1,BLIND_RETRY_24H,0,STOP,RULE_MAX_RETRIES_EXCEEDED,0
pay_syn_42_02764,card_expired,upi,35030,350.3,0,0.0,0,BLIND_RETRY_24H,0,ESCALATE_HUMAN,RULE_HARD_DECLINE_COMPLIANCE,0
pay_syn_42_02765,payment_timed_out,upi,41545,415.45,1,0.546,1,BLIND_RETRY_24H,1,RETRY_LINK_NOW,RULE_HIGH_PROB_IMMEDIATE_RETRY,0
pay_syn_42_02766,gateway_technical_error,upi,132500,1325.0,0,0.735,1,BLIND_RETRY_24H,0,RETRY_LINK_NOW,RULE_HIGH_PROB_IMMEDIATE_RETRY,1
pay_syn_42_02767,payment_timed_out,upi,280176,2801.76,1,0.546,1,BLIND_RETRY_24H,0,RETRY_LINK_NOW,RULE_HIGH_PROB_IMMEDIATE_RETRY,1
pay_syn_42_02768,gateway_technical_error,wallet,260235,2602.35,0,0.714,1,BLIND_RETRY_24H,1,RETRY_LINK_NOW,RULE_HIGH_PROB_IMMEDIATE_RETRY,1
pay_syn_42_02769,invalid_otp,upi,43262,432.62,0,0.63,0,BLIND_RETRY_24H,0,RETRY_LINK_NOW,RULE_HIGH_PROB_IMMEDIATE_RETRY,1
pay_syn_42_02770,stolen_card,upi,88838,888.38,0,0.0,0,BLIND_RETRY_24H,0,ESCALATE_HUMAN,RULE_HARD_DECLINE_COMPLIANCE,0
pay_syn_42_02771,stolen_card,upi,77574,775.74,1,0.0,0,BLIND_RETRY_24H,0,ESCALATE_HUMAN,RULE_HARD_DECLINE_COMPLIANCE,0
pay_syn_42_02772,insufficient_funds,upi,37659,376.59,0,0.3722,0,BLIND_RETRY_24H,0,RETRY_LINK_DELAYED,RULE_LOW_PROB_DELAYED_NUDGE,0
pay_syn_42_02773,insufficient_funds,upi,75742,757.42,2,0.2364,0,BLIND_RETRY_24H,0,STOP,RULE_MAX_RETRIES_EXCEEDED,0
pay_syn_42_02774,invalid_otp,upi,575488,5754.88,0,0.63,0,BLIND_RETRY_24H,0,RETRY_LINK_NOW,RULE_HIGH_PROB_IMMEDIATE_RETRY,1
pay_syn_42_02775,gateway_technical_error,card,33059,330.59,0,0.665,1,BLIND_RETRY_24H,0,RETRY_LINK_NOW,RULE_HIGH_PROB_IMMEDIATE_RETRY,1
pay_syn_42_02776,payment_timed_out,upi,169009,1690.09,1,0.546,0,BLIND_RETRY_24H,0,RETRY_LINK_NOW,RULE_HIGH_PROB_IMMEDIATE_RETRY,1
pay_syn_42_02777,card_blocked,card,592079,5920.79,0,0.0,0,BLIND_RETRY_24H,0,ESCALATE_HUMAN,RULE_HARD_DECLINE_COMPLIANCE,0
pay_syn_42_02778,invalid_otp,upi,555259,5552.59,0,0.63,0,BLIND_RETRY_24H,1,RETRY_LINK_NOW,RULE_HIGH_PROB_IMMEDIATE_RETRY,0
pay_syn_42_02779,gateway_technical_error,upi,835075,8350.75,0,0.735,0,BLIND_RETRY_24H,0,RETRY_LINK_NOW,RULE_HIGH_PROB_IMMEDIATE_RETRY,0
pay_syn_42_02780,card_expired,upi,187388,1873.88,0,0.0,0,BLIND_RETRY_24H,0,ESCALATE_HUMAN,RULE_HARD_DECLINE_COMPLIANCE,0
pay_syn_42_02781,payment_timed_out,upi,219104,2191.04,0,0.6825,0,BLIND_RETRY_24H,1,RETRY_LINK_NOW,RULE_HIGH_PROB_IMMEDIATE_RETRY,1
pay_syn_42_02782,authentication_failed,upi,77174,771.74,1,0.462,1,BLIND_RETRY_24H,0,RETRY_LINK_NOW,RULE_HIGH_PROB_IMMEDIATE_RETRY,1
pay_syn_42_02783,risk_check_failed,card,32388,323.88,0,0.0,0,BLIND_RETRY_24H,0,ESCALATE_HUMAN,RULE_HARD_DECLINE_COMPLIANCE,0
pay_syn_42_02784,invalid_otp,card,114415,1144.15,1,0.456,1,BLIND_RETRY_24H,0,RETRY_LINK_NOW,RULE_HIGH_PROB_IMMEDIATE_RETRY,1
pay_syn_42_02785,insufficient_funds,upi,447473,4474.73,0,0.3412,0,BLIND_RETRY_24H,0,RETRY_LINK_DELAYED,RULE_LOW_PROB_DELAYED_NUDGE,0
pay_syn_42_02786,risk_check_failed,upi,12026,120.26,0,0.0,0,BLIND_RETRY_24H,0,ESCALATE_HUMAN,RULE_HARD_DECLINE_COMPLIANCE,0
pay_syn_42_02787,insufficient_funds,upi,80776,807.76,0,0.369,1,BLIND_RETRY_24H,0,RETRY_LINK_DELAYED,RULE_LOW_PROB_DELAYED_NUDGE,1
pay_syn_42_02788,gateway_technical_error,upi,243507,2435.07,0,0.735,0,BLIND_RETRY_24H,1,RETRY_LINK_NOW,RULE_HIGH_PROB_IMMEDIATE_RETRY,0
pay_syn_42_02789,insufficient_funds,upi,134408,1344.08,0,0.3649,0,BLIND_RETRY_24H,0,RETRY_LINK_DELAYED,RULE_LOW_PROB_DELAYED_NUDGE,1
pay_syn_42_02790,payment_timed_out,card,518222,5182.22,0,0.6175,1,BLIND_RETRY_24H,0,RETRY_LINK_NOW,RULE_HIGH_PROB_IMMEDIATE_RETRY,1
pay_syn_42_02791,gateway_technical_error,upi,394795,3947.95,2,0.4704,1,BLIND_RETRY_24H,0,STOP,RULE_MAX_RETRIES_EXCEEDED,0
pay_syn_42_02792,invalid_otp,upi,28713,287.13,2,0.4032,0,BLIND_RETRY_24H,0,STOP,RULE_MAX_RETRIES_EXCEEDED,0
pay_syn_42_02793,payment_timed_out,card,146721,1467.21,0,0.6175,1,BLIND_RETRY_24H,0,RETRY_LINK_NOW,RULE_HIGH_PROB_IMMEDIATE_RETRY,1
pay_syn_42_02794,payment_cancelled,upi,60125,601.25,0,0.2655,0,BLIND_RETRY_24H,0,RETRY_LINK_DELAYED,RULE_LOW_PROB_DELAYED_NUDGE,0
pay_syn_42_02795,insufficient_funds,card,59363,593.63,0,0.3353,0,BLIND_RETRY_24H,0,RETRY_LINK_DELAYED,RULE_LOW_PROB_DELAYED_NUDGE,0
pay_syn_42_02796,insufficient_funds,netbanking,30856,308.56,0,0.3017,1,BLIND_RETRY_24H,0,RETRY_LINK_DELAYED,RULE_LOW_PROB_DELAYED_NUDGE,1
pay_syn_42_02797,stolen_card,upi,174451,1744.51,0,0.0,0,BLIND_RETRY_24H,0,ESCALATE_HUMAN,RULE_HARD_DECLINE_COMPLIANCE,0
pay_syn_42_02798,payment_cancelled,wallet,531584,5315.84,0,0.2233,0,BLIND_RETRY_24H,0,RETRY_LINK_DELAYED,RULE_LOW_PROB_DELAYED_NUDGE,1
pay_syn_42_02799,insufficient_funds,card,191896,1918.96,0,0.3262,0,BLIND_RETRY_24H,0,RETRY_LINK_DELAYED,RULE_LOW_PROB_DELAYED_NUDGE,1
pay_syn_42_02800,gateway_technical_error,upi,29055,290.55,0,0.735,1,BLIND_RETRY_24H,1,RETRY_LINK_NOW,RULE_HIGH_PROB_IMMEDIATE_RETRY,1
pay_syn_42_02801,payment_timed_out,upi,126563,1265.63,0,0.6825,1,BLIND_RETRY_24H,0,RETRY_LINK_NOW,RULE_HIGH_PROB_IMMEDIATE_RETRY,1
pay_syn_42_02802,payment_cancelled,upi,232948,2329.48,1,0.202,0,BLIND_RETRY_24H,0,RETRY_LINK_DELAYED,RULE_LOW_PROB_DELAYED_NUDGE,1
pay_syn_42_02803,fraud_suspected,card,116949,1169.49,0,0.0,0,BLIND_RETRY_24H,0,ESCALATE_HUMAN,RULE_HARD_DECLINE_COMPLIANCE,0
pay_syn_42_02804,insufficient_funds,card,188174,1881.74,0,0.3265,0,BLIND_RETRY_24H,0,RETRY_LINK_DELAYED,RULE_LOW_PROB_DELAYED_NUDGE,1
pay_syn_42_02805,risk_check_failed,card,65115,651.15,0,0.0,0,BLIND_RETRY_24H,0,ESCALATE_HUMAN,RULE_HARD_DECLINE_COMPLIANCE,0
pay_syn_42_02806,payment_timed_out,upi,103351,1033.51,2,0.4368,1,BLIND_RETRY_24H,0,STOP,RULE_MAX_RETRIES_EXCEEDED,0
pay_syn_42_02807,card_expired,card,96884,968.84,0,0.0,0,BLIND_RETRY_24H,0,ESCALATE_HUMAN,RULE_HARD_DECLINE_COMPLIANCE,0
pay_syn_42_02808,card_expired,netbanking,662119,6621.19,0,0.0,0,BLIND_RETRY_24H,0,ESCALATE_HUMAN,RULE_HARD_DECLINE_COMPLIANCE,0
pay_syn_42_02809,invalid_otp,upi,44173,441.73,0,0.63,1,BLIND_RETRY_24H,0,RETRY_LINK_NOW,RULE_HIGH_PROB_IMMEDIATE_RETRY,1
pay_syn_42_02810,payment_cancelled,netbanking,13503,135.03,0,0.2178,0,BLIND_RETRY_24H,0,RETRY_LINK_DELAYED,RULE_LOW_PROB_DELAYED_NUDGE,1
pay_syn_42_02811,gateway_technical_error,card,610166,6101.66,0,0.665,1,BLIND_RETRY_24H,1,RETRY_LINK_NOW,RULE_HIGH_PROB_IMMEDIATE_RETRY,1
pay_syn_42_02812,authentication_failed,card,152143,1521.43,2,0.3344,0,BLIND_RETRY_24H,0,STOP,RULE_MAX_RETRIES_EXCEEDED,0
pay_syn_42_02813,invalid_otp,upi,35861,358.61,1,0.504,1,BLIND_RETRY_24H,0,RETRY_LINK_NOW,RULE_HIGH_PROB_IMMEDIATE_RETRY,1
pay_syn_42_02814,authentication_failed,upi,355385,3553.85,2,0.3696,0,BLIND_RETRY_24H,0,STOP,RULE_MAX_RETRIES_EXCEEDED,0
pay_syn_42_02815,card_expired,card,249321,2493.21,0,0.0,0,BLIND_RETRY_24H,0,ESCALATE_HUMAN,RULE_HARD_DECLINE_COMPLIANCE,0
pay_syn_42_02816,insufficient_funds,netbanking,809804,8098.04,1,0.2032,1,BLIND_RETRY_24H,0,RETRY_LINK_DELAYED,RULE_LOW_PROB_DELAYED_NUDGE,0
pay_syn_42_02817,insufficient_funds,card,165550,1655.5,1,0.2624,0,BLIND_RETRY_24H,0,RETRY_LINK_DELAYED,RULE_LOW_PROB_DELAYED_NUDGE,1
pay_syn_42_02818,payment_timed_out,card,1860751,18607.51,2,0.3952,1,BLIND_RETRY_24H,1,STOP,RULE_MAX_RETRIES_EXCEEDED,0
pay_syn_42_02819,payment_cancelled,netbanking,118053,1180.53,0,0.2114,0,BLIND_RETRY_24H,1,RETRY_LINK_DELAYED,RULE_LOW_PROB_DELAYED_NUDGE,0
pay_syn_42_02820,insufficient_funds,card,249851,2498.51,2,0.2062,1,BLIND_RETRY_24H,0,STOP,RULE_MAX_RETRIES_EXCEEDED,0
pay_syn_42_02821,insufficient_funds,netbanking,292940,2929.4,0,0.2857,1,BLIND_RETRY_24H,0,RETRY_LINK_DELAYED,RULE_LOW_PROB_DELAYED_NUDGE,0
pay_syn_42_02822,payment_timed_out,upi,4111800,41118.0,1,0.546,0,BLIND_RETRY_24H,0,ESCALATE_HUMAN,RULE_HIGH_AMOUNT_ESCALATION,1
pay_syn_42_02823,authentication_failed,netbanking,84039,840.39,0,0.4675,1,BLIND_RETRY_24H,0,RETRY_LINK_NOW,RULE_HIGH_PROB_IMMEDIATE_RETRY,1
pay_syn_42_02824,invalid_otp,upi,81342,813.42,0,0.63,1,BLIND_RETRY_24H,1,RETRY_LINK_NOW,RULE_HIGH_PROB_IMMEDIATE_RETRY,0
pay_syn_42_02825,bank_account_invalid,upi,299923,2999.23,0,0.0,0,BLIND_RETRY_24H,0,ESCALATE_HUMAN,RULE_HARD_DECLINE_COMPLIANCE,0
pay_syn_42_02826,payment_cancelled,upi,32975,329.75,0,0.2676,0,BLIND_RETRY_24H,0,RETRY_LINK_DELAYED,RULE_LOW_PROB_DELAYED_NUDGE,0
pay_syn_42_02827,invalid_otp,upi,59725,597.25,1,0.504,1,BLIND_RETRY_24H,0,RETRY_LINK_NOW,RULE_HIGH_PROB_IMMEDIATE_RETRY,0
pay_syn_42_02828,insufficient_funds,upi,114633,1146.33,0,0.3664,0,BLIND_RETRY_24H,1,RETRY_LINK_DELAYED,RULE_LOW_PROB_DELAYED_NUDGE,1
pay_syn_42_02829,card_lost_or_stolen,card,777100,7771.0,1,0.0,0,BLIND_RETRY_24H,0,ESCALATE_HUMAN,RULE_HARD_DECLINE_COMPLIANCE,0
pay_syn_42_02830,gateway_technical_error,upi,300161,3001.61,0,0.735,1,BLIND_RETRY_24H,1,RETRY_LINK_NOW,RULE_HIGH_PROB_IMMEDIATE_RETRY,1
pay_syn_42_02831,authentication_failed,upi,145720,1457.2,0,0.5775,0,BLIND_RETRY_24H,0,RETRY_LINK_NOW,RULE_HIGH_PROB_IMMEDIATE_RETRY,1
pay_syn_42_02832,invalid_otp,upi,76285,762.85,0,0.63,0,BLIND_RETRY_24H,0,RETRY_LINK_NOW,RULE_HIGH_PROB_IMMEDIATE_RETRY,1
pay_syn_42_02833,card_expired,upi,13226,132.26,0,0.0,0,BLIND_RETRY_24H,0,ESCALATE_HUMAN,RULE_HARD_DECLINE_COMPLIANCE,0
pay_syn_42_02834,gateway_technical_error,upi,1266244,12662.44,0,0.735,1,BLIND_RETRY_24H,0,ESCALATE_HUMAN,RULE_HIGH_AMOUNT_ESCALATION,0
pay_syn_42_02835,authentication_failed,upi,125677,1256.77,0,0.5775,1,BLIND_RETRY_24H,0,RETRY_LINK_NOW,RULE_HIGH_PROB_IMMEDIATE_RETRY,1
pay_syn_42_02836,authentication_failed,upi,59667,596.67,0,0.5775,1,BLIND_RETRY_24H,0,RETRY_LINK_NOW,RULE_HIGH_PROB_IMMEDIATE_RETRY,1
pay_syn_42_02837,payment_timed_out,upi,1639604,16396.04,0,0.6825,1,BLIND_RETRY_24H,0,ESCALATE_HUMAN,RULE_HIGH_AMOUNT_ESCALATION,0
pay_syn_42_02838,invalid_otp,upi,34448,344.48,1,0.504,1,BLIND_RETRY_24H,1,RETRY_LINK_NOW,RULE_HIGH_PROB_IMMEDIATE_RETRY,0
pay_syn_42_02839,gateway_technical_error,upi,552414,5524.14,1,0.588,0,BLIND_RETRY_24H,0,RETRY_LINK_NOW,RULE_HIGH_PROB_IMMEDIATE_RETRY,1
pay_syn_42_02840,payment_timed_out,upi,136098,1360.98,0,0.6825,1,BLIND_RETRY_24H,0,RETRY_LINK_NOW,RULE_HIGH_PROB_IMMEDIATE_RETRY,0
pay_syn_42_02841,invalid_otp,card,299321,2993.21,0,0.57,0,BLIND_RETRY_24H,0,RETRY_LINK_NOW,RULE_HIGH_PROB_IMMEDIATE_RETRY,1
pay_syn_42_02842,payment_timed_out,upi,242183,2421.83,0,0.6825,0,BLIND_RETRY_24H,0,RETRY_LINK_NOW,RULE_HIGH_PROB_IMMEDIATE_RETRY,1
pay_syn_42_02843,payment_cancelled,netbanking,294336,2943.36,0,0.2006,1,BLIND_RETRY_24H,0,RETRY_LINK_DELAYED,RULE_LOW_PROB_DELAYED_NUDGE,1
pay_syn_42_02844,payment_timed_out,upi,1865367,18653.67,0,0.6825,1,BLIND_RETRY_24H,0,ESCALATE_HUMAN,RULE_HIGH_AMOUNT_ESCALATION,1
pay_syn_42_02845,payment_timed_out,upi,1481810,14818.1,0,0.6825,1,BLIND_RETRY_24H,0,ESCALATE_HUMAN,RULE_HIGH_AMOUNT_ESCALATION,0
pay_syn_42_02846,payment_cancelled,card,62930,629.3,0,0.24,0,BLIND_RETRY_24H,0,RETRY_LINK_DELAYED,RULE_LOW_PROB_DELAYED_NUDGE,0
pay_syn_42_02847,payment_cancelled,netbanking,231926,2319.26,0,0.2044,1,BLIND_RETRY_24H,0,RETRY_LINK_DELAYED,RULE_LOW_PROB_DELAYED_NUDGE,0
pay_syn_42_02848,bank_account_invalid,card,20820,208.2,0,0.0,0,BLIND_RETRY_24H,0,ESCALATE_HUMAN,RULE_HARD_DECLINE_COMPLIANCE,0
pay_syn_42_02849,gateway_technical_error,upi,333046,3330.46,0,0.735,0,BLIND_RETRY_24H,0,RETRY_LINK_NOW,RULE_HIGH_PROB_IMMEDIATE_RETRY,1
pay_syn_42_02850,payment_timed_out,upi,435112,4351.12,1,0.546,1,BLIND_RETRY_24H,0,RETRY_LINK_NOW,RULE_HIGH_PROB_IMMEDIATE_RETRY,1
pay_syn_42_02851,payment_timed_out,card,13674,136.74,0,0.6175,1,BLIND_RETRY_24H,0,RETRY_LINK_NOW,RULE_HIGH_PROB_IMMEDIATE_RETRY,1
pay_syn_42_02852,fraud_suspected,card,130736,1307.36,0,0.0,0,BLIND_RETRY_24H,0,ESCALATE_HUMAN,RULE_HARD_DECLINE_COMPLIANCE,0
pay_syn_42_02853,invalid_otp,upi,298684,2986.84,1,0.504,1,BLIND_RETRY_24H,1,RETRY_LINK_DELAYED,RULE_LOW_PROB_DELAYED_NUDGE,0
pay_syn_42_02854,payment_timed_out,upi,197097,1970.97,0,0.6825,0,BLIND_RETRY_24H,0,RETRY_LINK_NOW,RULE_HIGH_PROB_IMMEDIATE_RETRY,1
pay_syn_42_02855,payment_timed_out,card,35134,351.34,1,0.494,0,BLIND_RETRY_24H,1,RETRY_LINK_NOW,RULE_HIGH_PROB_IMMEDIATE_RETRY,0
pay_syn_42_02856,risk_check_failed,upi,39007,390.07,1,0.0,0,BLIND_RETRY_24H,0,ESCALATE_HUMAN,RULE_HARD_DECLINE_COMPLIANCE,0
pay_syn_42_02857,payment_timed_out,card,115014,1150.14,1,0.494,0,BLIND_RETRY_24H,0,RETRY_LINK_NOW,RULE_HIGH_PROB_IMMEDIATE_RETRY,1
pay_syn_42_02858,insufficient_funds,upi,84027,840.27,0,0.3687,0,BLIND_RETRY_24H,1,RETRY_LINK_DELAYED,RULE_LOW_PROB_DELAYED_NUDGE,1
pay_syn_42_02859,risk_check_failed,upi,92633,926.33,0,0.0,0,BLIND_RETRY_24H,0,ESCALATE_HUMAN,RULE_HARD_DECLINE_COMPLIANCE,0
pay_syn_42_02860,payment_timed_out,upi,30638,306.38,0,0.6825,0,BLIND_RETRY_24H,1,RETRY_LINK_NOW,RULE_HIGH_PROB_IMMEDIATE_RETRY,1
pay_syn_42_02861,risk_check_failed,netbanking,138650,1386.5,0,0.0,0,BLIND_RETRY_24H,0,ESCALATE_HUMAN,RULE_HARD_DECLINE_COMPLIANCE,0
pay_syn_42_02862,insufficient_funds,upi,785053,7850.53,0,0.3157,0,BLIND_RETRY_24H,0,RETRY_LINK_DELAYED,RULE_LOW_PROB_DELAYED_NUDGE,1
pay_syn_42_02863,invalid_otp,upi,36620,366.2,0,0.63,0,BLIND_RETRY_24H,0,RETRY_LINK_NOW,RULE_HIGH_PROB_IMMEDIATE_RETRY,1
pay_syn_42_02864,payment_timed_out,upi,105191,1051.91,0,0.6825,0,BLIND_RETRY_24H,0,RETRY_LINK_NOW,RULE_HIGH_PROB_IMMEDIATE_RETRY,1
pay_syn_42_02865,authentication_failed,card,261882,2618.82,0,0.5225,0,BLIND_RETRY_24H,0,RETRY_LINK_NOW,RULE_HIGH_PROB_IMMEDIATE_RETRY,1
pay_syn_42_02866,payment_timed_out,upi,24204,242.04,0,0.6825,0,BLIND_RETRY_24H,0,RETRY_LINK_NOW,RULE_HIGH_PROB_IMMEDIATE_RETRY,0
pay_syn_42_02867,invalid_otp,upi,140167,1401.67,0,0.63,0,BLIND_RETRY_24H,0,RETRY_LINK_NOW,RULE_HIGH_PROB_IMMEDIATE_RETRY,1
pay_syn_42_02868,gateway_technical_error,upi,419176,4191.76,1,0.588,1,BLIND_RETRY_24H,0,RETRY_LINK_NOW,RULE_HIGH_PROB_IMMEDIATE_RETRY,1
pay_syn_42_02869,payment_timed_out,upi,44901,449.01,1,0.546,1,BLIND_RETRY_24H,0,RETRY_LINK_NOW,RULE_HIGH_PROB_IMMEDIATE_RETRY,1
pay_syn_42_02870,gateway_technical_error,upi,155545,1555.45,2,0.4704,0,BLIND_RETRY_24H,0,STOP,RULE_MAX_RETRIES_EXCEEDED,0
pay_syn_42_02871,invalid_otp,upi,383500,3835.0,0,0.63,0,BLIND_RETRY_24H,0,RETRY_LINK_NOW,RULE_HIGH_PROB_IMMEDIATE_RETRY,0
pay_syn_42_02872,gateway_technical_error,upi,1727716,17277.16,1,0.588,1,BLIND_RETRY_24H,0,ESCALATE_HUMAN,RULE_HIGH_AMOUNT_ESCALATION,1
pay_syn_42_02873,invalid_otp,card,146993,1469.93,0,0.57,0,BLIND_RETRY_24H,0,RETRY_LINK_NOW,RULE_HIGH_PROB_IMMEDIATE_RETRY,0
pay_syn_42_02874,payment_cancelled,upi,61098,610.98,0,0.2654,0,BLIND_RETRY_24H,0,RETRY_LINK_DELAYED,RULE_LOW_PROB_DELAYED_NUDGE,0
pay_syn_42_02875,insufficient_funds,upi,18076,180.76,0,0.3737,0,BLIND_RETRY_24H,0,RETRY_LINK_NOW,RULE_HIGH_PROB_IMMEDIATE_RETRY,0
pay_syn_42_02876,card_expired,upi,61625,616.25,1,0.0,0,BLIND_RETRY_24H,0,ESCALATE_HUMAN,RULE_HARD_DECLINE_COMPLIANCE,0
pay_syn_42_02877,gateway_technical_error,upi,28970,289.7,1,0.588,1,BLIND_RETRY_24H,0,RETRY_LINK_NOW,RULE_HIGH_PROB_IMMEDIATE_RETRY,0
pay_syn_42_02878,insufficient_funds,upi,872993,8729.93,0,0.3091,0,BLIND_RETRY_24H,0,RETRY_LINK_DELAYED,RULE_LOW_PROB_DELAYED_NUDGE,0
pay_syn_42_02879,bank_account_invalid,upi,356197,3561.97,0,0.0,0,BLIND_RETRY_24H,0,ESCALATE_HUMAN,RULE_HARD_DECLINE_COMPLIANCE,0
pay_syn_42_02880,invalid_otp,card,38997,389.97,2,0.3648,1,BLIND_RETRY_24H,0,STOP,RULE_MAX_RETRIES_EXCEEDED,0
pay_syn_42_02881,payment_timed_out,card,57620,576.2,0,0.6175,0,BLIND_RETRY_24H,0,RETRY_LINK_NOW,RULE_HIGH_PROB_IMMEDIATE_RETRY,1
pay_syn_42_02882,payment_timed_out,upi,144358,1443.58,0,0.6825,0,BLIND_RETRY_24H,0,RETRY_LINK_NOW,RULE_HIGH_PROB_IMMEDIATE_RETRY,1
pay_syn_42_02883,card_expired,card,415325,4153.25,1,0.0,0,BLIND_RETRY_24H,0,ESCALATE_HUMAN,RULE_HARD_DECLINE_COMPLIANCE,0
pay_syn_42_02884,fraud_suspected,netbanking,232588,2325.88,0,0.0,0,BLIND_RETRY_24H,0,ESCALATE_HUMAN,RULE_HARD_DECLINE_COMPLIANCE,0
pay_syn_42_02885,insufficient_funds,netbanking,208028,2080.28,0,0.2909,0,BLIND_RETRY_24H,1,RETRY_LINK_DELAYED,RULE_LOW_PROB_DELAYED_NUDGE,1
pay_syn_42_02886,invalid_otp,netbanking,167207,1672.07,0,0.51,1,BLIND_RETRY_24H,0,RETRY_LINK_NOW,RULE_HIGH_PROB_IMMEDIATE_RETRY,0
pay_syn_42_02887,gateway_technical_error,upi,41114,411.14,0,0.735,1,BLIND_RETRY_24H,0,RETRY_LINK_NOW,RULE_HIGH_PROB_IMMEDIATE_RETRY,1
pay_syn_42_02888,gateway_technical_error,upi,146439,1464.39,0,0.735,1,BLIND_RETRY_24H,0,RETRY_LINK_NOW,RULE_HIGH_PROB_IMMEDIATE_RETRY,1
pay_syn_42_02889,payment_cancelled,card,128192,1281.92,1,0.1885,0,BLIND_RETRY_24H,0,RETRY_LINK_DELAYED,RULE_LOW_PROB_DELAYED_NUDGE,0
pay_syn_42_02890,invalid_otp,card,28581,285.81,1,0.456,1,BLIND_RETRY_24H,0,RETRY_LINK_NOW,RULE_HIGH_PROB_IMMEDIATE_RETRY,1
pay_syn_42_02891,fraud_suspected,upi,843969,8439.69,1,0.0,0,BLIND_RETRY_24H,0,ESCALATE_HUMAN,RULE_HARD_DECLINE_COMPLIANCE,0
pay_syn_42_02892,invalid_otp,card,70037,700.37,0,0.57,1,BLIND_RETRY_24H,0,RETRY_LINK_NOW,RULE_HIGH_PROB_IMMEDIATE_RETRY,1
pay_syn_42_02893,payment_timed_out,upi,29334,293.34,0,0.6825,0,BLIND_RETRY_24H,0,RETRY_LINK_NOW,RULE_HIGH_PROB_IMMEDIATE_RETRY,0
pay_syn_42_02894,payment_timed_out,card,82901,829.01,1,0.494,1,BLIND_RETRY_24H,0,RETRY_LINK_NOW,RULE_HIGH_PROB_IMMEDIATE_RETRY,1
pay_syn_42_02895,payment_cancelled,upi,100890,1008.9,0,0.2624,1,BLIND_RETRY_24H,0,RETRY_LINK_DELAYED,RULE_LOW_PROB_DELAYED_NUDGE,0
pay_syn_42_02896,authentication_failed,upi,124067,1240.67,0,0.5775,0,BLIND_RETRY_24H,0,RETRY_LINK_NOW,RULE_HIGH_PROB_IMMEDIATE_RETRY,0
pay_syn_42_02897,insufficient_funds,upi,99118,991.18,0,0.3676,1,BLIND_RETRY_24H,0,RETRY_LINK_DELAYED,RULE_LOW_PROB_DELAYED_NUDGE,0
pay_syn_42_02898,gateway_technical_error,upi,131857,1318.57,0,0.735,0,BLIND_RETRY_24H,0,RETRY_LINK_NOW,RULE_HIGH_PROB_IMMEDIATE_RETRY,1
pay_syn_42_02899,payment_timed_out,netbanking,157902,1579.02,2,0.3536,0,BLIND_RETRY_24H,0,STOP,RULE_MAX_RETRIES_EXCEEDED,0
pay_syn_42_02900,payment_timed_out,card,149161,1491.61,0,0.6175,0,BLIND_RETRY_24H,1,RETRY_LINK_NOW,RULE_HIGH_PROB_IMMEDIATE_RETRY,0
pay_syn_42_02901,payment_timed_out,card,206296,2062.96,0,0.6175,1,BLIND_RETRY_24H,1,RETRY_LINK_NOW,RULE_HIGH_PROB_IMMEDIATE_RETRY,1
pay_syn_42_02902,gateway_technical_error,upi,220602,2206.02,0,0.735,1,BLIND_RETRY_24H,0,RETRY_LINK_NOW,RULE_HIGH_PROB_IMMEDIATE_RETRY,1
pay_syn_42_02903,invalid_otp,upi,226983,2269.83,0,0.63,0,BLIND_RETRY_24H,1,RETRY_LINK_NOW,RULE_HIGH_PROB_IMMEDIATE_RETRY,1
pay_syn_42_02904,insufficient_funds,card,298643,2986.43,0,0.3189,1,BLIND_RETRY_24H,0,RETRY_LINK_DELAYED,RULE_LOW_PROB_DELAYED_NUDGE,0
pay_syn_42_02905,insufficient_funds,upi,62541,625.41,0,0.3703,0,BLIND_RETRY_24H,0,RETRY_LINK_DELAYED,RULE_LOW_PROB_DELAYED_NUDGE,1
pay_syn_42_02906,payment_cancelled,card,64876,648.76,0,0.2399,1,BLIND_RETRY_24H,1,RETRY_LINK_DELAYED,RULE_LOW_PROB_DELAYED_NUDGE,0
pay_syn_42_02907,fraud_suspected,upi,417667,4176.67,2,0.0,0,BLIND_RETRY_24H,0,STOP,RULE_MAX_RETRIES_EXCEEDED,0
pay_syn_42_02908,authentication_failed,wallet,85559,855.59,1,0.4488,0,BLIND_RETRY_24H,0,RETRY_LINK_NOW,RULE_HIGH_PROB_IMMEDIATE_RETRY,0
pay_syn_42_02909,payment_cancelled,upi,116828,1168.28,1,0.209,0,BLIND_RETRY_24H,0,RETRY_LINK_DELAYED,RULE_LOW_PROB_DELAYED_NUDGE,0
pay_syn_42_02910,invalid_otp,card,106154,1061.54,1,0.456,0,BLIND_RETRY_24H,0,RETRY_LINK_NOW,RULE_HIGH_PROB_IMMEDIATE_RETRY,0
pay_syn_42_02911,insufficient_funds,upi,1637331,16373.31,1,0.201,1,BLIND_RETRY_24H,0,ESCALATE_HUMAN,RULE_HIGH_AMOUNT_ESCALATION,0
pay_syn_42_02912,payment_timed_out,upi,52456,524.56,0,0.6825,0,BLIND_RETRY_24H,1,RETRY_LINK_NOW,RULE_HIGH_PROB_IMMEDIATE_RETRY,1
pay_syn_42_02913,payment_cancelled,card,51480,514.8,0,0.2408,0,BLIND_RETRY_24H,0,RETRY_LINK_DELAYED,RULE_LOW_PROB_DELAYED_NUDGE,0
pay_syn_42_02914,payment_timed_out,card,132351,1323.51,0,0.6175,1,BLIND_RETRY_24H,0,RETRY_LINK_NOW,RULE_HIGH_PROB_IMMEDIATE_RETRY,1
pay_syn_42_02915,card_expired,upi,109383,1093.83,0,0.0,0,BLIND_RETRY_24H,0,ESCALATE_HUMAN,RULE_HARD_DECLINE_COMPLIANCE,0
pay_syn_42_02916,payment_timed_out,card,38637,386.37,0,0.6175,1,BLIND_RETRY_24H,0,RETRY_LINK_NOW,RULE_HIGH_PROB_IMMEDIATE_RETRY,1
pay_syn_42_02917,authentication_failed,card,121057,1210.57,0,0.5225,0,BLIND_RETRY_24H,0,RETRY_LINK_NOW,RULE_HIGH_PROB_IMMEDIATE_RETRY,0
pay_syn_42_02918,gateway_technical_error,upi,136325,1363.25,0,0.735,1,BLIND_RETRY_24H,0,RETRY_LINK_NOW,RULE_HIGH_PROB_IMMEDIATE_RETRY,1
pay_syn_42_02919,invalid_otp,card,76976,769.76,0,0.57,0,BLIND_RETRY_24H,0,RETRY_LINK_NOW,RULE_HIGH_PROB_IMMEDIATE_RETRY,1
pay_syn_42_02920,gateway_technical_error,upi,113493,1134.93,1,0.588,0,BLIND_RETRY_24H,0,RETRY_LINK_NOW,RULE_HIGH_PROB_IMMEDIATE_RETRY,1
pay_syn_42_02921,fraud_suspected,upi,57667,576.67,0,0.0,0,BLIND_RETRY_24H,0,ESCALATE_HUMAN,RULE_HARD_DECLINE_COMPLIANCE,0
pay_syn_42_02922,payment_cancelled,card,38727,387.27,0,0.2417,0,BLIND_RETRY_24H,0,RETRY_LINK_DELAYED,RULE_LOW_PROB_DELAYED_NUDGE,0
pay_syn_42_02923,invalid_otp,upi,84887,848.87,1,0.504,0,BLIND_RETRY_24H,0,RETRY_LINK_NOW,RULE_HIGH_PROB_IMMEDIATE_RETRY,1
pay_syn_42_02924,payment_cancelled,card,44823,448.23,0,0.2413,0,BLIND_RETRY_24H,0,RETRY_LINK_DELAYED,RULE_LOW_PROB_DELAYED_NUDGE,1
pay_syn_42_02925,payment_timed_out,upi,31998,319.98,0,0.6825,1,BLIND_RETRY_24H,0,RETRY_LINK_NOW,RULE_HIGH_PROB_IMMEDIATE_RETRY,0
pay_syn_42_02926,insufficient_funds,upi,17446,174.46,2,0.2392,1,BLIND_RETRY_24H,0,STOP,RULE_MAX_RETRIES_EXCEEDED,0
pay_syn_42_02927,card_blocked,upi,170364,1703.64,1,0.0,0,BLIND_RETRY_24H,0,ESCALATE_HUMAN,RULE_HARD_DECLINE_COMPLIANCE,0
pay_syn_42_02928,invalid_otp,card,81979,819.79,0,0.57,1,BLIND_RETRY_24H,0,RETRY_LINK_NOW,RULE_HIGH_PROB_IMMEDIATE_RETRY,0
pay_syn_42_02929,authentication_failed,upi,420687,4206.87,0,0.5775,0,BLIND_RETRY_24H,0,RETRY_LINK_NOW,RULE_HIGH_PROB_IMMEDIATE_RETRY,0
pay_syn_42_02930,payment_timed_out,upi,15594,155.94,0,0.6825,0,BLIND_RETRY_24H,0,RETRY_LINK_NOW,RULE_HIGH_PROB_IMMEDIATE_RETRY,1
pay_syn_42_02931,gateway_technical_error,card,89263,892.63,0,0.665,0,BLIND_RETRY_24H,0,RETRY_LINK_NOW,RULE_HIGH_PROB_IMMEDIATE_RETRY,0
pay_syn_42_02932,gateway_technical_error,card,169458,1694.58,0,0.665,1,BLIND_RETRY_24H,0,RETRY_LINK_NOW,RULE_HIGH_PROB_IMMEDIATE_RETRY,0
pay_syn_42_02933,invalid_otp,upi,66584,665.84,1,0.504,1,BLIND_RETRY_24H,1,RETRY_LINK_NOW,RULE_HIGH_PROB_IMMEDIATE_RETRY,0
pay_syn_42_02934,payment_timed_out,netbanking,127995,1279.95,0,0.5525,0,BLIND_RETRY_24H,0,RETRY_LINK_NOW,RULE_HIGH_PROB_IMMEDIATE_RETRY,1
pay_syn_42_02935,invalid_otp,upi,17570,175.7,0,0.63,1,BLIND_RETRY_24H,0,RETRY_LINK_NOW,RULE_HIGH_PROB_IMMEDIATE_RETRY,1
pay_syn_42_02936,payment_timed_out,card,83588,835.88,0,0.6175,0,BLIND_RETRY_24H,1,RETRY_LINK_NOW,RULE_HIGH_PROB_IMMEDIATE_RETRY,1
pay_syn_42_02937,card_expired,card,52791,527.91,0,0.0,0,BLIND_RETRY_24H,0,ESCALATE_HUMAN,RULE_HARD_DECLINE_COMPLIANCE,0
pay_syn_42_02938,payment_timed_out,upi,370797,3707.97,0,0.6825,1,BLIND_RETRY_24H,0,RETRY_LINK_NOW,RULE_HIGH_PROB_IMMEDIATE_RETRY,1
pay_syn_42_02939,card_blocked,upi,157877,1578.77,0,0.0,0,BLIND_RETRY_24H,0,ESCALATE_HUMAN,RULE_HARD_DECLINE_COMPLIANCE,0
pay_syn_42_02940,gateway_technical_error,netbanking,312699,3126.99,1,0.476,0,BLIND_RETRY_24H,1,RETRY_LINK_NOW,RULE_HIGH_PROB_IMMEDIATE_RETRY,1
pay_syn_42_02941,card_expired,card,479737,4797.37,0,0.0,0,BLIND_RETRY_24H,0,ESCALATE_HUMAN,RULE_HARD_DECLINE_COMPLIANCE,0
pay_syn_42_02942,authentication_failed,upi,76773,767.73,0,0.5775,1,BLIND_RETRY_24H,0,RETRY_LINK_NOW,RULE_HIGH_PROB_IMMEDIATE_RETRY,0
pay_syn_42_02943,payment_timed_out,card,150702,1507.02,0,0.6175,0,BLIND_RETRY_24H,0,RETRY_LINK_NOW,RULE_HIGH_PROB_IMMEDIATE_RETRY,0
pay_syn_42_02944,payment_cancelled,upi,40897,408.97,0,0.267,0,BLIND_RETRY_24H,0,RETRY_LINK_DELAYED,RULE_LOW_PROB_DELAYED_NUDGE,1
pay_syn_42_02945,bank_account_invalid,card,199108,1991.08,2,0.0,0,BLIND_RETRY_24H,0,STOP,RULE_MAX_RETRIES_EXCEEDED,0
pay_syn_42_02946,payment_cancelled,card,233255,2332.55,0,0.2284,1,BLIND_RETRY_24H,1,RETRY_LINK_DELAYED,RULE_LOW_PROB_DELAYED_NUDGE,1
pay_syn_42_02947,gateway_technical_error,netbanking,184468,1844.68,0,0.595,1,BLIND_RETRY_24H,0,RETRY_LINK_NOW,RULE_HIGH_PROB_IMMEDIATE_RETRY,0
pay_syn_42_02948,insufficient_funds,upi,76685,766.85,0,0.3693,0,BLIND_RETRY_24H,0,RETRY_LINK_DELAYED,RULE_LOW_PROB_DELAYED_NUDGE,0
pay_syn_42_02949,payment_cancelled,card,954004,9540.04,0,0.1791,1,BLIND_RETRY_24H,0,RETRY_LINK_DELAYED,RULE_LOW_PROB_DELAYED_NUDGE,0
pay_syn_42_02950,gateway_technical_error,upi,135940,1359.4,2,0.4704,1,BLIND_RETRY_24H,0,STOP,RULE_MAX_RETRIES_EXCEEDED,0
pay_syn_42_02951,payment_timed_out,upi,3383407,33834.07,2,0.4368,0,BLIND_RETRY_24H,0,STOP,RULE_MAX_RETRIES_EXCEEDED,0
pay_syn_42_02952,payment_timed_out,upi,41131,411.31,0,0.6825,1,BLIND_RETRY_24H,0,RETRY_LINK_NOW,RULE_HIGH_PROB_IMMEDIATE_RETRY,1
pay_syn_42_02953,invalid_otp,card,259213,2592.13,0,0.57,1,BLIND_RETRY_24H,0,RETRY_LINK_NOW,RULE_HIGH_PROB_IMMEDIATE_RETRY,0
pay_syn_42_02954,payment_cancelled,upi,384191,3841.91,1,0.1928,0,BLIND_RETRY_24H,0,RETRY_LINK_DELAYED,RULE_LOW_PROB_DELAYED_NUDGE,1
pay_syn_42_02955,insufficient_funds,upi,41921,419.21,0,0.3719,0,BLIND_RETRY_24H,0,RETRY_LINK_DELAYED,RULE_LOW_PROB_DELAYED_NUDGE,0
pay_syn_42_02956,authentication_failed,upi,100965,1009.65,0,0.5775,1,BLIND_RETRY_24H,0,RETRY_LINK_NOW,RULE_HIGH_PROB_IMMEDIATE_RETRY,1
pay_syn_42_02957,payment_cancelled,upi,28784,287.84,0,0.2679,0,BLIND_RETRY_24H,0,RETRY_LINK_DELAYED,RULE_LOW_PROB_DELAYED_NUDGE,0
pay_syn_42_02958,invalid_otp,upi,502828,5028.28,0,0.63,1,BLIND_RETRY_24H,0,RETRY_LINK_NOW,RULE_HIGH_PROB_IMMEDIATE_RETRY,0
pay_syn_42_02959,payment_cancelled,card,119728,1197.28,0,0.2362,0,BLIND_RETRY_24H,0,RETRY_LINK_DELAYED,RULE_LOW_PROB_DELAYED_NUDGE,1
pay_syn_42_02960,gateway_technical_error,wallet,53024,530.24,0,0.714,0,BLIND_RETRY_24H,0,RETRY_LINK_NOW,RULE_HIGH_PROB_IMMEDIATE_RETRY,1
pay_syn_42_02961,insufficient_funds,netbanking,390207,3902.07,2,0.179,0,BLIND_RETRY_24H,0,STOP,RULE_MAX_RETRIES_EXCEEDED,0
pay_syn_42_02962,gateway_technical_error,upi,131997,1319.97,1,0.588,1,BLIND_RETRY_24H,0,RETRY_LINK_NOW,RULE_HIGH_PROB_IMMEDIATE_RETRY,1
pay_syn_42_02963,card_expired,card,329879,3298.79,0,0.0,0,BLIND_RETRY_24H,0,ESCALATE_HUMAN,RULE_HARD_DECLINE_COMPLIANCE,0
pay_syn_42_02964,payment_timed_out,card,213512,2135.12,2,0.3952,0,BLIND_RETRY_24H,0,STOP,RULE_MAX_RETRIES_EXCEEDED,0
pay_syn_42_02965,bank_account_invalid,upi,46296,462.96,1,0.0,0,BLIND_RETRY_24H,0,ESCALATE_HUMAN,RULE_HARD_DECLINE_COMPLIANCE,0
pay_syn_42_02966,gateway_technical_error,upi,74068,740.68,2,0.4704,1,BLIND_RETRY_24H,0,STOP,RULE_MAX_RETRIES_EXCEEDED,0
pay_syn_42_02967,insufficient_funds,upi,54487,544.87,0,0.3709,1,BLIND_RETRY_24H,0,RETRY_LINK_DELAYED,RULE_LOW_PROB_DELAYED_NUDGE,1
pay_syn_42_02968,fraud_suspected,upi,38482,384.82,0,0.0,0,BLIND_RETRY_24H,0,ESCALATE_HUMAN,RULE_HARD_DECLINE_COMPLIANCE,0
pay_syn_42_02969,insufficient_funds,upi,22370,223.7,1,0.2987,0,BLIND_RETRY_24H,0,RETRY_LINK_DELAYED,RULE_LOW_PROB_DELAYED_NUDGE,0
pay_syn_42_02970,card_expired,upi,1239253,12392.53,0,0.0,0,BLIND_RETRY_24H,0,ESCALATE_HUMAN,RULE_HARD_DECLINE_COMPLIANCE,0
pay_syn_42_02971,gateway_technical_error,upi,180743,1807.43,0,0.735,1,BLIND_RETRY_24H,0,RETRY_LINK_NOW,RULE_HIGH_PROB_IMMEDIATE_RETRY,0
pay_syn_42_02972,payment_cancelled,upi,212009,2120.09,0,0.254,0,BLIND_RETRY_24H,0,RETRY_LINK_DELAYED,RULE_LOW_PROB_DELAYED_NUDGE,0
pay_syn_42_02973,payment_cancelled,card,445293,4452.93,0,0.2139,0,BLIND_RETRY_24H,0,RETRY_LINK_DELAYED,RULE_LOW_PROB_DELAYED_NUDGE,1
pay_syn_42_02974,invalid_otp,upi,73312,733.12,0,0.63,1,BLIND_RETRY_24H,0,RETRY_LINK_NOW,RULE_HIGH_PROB_IMMEDIATE_RETRY,0
pay_syn_42_02975,payment_cancelled,card,30814,308.14,0,0.2422,0,BLIND_RETRY_24H,0,RETRY_LINK_DELAYED,RULE_LOW_PROB_DELAYED_NUDGE,0
pay_syn_42_02976,payment_timed_out,netbanking,297069,2970.69,0,0.5525,1,BLIND_RETRY_24H,1,RETRY_LINK_NOW,RULE_HIGH_PROB_IMMEDIATE_RETRY,1
pay_syn_42_02977,payment_cancelled,upi,35792,357.92,0,0.2674,0,BLIND_RETRY_24H,0,RETRY_LINK_DELAYED,RULE_LOW_PROB_DELAYED_NUDGE,0
pay_syn_42_02978,payment_cancelled,card,288942,2889.42,1,0.1797,0,BLIND_RETRY_24H,1,RETRY_LINK_DELAYED,RULE_LOW_PROB_DELAYED_NUDGE,0
pay_syn_42_02979,insufficient_funds,card,26572,265.72,1,0.27,0,BLIND_RETRY_24H,0,RETRY_LINK_DELAYED,RULE_LOW_PROB_DELAYED_NUDGE,0
pay_syn_42_02980,authentication_failed,card,33394,333.94,0,0.5225,1,BLIND_RETRY_24H,0,RETRY_LINK_NOW,RULE_HIGH_PROB_IMMEDIATE_RETRY,0
pay_syn_42_02981,payment_timed_out,wallet,66170,661.7,0,0.663,0,BLIND_RETRY_24H,0,RETRY_LINK_NOW,RULE_HIGH_PROB_IMMEDIATE_RETRY,1
pay_syn_42_02982,fraud_suspected,upi,276545,2765.45,0,0.0,0,BLIND_RETRY_24H,0,ESCALATE_HUMAN,RULE_HARD_DECLINE_COMPLIANCE,0
pay_syn_42_02983,insufficient_funds,upi,794793,7947.93,0,0.315,0,BLIND_RETRY_24H,0,RETRY_LINK_DELAYED,RULE_LOW_PROB_DELAYED_NUDGE,0
pay_syn_42_02984,payment_cancelled,upi,211627,2116.27,1,0.2032,0,BLIND_RETRY_24H,0,RETRY_LINK_DELAYED,RULE_LOW_PROB_DELAYED_NUDGE,0
pay_syn_42_02985,payment_cancelled,upi,68837,688.37,0,0.2649,0,BLIND_RETRY_24H,0,RETRY_LINK_DELAYED,RULE_LOW_PROB_DELAYED_NUDGE,0
pay_syn_42_02986,insufficient_funds,card,364627,3646.27,0,0.3144,0,BLIND_RETRY_24H,0,RETRY_LINK_DELAYED,RULE_LOW_PROB_DELAYED_NUDGE,0
pay_syn_42_02987,payment_cancelled,card,25833,258.33,0,0.2426,0,BLIND_RETRY_24H,1,RETRY_LINK_DELAYED,RULE_LOW_PROB_DELAYED_NUDGE,0
pay_syn_42_02988,gateway_technical_error,upi,48783,487.83,0,0.735,0,BLIND_RETRY_24H,0,RETRY_LINK_NOW,RULE_HIGH_PROB_IMMEDIATE_RETRY,1
pay_syn_42_02989,payment_cancelled,upi,146196,1461.96,0,0.259,0,BLIND_RETRY_24H,0,RETRY_LINK_DELAYED,RULE_LOW_PROB_DELAYED_NUDGE,0
pay_syn_42_02990,insufficient_funds,upi,308623,3086.23,0,0.3517,0,BLIND_RETRY_24H,0,RETRY_LINK_DELAYED,RULE_LOW_PROB_DELAYED_NUDGE,0
pay_syn_42_02991,payment_cancelled,upi,106472,1064.72,0,0.262,0,BLIND_RETRY_24H,0,RETRY_LINK_DELAYED,RULE_LOW_PROB_DELAYED_NUDGE,0
pay_syn_42_02992,insufficient_funds,upi,94962,949.62,0,0.3679,0,BLIND_RETRY_24H,0,RETRY_LINK_DELAYED,RULE_LOW_PROB_DELAYED_NUDGE,1
pay_syn_42_02993,fraud_suspected,upi,100926,1009.26,0,0.0,0,BLIND_RETRY_24H,0,ESCALATE_HUMAN,RULE_HARD_DECLINE_COMPLIANCE,0
pay_syn_42_02994,payment_cancelled,upi,440424,4404.24,0,0.2368,0,BLIND_RETRY_24H,0,RETRY_LINK_DELAYED,RULE_LOW_PROB_DELAYED_NUDGE,0
pay_syn_42_02995,stolen_card,upi,58122,581.22,0,0.0,0,BLIND_RETRY_24H,0,ESCALATE_HUMAN,RULE_HARD_DECLINE_COMPLIANCE,0
pay_syn_42_02996,invalid_otp,upi,45641,456.41,0,0.63,1,BLIND_RETRY_24H,0,RETRY_LINK_NOW,RULE_HIGH_PROB_IMMEDIATE_RETRY,1
pay_syn_42_02997,payment_cancelled,card,99262,992.62,2,0.152,0,BLIND_RETRY_24H,0,STOP,RULE_MAX_RETRIES_EXCEEDED,0
pay_syn_42_02998,insufficient_funds,upi,520355,5203.55,0,0.3357,1,BLIND_RETRY_24H,0,RETRY_LINK_DELAYED,RULE_LOW_PROB_DELAYED_NUDGE,0
pay_syn_42_02999,payment_cancelled,upi,65044,650.44,1,0.2121,0,BLIND_RETRY_24H,0,RETRY_LINK_DELAYED,RULE_LOW_PROB_DELAYED_NUDGE,0
pay_syn_42_03000,payment_timed_out,upi,100592,1005.92,0,0.6825,0,BLIND_RETRY_24H,0,RETRY_LINK_NOW,RULE_HIGH_PROB_IMMEDIATE_RETRY,1
pay_syn_42_03001,insufficient_funds,card,25441,254.41,0,0.3376,0,BLIND_RETRY_24H,0,RETRY_LINK_DELAYED,RULE_LOW_PROB_DELAYED_NUDGE,0
pay_syn_42_03002,payment_timed_out,upi,105091,1050.91,1,0.546,1,BLIND_RETRY_24H,0,RETRY_LINK_NOW,RULE_HIGH_PROB_IMMEDIATE_RETRY,0
pay_syn_42_03003,gateway_technical_error,card,171233,1712.33,1,0.532,0,BLIND_RETRY_24H,0,RETRY_LINK_NOW,RULE_HIGH_PROB_IMMEDIATE_RETRY,1
pay_syn_42_03004,payment_cancelled,card,35844,358.44,1,0.1935,1,BLIND_RETRY_24H,0,RETRY_LINK_DELAYED,RULE_LOW_PROB_DELAYED_NUDGE,0
pay_syn_42_03005,payment_timed_out,wallet,441436,4414.36,0,0.663,1,BLIND_RETRY_24H,0,RETRY_LINK_NOW,RULE_HIGH_PROB_IMMEDIATE_RETRY,1
pay_syn_42_03006,payment_cancelled,card,168806,1688.06,2,0.149,0,BLIND_RETRY_24H,0,STOP,RULE_MAX_RETRIES_EXCEEDED,0
pay_syn_42_03007,invalid_otp,card,75784,757.84,0,0.57,0,BLIND_RETRY_24H,0,RETRY_LINK_NOW,RULE_HIGH_PROB_IMMEDIATE_RETRY,0
pay_syn_42_03008,invalid_otp,card,170204,1702.04,0,0.57,1,BLIND_RETRY_24H,1,RETRY_LINK_NOW,RULE_HIGH_PROB_IMMEDIATE_RETRY,1
pay_syn_42_03009,card_expired,card,226006,2260.06,0,0.0,0,BLIND_RETRY_24H,0,ESCALATE_HUMAN,RULE_HARD_DECLINE_COMPLIANCE,0
pay_syn_42_03010,payment_timed_out,card,19606,196.06,0,0.6175,1,BLIND_RETRY_24H,1,RETRY_LINK_NOW,RULE_HIGH_PROB_IMMEDIATE_RETRY,1
pay_syn_42_03011,payment_timed_out,card,177541,1775.41,0,0.6175,0,BLIND_RETRY_24H,0,RETRY_LINK_NOW,RULE_HIGH_PROB_IMMEDIATE_RETRY,0
pay_syn_42_03012,payment_cancelled,upi,497730,4977.3,1,0.1859,0,BLIND_RETRY_24H,0,RETRY_LINK_DELAYED,RULE_LOW_PROB_DELAYED_NUDGE,0
pay_syn_42_03013,insufficient_funds,wallet,57311,573.11,1,0.2881,1,BLIND_RETRY_24H,0,RETRY_LINK_DELAYED,RULE_LOW_PROB_DELAYED_NUDGE,0
pay_syn_42_03014,gateway_technical_error,upi,77452,774.52,0,0.735,1,BLIND_RETRY_24H,0,RETRY_LINK_NOW,RULE_HIGH_PROB_IMMEDIATE_RETRY,1
pay_syn_42_03015,card_lost_or_stolen,upi,91424,914.24,0,0.0,0,BLIND_RETRY_24H,0,ESCALATE_HUMAN,RULE_HARD_DECLINE_COMPLIANCE,0
pay_syn_42_03016,invalid_otp,upi,312717,3127.17,0,0.63,0,BLIND_RETRY_24H,0,RETRY_LINK_NOW,RULE_HIGH_PROB_IMMEDIATE_RETRY,0
pay_syn_42_03017,payment_cancelled,upi,42022,420.22,0,0.2669,0,BLIND_RETRY_24H,0,RETRY_LINK_DELAYED,RULE_LOW_PROB_DELAYED_NUDGE,0
pay_syn_42_03018,payment_timed_out,card,214436,2144.36,0,0.6175,1,BLIND_RETRY_24H,0,RETRY_LINK_NOW,RULE_HIGH_PROB_IMMEDIATE_RETRY,0
pay_syn_42_03019,payment_timed_out,upi,93221,932.21,0,0.6825,0,BLIND_RETRY_24H,1,RETRY_LINK_NOW,RULE_HIGH_PROB_IMMEDIATE_RETRY,1
pay_syn_42_03020,gateway_technical_error,card,845358,8453.58,0,0.665,1,BLIND_RETRY_24H,0,RETRY_LINK_NOW,RULE_HIGH_PROB_IMMEDIATE_RETRY,0
pay_syn_42_03021,card_expired,netbanking,99001,990.01,0,0.0,0,BLIND_RETRY_24H,0,ESCALATE_HUMAN,RULE_HARD_DECLINE_COMPLIANCE,0
pay_syn_42_03022,invalid_otp,card,11894,118.94,2,0.3648,1,BLIND_RETRY_24H,0,STOP,RULE_MAX_RETRIES_EXCEEDED,0
pay_syn_42_03023,invalid_otp,card,263108,2631.08,0,0.57,0,BLIND_RETRY_24H,0,RETRY_LINK_NOW,RULE_HIGH_PROB_IMMEDIATE_RETRY,0
pay_syn_42_03024,payment_timed_out,card,202434,2024.34,0,0.6175,0,BLIND_RETRY_24H,0,RETRY_LINK_NOW,RULE_HIGH_PROB_IMMEDIATE_RETRY,1
pay_syn_42_03025,insufficient_funds,card,161054,1610.54,1,0.2627,0,BLIND_RETRY_24H,1,RETRY_LINK_DELAYED,RULE_LOW_PROB_DELAYED_NUDGE,1
pay_syn_42_03026,payment_timed_out,card,481016,4810.16,0,0.6175,1,BLIND_RETRY_24H,0,RETRY_LINK_NOW,RULE_HIGH_PROB_IMMEDIATE_RETRY,1
pay_syn_42_03027,card_expired,upi,22247,222.47,0,0.0,0,BLIND_RETRY_24H,0,ESCALATE_HUMAN,RULE_HARD_DECLINE_COMPLIANCE,0
pay_syn_42_03028,invalid_otp,upi,49500,495.0,0,0.63,1,BLIND_RETRY_24H,0,RETRY_LINK_NOW,RULE_HIGH_PROB_IMMEDIATE_RETRY,1
pay_syn_42_03029,authentication_failed,upi,127298,1272.98,0,0.5775,1,BLIND_RETRY_24H,0,RETRY_LINK_NOW,RULE_HIGH_PROB_IMMEDIATE_RETRY,1
pay_syn_42_03030,insufficient_funds,netbanking,151855,1518.55,0,0.2943,0,BLIND_RETRY_24H,0,RETRY_LINK_DELAYED,RULE_LOW_PROB_DELAYED_NUDGE,0
pay_syn_42_03031,gateway_technical_error,card,108652,1086.52,1,0.532,1,BLIND_RETRY_24H,1,RETRY_LINK_NOW,RULE_HIGH_PROB_IMMEDIATE_RETRY,1
pay_syn_42_03032,bank_account_invalid,card,25796,257.96,0,0.0,0,BLIND_RETRY_24H,0,ESCALATE_HUMAN,RULE_HARD_DECLINE_COMPLIANCE,0
pay_syn_42_03033,invalid_otp,upi,78229,782.29,2,0.4032,1,BLIND_RETRY_24H,0,STOP,RULE_MAX_RETRIES_EXCEEDED,0
pay_syn_42_03034,authentication_failed,card,769122,7691.22,0,0.5225,1,BLIND_RETRY_24H,1,RETRY_LINK_NOW,RULE_HIGH_PROB_IMMEDIATE_RETRY,1
pay_syn_42_03035,payment_timed_out,upi,40108,401.08,0,0.6825,1,BLIND_RETRY_24H,1,RETRY_LINK_NOW,RULE_HIGH_PROB_IMMEDIATE_RETRY,0
pay_syn_42_03036,authentication_failed,card,124307,1243.07,0,0.5225,0,BLIND_RETRY_24H,0,RETRY_LINK_NOW,RULE_HIGH_PROB_IMMEDIATE_RETRY,1
pay_syn_42_03037,gateway_technical_error,card,215338,2153.38,0,0.665,1,BLIND_RETRY_24H,0,RETRY_LINK_NOW,RULE_HIGH_PROB_IMMEDIATE_RETRY,1
pay_syn_42_03038,card_lost_or_stolen,upi,302191,3021.91,0,0.0,0,BLIND_RETRY_24H,0,ESCALATE_HUMAN,RULE_HARD_DECLINE_COMPLIANCE,0
pay_syn_42_03039,authentication_failed,upi,261654,2616.54,1,0.462,1,BLIND_RETRY_24H,1,RETRY_LINK_NOW,RULE_HIGH_PROB_IMMEDIATE_RETRY,1
pay_syn_42_03040,card_blocked,card,72571,725.71,0,0.0,0,BLIND_RETRY_24H,0,ESCALATE_HUMAN,RULE_HARD_DECLINE_COMPLIANCE,0
pay_syn_42_03041,insufficient_funds,upi,49292,492.92,0,0.3713,0,BLIND_RETRY_24H,1,RETRY_LINK_DELAYED,RULE_LOW_PROB_DELAYED_NUDGE,0
pay_syn_42_03042,invalid_otp,upi,854394,8543.94,0,0.63,1,BLIND_RETRY_24H,0,RETRY_LINK_NOW,RULE_HIGH_PROB_IMMEDIATE_RETRY,1
pay_syn_42_03043,card_expired,upi,338303,3383.03,0,0.0,0,BLIND_RETRY_24H,0,ESCALATE_HUMAN,RULE_HARD_DECLINE_COMPLIANCE,0
pay_syn_42_03044,payment_timed_out,card,137405,1374.05,0,0.6175,1,BLIND_RETRY_24H,0,RETRY_LINK_NOW,RULE_HIGH_PROB_IMMEDIATE_RETRY,0
pay_syn_42_03045,card_expired,upi,592015,5920.15,1,0.0,0,BLIND_RETRY_24H,0,ESCALATE_HUMAN,RULE_HARD_DECLINE_COMPLIANCE,0
pay_syn_42_03046,payment_timed_out,upi,25372,253.72,0,0.6825,0,BLIND_RETRY_24H,0,RETRY_LINK_NOW,RULE_HIGH_PROB_IMMEDIATE_RETRY,1
pay_syn_42_03047,authentication_failed,card,30989,309.89,0,0.5225,0,BLIND_RETRY_24H,0,RETRY_LINK_NOW,RULE_HIGH_PROB_IMMEDIATE_RETRY,0
pay_syn_42_03048,insufficient_funds,upi,12203,122.03,0,0.3741,1,BLIND_RETRY_24H,0,RETRY_LINK_DELAYED,RULE_LOW_PROB_DELAYED_NUDGE,1
pay_syn_42_03049,invalid_otp,upi,149989,1499.89,1,0.504,1,BLIND_RETRY_24H,0,RETRY_LINK_NOW,RULE_HIGH_PROB_IMMEDIATE_RETRY,0
pay_syn_42_03050,insufficient_funds,upi,157857,1578.57,0,0.3631,1,BLIND_RETRY_24H,0,RETRY_LINK_DELAYED,RULE_LOW_PROB_DELAYED_NUDGE,1
pay_syn_42_03051,insufficient_funds,upi,28368,283.68,2,0.2387,0,BLIND_RETRY_24H,0,STOP,RULE_MAX_RETRIES_EXCEEDED,0
pay_syn_42_03052,card_lost_or_stolen,card,324046,3240.46,1,0.0,0,BLIND_RETRY_24H,0,ESCALATE_HUMAN,RULE_HARD_DECLINE_COMPLIANCE,0
pay_syn_42_03053,invalid_otp,upi,16699,166.99,0,0.63,1,BLIND_RETRY_24H,1,RETRY_LINK_NOW,RULE_HIGH_PROB_IMMEDIATE_RETRY,0
pay_syn_42_03054,payment_timed_out,card,188680,1886.8,0,0.6175,1,BLIND_RETRY_24H,0,RETRY_LINK_NOW,RULE_HIGH_PROB_IMMEDIATE_RETRY,0
pay_syn_42_03055,fraud_suspected,upi,241101,2411.01,0,0.0,0,BLIND_RETRY_24H,0,ESCALATE_HUMAN,RULE_HARD_DECLINE_COMPLIANCE,0
pay_syn_42_03056,gateway_technical_error,upi,148060,1480.6,1,0.588,1,BLIND_RETRY_24H,0,RETRY_LINK_NOW,RULE_HIGH_PROB_IMMEDIATE_RETRY,1
pay_syn_42_03057,gateway_technical_error,upi,24847,248.47,2,0.4704,0,BLIND_RETRY_24H,0,STOP,RULE_MAX_RETRIES_EXCEEDED,0
pay_syn_42_03058,gateway_technical_error,upi,474712,4747.12,2,0.4704,1,BLIND_RETRY_24H,1,STOP,RULE_MAX_RETRIES_EXCEEDED,0
pay_syn_42_03059,invalid_otp,upi,75056,750.56,0,0.63,0,BLIND_RETRY_24H,1,RETRY_LINK_NOW,RULE_HIGH_PROB_IMMEDIATE_RETRY,1
pay_syn_42_03060,invalid_otp,upi,75300,753.0,2,0.4032,1,BLIND_RETRY_24H,0,STOP,RULE_MAX_RETRIES_EXCEEDED,0
pay_syn_42_03061,fraud_suspected,upi,61377,613.77,0,0.0,0,BLIND_RETRY_24H,0,ESCALATE_HUMAN,RULE_HARD_DECLINE_COMPLIANCE,0
pay_syn_42_03062,payment_cancelled,upi,272182,2721.82,1,0.1996,0,BLIND_RETRY_24H,1,RETRY_LINK_DELAYED,RULE_LOW_PROB_DELAYED_NUDGE,0
pay_syn_42_03063,authentication_failed,card,71527,715.27,0,0.5225,1,BLIND_RETRY_24H,0,RETRY_LINK_NOW,RULE_HIGH_PROB_IMMEDIATE_RETRY,0
pay_syn_42_03064,insufficient_funds,upi,36613,366.13,0,0.3723,0,BLIND_RETRY_24H,0,RETRY_LINK_DELAYED,RULE_LOW_PROB_DELAYED_NUDGE,1
pay_syn_42_03065,invalid_otp,upi,370920,3709.2,0,0.63,0,BLIND_RETRY_24H,0,RETRY_LINK_NOW,RULE_HIGH_PROB_IMMEDIATE_RETRY,0
pay_syn_42_03066,payment_cancelled,upi,121174,1211.74,0,0.2609,0,BLIND_RETRY_24H,0,RETRY_LINK_DELAYED,RULE_LOW_PROB_DELAYED_NUDGE,1
pay_syn_42_03067,invalid_otp,upi,386724,3867.24,0,0.63,0,BLIND_RETRY_24H,1,RETRY_LINK_NOW,RULE_HIGH_PROB_IMMEDIATE_RETRY,1
pay_syn_42_03068,insufficient_funds,upi,131014,1310.14,1,0.2921,1,BLIND_RETRY_24H,0,RETRY_LINK_DELAYED,RULE_LOW_PROB_DELAYED_NUDGE,0
pay_syn_42_03069,insufficient_funds,upi,57346,573.46,0,0.3707,1,BLIND_RETRY_24H,0,RETRY_LINK_DELAYED,RULE_LOW_PROB_DELAYED_NUDGE,0
pay_syn_42_03070,insufficient_funds,netbanking,19031,190.31,1,0.242,1,BLIND_RETRY_24H,0,RETRY_LINK_DELAYED,RULE_LOW_PROB_DELAYED_NUDGE,0
pay_syn_42_03071,risk_check_failed,card,150683,1506.83,0,0.0,0,BLIND_RETRY_24H,0,ESCALATE_HUMAN,RULE_HARD_DECLINE_COMPLIANCE,0
pay_syn_42_03072,insufficient_funds,card,91630,916.3,0,0.3331,1,BLIND_RETRY_24H,0,RETRY_LINK_DELAYED,RULE_LOW_PROB_DELAYED_NUDGE,0
pay_syn_42_03073,authentication_failed,card,285471,2854.71,2,0.3344,0,BLIND_RETRY_24H,0,STOP,RULE_MAX_RETRIES_EXCEEDED,0
pay_syn_42_03074,gateway_technical_error,upi,68247,682.47,0,0.735,1,BLIND_RETRY_24H,1,RETRY_LINK_NOW,RULE_HIGH_PROB_IMMEDIATE_RETRY,1
pay_syn_42_03075,gateway_technical_error,upi,195083,1950.83,0,0.735,1,BLIND_RETRY_24H,0,RETRY_LINK_NOW,RULE_HIGH_PROB_IMMEDIATE_RETRY,0
pay_syn_42_03076,payment_timed_out,upi,125383,1253.83,0,0.6825,1,BLIND_RETRY_24H,0,RETRY_LINK_NOW,RULE_HIGH_PROB_IMMEDIATE_RETRY,1
pay_syn_42_03077,payment_timed_out,upi,52549,525.49,0,0.6825,1,BLIND_RETRY_24H,0,RETRY_LINK_NOW,RULE_HIGH_PROB_IMMEDIATE_RETRY,1
pay_syn_42_03078,fraud_suspected,netbanking,73870,738.7,0,0.0,0,BLIND_RETRY_24H,0,ESCALATE_HUMAN,RULE_HARD_DECLINE_COMPLIANCE,0
pay_syn_42_03079,payment_cancelled,card,30346,303.46,1,0.1938,0,BLIND_RETRY_24H,0,RETRY_LINK_DELAYED,RULE_LOW_PROB_DELAYED_NUDGE,0
pay_syn_42_03080,gateway_technical_error,upi,936736,9367.36,0,0.735,1,BLIND_RETRY_24H,0,RETRY_LINK_NOW,RULE_HIGH_PROB_IMMEDIATE_RETRY,1
pay_syn_42_03081,invalid_otp,card,190448,1904.48,0,0.57,0,BLIND_RETRY_24H,0,RETRY_LINK_NOW,RULE_HIGH_PROB_IMMEDIATE_RETRY,1
pay_syn_42_03082,payment_cancelled,card,28496,284.96,0,0.2424,1,BLIND_RETRY_24H,0,RETRY_LINK_DELAYED,RULE_LOW_PROB_DELAYED_NUDGE,1
pay_syn_42_03083,payment_timed_out,netbanking,873463,8734.63,0,0.5525,0,BLIND_RETRY_24H,1,RETRY_LINK_DELAYED,RULE_LOW_PROB_DELAYED_NUDGE,1
pay_syn_42_03084,gateway_technical_error,upi,39587,395.87,0,0.735,1,BLIND_RETRY_24H,0,RETRY_LINK_NOW,RULE_HIGH_PROB_IMMEDIATE_RETRY,1
pay_syn_42_03085,payment_cancelled,card,67081,670.81,0,0.2398,0,BLIND_RETRY_24H,0,RETRY_LINK_DELAYED,RULE_LOW_PROB_DELAYED_NUDGE,0
pay_syn_42_03086,invalid_otp,netbanking,98706,987.06,2,0.3264,1,BLIND_RETRY_24H,0,STOP,RULE_MAX_RETRIES_EXCEEDED,0
pay_syn_42_03087,payment_timed_out,wallet,128659,1286.59,0,0.663,1,BLIND_RETRY_24H,0,RETRY_LINK_NOW,RULE_HIGH_PROB_IMMEDIATE_RETRY,0
pay_syn_42_03088,insufficient_funds,card,276727,2767.27,1,0.2563,0,BLIND_RETRY_24H,1,RETRY_LINK_DELAYED,RULE_LOW_PROB_DELAYED_NUDGE,0
pay_syn_42_03089,insufficient_funds,upi,15384,153.84,0,0.3739,0,BLIND_RETRY_24H,0,RETRY_LINK_DELAYED,RULE_LOW_PROB_DELAYED_NUDGE,1
pay_syn_42_03090,fraud_suspected,upi,130849,1308.49,1,0.0,0,BLIND_RETRY_24H,0,ESCALATE_HUMAN,RULE_HARD_DECLINE_COMPLIANCE,0
pay_syn_42_03091,authentication_failed,upi,93511,935.11,0,0.5775,1,BLIND_RETRY_24H,0,RETRY_LINK_NOW,RULE_HIGH_PROB_IMMEDIATE_RETRY,0
pay_syn_42_03092,payment_cancelled,upi,153645,1536.45,0,0.2584,0,BLIND_RETRY_24H,0,RETRY_LINK_DELAYED,RULE_LOW_PROB_DELAYED_NUDGE,0
pay_syn_42_03093,payment_cancelled,card,88829,888.29,0,0.2383,0,BLIND_RETRY_24H,0,RETRY_LINK_DELAYED,RULE_LOW_PROB_DELAYED_NUDGE,0
pay_syn_42_03094,payment_timed_out,upi,77262,772.62,2,0.4368,1,BLIND_RETRY_24H,0,STOP,RULE_MAX_RETRIES_EXCEEDED,0
pay_syn_42_03095,payment_timed_out,upi,111116,1111.16,0,0.6825,1,BLIND_RETRY_24H,1,RETRY_LINK_NOW,RULE_HIGH_PROB_IMMEDIATE_RETRY,1
pay_syn_42_03096,insufficient_funds,upi,810644,8106.44,0,0.3138,1,BLIND_RETRY_24H,0,RETRY_LINK_DELAYED,RULE_LOW_PROB_DELAYED_NUDGE,0
pay_syn_42_03097,insufficient_funds,netbanking,78797,787.97,0,0.2988,0,BLIND_RETRY_24H,0,RETRY_LINK_DELAYED,RULE_LOW_PROB_DELAYED_NUDGE,1
pay_syn_42_03098,invalid_otp,card,448674,4486.74,0,0.57,0,BLIND_RETRY_24H,1,RETRY_LINK_NOW,RULE_HIGH_PROB_IMMEDIATE_RETRY,1
pay_syn_42_03099,authentication_failed,card,146711,1467.11,0,0.5225,0,BLIND_RETRY_24H,1,RETRY_LINK_NOW,RULE_HIGH_PROB_IMMEDIATE_RETRY,1
pay_syn_42_03100,payment_timed_out,netbanking,139474,1394.74,0,0.5525,1,BLIND_RETRY_24H,0,RETRY_LINK_NOW,RULE_HIGH_PROB_IMMEDIATE_RETRY,0
pay_syn_42_03101,authentication_failed,upi,155244,1552.44,1,0.462,1,BLIND_RETRY_24H,1,RETRY_LINK_NOW,RULE_HIGH_PROB_IMMEDIATE_RETRY,0
pay_syn_42_03102,payment_cancelled,card,214560,2145.6,0,0.2297,1,BLIND_RETRY_24H,0,RETRY_LINK_DELAYED,RULE_LOW_PROB_DELAYED_NUDGE,0
pay_syn_42_03103,payment_timed_out,netbanking,85224,852.24,0,0.5525,0,BLIND_RETRY_24H,0,RETRY_LINK_DELAYED,RULE_LOW_PROB_DELAYED_NUDGE,1
pay_syn_42_03104,insufficient_funds,upi,412073,4120.73,0,0.3439,0,BLIND_RETRY_24H,0,RETRY_LINK_NOW,RULE_HIGH_PROB_IMMEDIATE_RETRY,1
pay_syn_42_03105,authentication_failed,upi,215156,2151.56,0,0.5775,1,BLIND_RETRY_24H,1,RETRY_LINK_NOW,RULE_HIGH_PROB_IMMEDIATE_RETRY,0
pay_syn_42_03106,invalid_otp,netbanking,32923,329.23,0,0.51,1,BLIND_RETRY_24H,0,RETRY_LINK_NOW,RULE_HIGH_PROB_IMMEDIATE_RETRY,0
pay_syn_42_03107,authentication_failed,upi,11984,119.84,1,0.462,0,BLIND_RETRY_24H,0,RETRY_LINK_NOW,RULE_HIGH_PROB_IMMEDIATE_RETRY,1
pay_syn_42_03108,invalid_otp,upi,778083,7780.83,0,0.63,0,BLIND_RETRY_24H,1,RETRY_LINK_NOW,RULE_HIGH_PROB_IMMEDIATE_RETRY,1
pay_syn_42_03109,gateway_technical_error,netbanking,160671,1606.71,0,0.595,0,BLIND_RETRY_24H,0,RETRY_LINK_NOW,RULE_HIGH_PROB_IMMEDIATE_RETRY,0
pay_syn_42_03110,insufficient_funds,upi,29289,292.89,0,0.3728,0,BLIND_RETRY_24H,0,RETRY_LINK_DELAYED,RULE_LOW_PROB_DELAYED_NUDGE,0
pay_syn_42_03111,card_expired,card,78684,786.84,0,0.0,0,BLIND_RETRY_24H,0,ESCALATE_HUMAN,RULE_HARD_DECLINE_COMPLIANCE,0
pay_syn_42_03112,gateway_technical_error,upi,338111,3381.11,0,0.735,1,BLIND_RETRY_24H,1,RETRY_LINK_NOW,RULE_HIGH_PROB_IMMEDIATE_RETRY,1
pay_syn_42_03113,insufficient_funds,upi,104334,1043.34,2,0.235,0,BLIND_RETRY_24H,0,STOP,RULE_MAX_RETRIES_EXCEEDED,0
pay_syn_42_03114,risk_check_failed,upi,114604,1146.04,0,0.0,0,BLIND_RETRY_24H,0,ESCALATE_HUMAN,RULE_HARD_DECLINE_COMPLIANCE,0
pay_syn_42_03115,insufficient_funds,upi,270097,2700.97,1,0.2837,0,BLIND_RETRY_24H,0,RETRY_LINK_DELAYED,RULE_LOW_PROB_DELAYED_NUDGE,0
pay_syn_42_03116,bank_account_invalid,upi,178050,1780.5,0,0.0,0,BLIND_RETRY_24H,0,ESCALATE_HUMAN,RULE_HARD_DECLINE_COMPLIANCE,0
pay_syn_42_03117,gateway_technical_error,upi,233330,2333.3,0,0.735,1,BLIND_RETRY_24H,0,RETRY_LINK_NOW,RULE_HIGH_PROB_IMMEDIATE_RETRY,1
pay_syn_42_03118,card_expired,upi,266829,2668.29,0,0.0,0,BLIND_RETRY_24H,0,ESCALATE_HUMAN,RULE_HARD_DECLINE_COMPLIANCE,0
pay_syn_42_03119,invalid_otp,upi,58961,589.61,1,0.504,1,BLIND_RETRY_24H,0,RETRY_LINK_NOW,RULE_HIGH_PROB_IMMEDIATE_RETRY,1
pay_syn_42_03120,card_lost_or_stolen,upi,64697,646.97,0,0.0,0,BLIND_RETRY_24H,0,ESCALATE_HUMAN,RULE_HARD_DECLINE_COMPLIANCE,0
pay_syn_42_03121,card_blocked,upi,52218,522.18,0,0.0,0,BLIND_RETRY_24H,0,ESCALATE_HUMAN,RULE_HARD_DECLINE_COMPLIANCE,0
pay_syn_42_03122,invalid_otp,card,68348,683.48,0,0.57,0,BLIND_RETRY_24H,1,RETRY_LINK_NOW,RULE_HIGH_PROB_IMMEDIATE_RETRY,0
pay_syn_42_03123,authentication_failed,upi,109973,1099.73,0,0.5775,1,BLIND_RETRY_24H,1,RETRY_LINK_NOW,RULE_HIGH_PROB_IMMEDIATE_RETRY,1
pay_syn_42_03124,payment_timed_out,card,118677,1186.77,1,0.494,0,BLIND_RETRY_24H,0,RETRY_LINK_NOW,RULE_HIGH_PROB_IMMEDIATE_RETRY,0
pay_syn_42_03125,invalid_otp,upi,569338,5693.38,0,0.63,0,BLIND_RETRY_24H,0,RETRY_LINK_NOW,RULE_HIGH_PROB_IMMEDIATE_RETRY,1
pay_syn_42_03126,payment_cancelled,upi,168842,1688.42,1,0.2058,0,BLIND_RETRY_24H,0,RETRY_LINK_DELAYED,RULE_LOW_PROB_DELAYED_NUDGE,1
pay_syn_42_03127,card_blocked,upi,112275,1122.75,1,0.0,0,BLIND_RETRY_24H,0,ESCALATE_HUMAN,RULE_HARD_DECLINE_COMPLIANCE,0
pay_syn_42_03128,invalid_otp,card,2097299,20972.99,1,0.456,0,BLIND_RETRY_24H,1,ESCALATE_HUMAN,RULE_HIGH_AMOUNT_ESCALATION,0
pay_syn_42_03129,insufficient_funds,card,41939,419.39,0,0.3365,0,BLIND_RETRY_24H,0,RETRY_LINK_DELAYED,RULE_LOW_PROB_DELAYED_NUDGE,0
pay_syn_42_03130,insufficient_funds,upi,90773,907.73,0,0.3682,1,BLIND_RETRY_24H,0,RETRY_LINK_DELAYED,RULE_LOW_PROB_DELAYED_NUDGE,1
pay_syn_42_03131,gateway_technical_error,upi,858789,8587.89,0,0.735,1,BLIND_RETRY_24H,0,RETRY_LINK_NOW,RULE_HIGH_PROB_IMMEDIATE_RETRY,0
pay_syn_42_03132,authentication_failed,upi,840780,8407.8,0,0.5775,0,BLIND_RETRY_24H,0,RETRY_LINK_NOW,RULE_HIGH_PROB_IMMEDIATE_RETRY,0
pay_syn_42_03133,payment_cancelled,card,89626,896.26,2,0.1525,0,BLIND_RETRY_24H,0,STOP,RULE_MAX_RETRIES_EXCEEDED,0
pay_syn_42_03134,invalid_otp,upi,21309,213.09,0,0.63,0,BLIND_RETRY_24H,0,RETRY_LINK_NOW,RULE_HIGH_PROB_IMMEDIATE_RETRY,1
pay_syn_42_03135,invalid_otp,card,77965,779.65,0,0.57,0,BLIND_RETRY_24H,1,RETRY_LINK_NOW,RULE_HIGH_PROB_IMMEDIATE_RETRY,0
pay_syn_42_03136,gateway_technical_error,card,577251,5772.51,0,0.665,1,BLIND_RETRY_24H,0,RETRY_LINK_NOW,RULE_HIGH_PROB_IMMEDIATE_RETRY,1
pay_syn_42_03137,payment_cancelled,upi,110777,1107.77,0,0.2617,0,BLIND_RETRY_24H,0,RETRY_LINK_DELAYED,RULE_LOW_PROB_DELAYED_NUDGE,0
pay_syn_42_03138,gateway_technical_error,upi,270416,2704.16,0,0.735,1,BLIND_RETRY_24H,0,RETRY_LINK_NOW,RULE_HIGH_PROB_IMMEDIATE_RETRY,0
pay_syn_42_03139,payment_cancelled,netbanking,124896,1248.96,0,0.211,0,BLIND_RETRY_24H,0,RETRY_LINK_DELAYED,RULE_LOW_PROB_DELAYED_NUDGE,0
pay_syn_42_03140,invalid_otp,card,27150,271.5,0,0.57,1,BLIND_RETRY_24H,1,RETRY_LINK_NOW,RULE_HIGH_PROB_IMMEDIATE_RETRY,1
pay_syn_42_03141,gateway_technical_error,upi,129707,1297.07,0,0.735,1,BLIND_RETRY_24H,0,RETRY_LINK_NOW,RULE_HIGH_PROB_IMMEDIATE_RETRY,1
pay_syn_42_03142,card_expired,card,314204,3142.04,0,0.0,0,BLIND_RETRY_24H,0,ESCALATE_HUMAN,RULE_HARD_DECLINE_COMPLIANCE,0
pay_syn_42_03143,card_expired,upi,67387,673.87,1,0.0,0,BLIND_RETRY_24H,0,ESCALATE_HUMAN,RULE_HARD_DECLINE_COMPLIANCE,0
pay_syn_42_03144,invalid_otp,upi,304629,3046.29,0,0.63,0,BLIND_RETRY_24H,0,RETRY_LINK_NOW,RULE_HIGH_PROB_IMMEDIATE_RETRY,1
pay_syn_42_03145,payment_cancelled,upi,138664,1386.64,2,0.1661,0,BLIND_RETRY_24H,0,STOP,RULE_MAX_RETRIES_EXCEEDED,0
pay_syn_42_03146,invalid_otp,upi,286144,2861.44,0,0.63,0,BLIND_RETRY_24H,0,RETRY_LINK_NOW,RULE_HIGH_PROB_IMMEDIATE_RETRY,1
pay_syn_42_03147,invalid_otp,upi,180882,1808.82,0,0.63,1,BLIND_RETRY_24H,0,RETRY_LINK_NOW,RULE_HIGH_PROB_IMMEDIATE_RETRY,1
pay_syn_42_03148,invalid_otp,card,44674,446.74,1,0.456,0,BLIND_RETRY_24H,0,RETRY_LINK_DELAYED,RULE_LOW_PROB_DELAYED_NUDGE,0
pay_syn_42_03149,risk_check_failed,netbanking,91739,917.39,0,0.0,0,BLIND_RETRY_24H,0,ESCALATE_HUMAN,RULE_HARD_DECLINE_COMPLIANCE,0
pay_syn_42_03150,payment_cancelled,upi,88715,887.15,1,0.2107,0,BLIND_RETRY_24H,0,RETRY_LINK_DELAYED,RULE_LOW_PROB_DELAYED_NUDGE,0
pay_syn_42_03151,bank_account_invalid,upi,64229,642.29,0,0.0,0,BLIND_RETRY_24H,0,ESCALATE_HUMAN,RULE_HARD_DECLINE_COMPLIANCE,0
pay_syn_42_03152,gateway_technical_error,upi,165692,1656.92,1,0.588,1,BLIND_RETRY_24H,0,RETRY_LINK_NOW,RULE_HIGH_PROB_IMMEDIATE_RETRY,0
pay_syn_42_03153,payment_cancelled,upi,1083238,10832.38,1,0.1505,0,BLIND_RETRY_24H,0,ESCALATE_HUMAN,RULE_HIGH_AMOUNT_ESCALATION,1
pay_syn_42_03154,invalid_otp,upi,412723,4127.23,0,0.63,0,BLIND_RETRY_24H,0,RETRY_LINK_NOW,RULE_HIGH_PROB_IMMEDIATE_RETRY,0
pay_syn_42_03155,insufficient_funds,upi,483802,4838.02,0,0.3385,0,BLIND_RETRY_24H,0,RETRY_LINK_DELAYED,RULE_LOW_PROB_DELAYED_NUDGE,0
pay_syn_42_03156,authentication_failed,card,60404,604.04,2,0.3344,0,BLIND_RETRY_24H,0,STOP,RULE_MAX_RETRIES_EXCEEDED,0
pay_syn_42_03157,gateway_technical_error,upi,493822,4938.22,0,0.735,1,BLIND_RETRY_24H,0,RETRY_LINK_NOW,RULE_HIGH_PROB_IMMEDIATE_RETRY,1
pay_syn_42_03158,gateway_technical_error,upi,729071,7290.71,0,0.735,1,BLIND_RETRY_24H,1,RETRY_LINK_NOW,RULE_HIGH_PROB_IMMEDIATE_RETRY,1
pay_syn_42_03159,gateway_technical_error,upi,58450,584.5,0,0.735,1,BLIND_RETRY_24H,0,RETRY_LINK_NOW,RULE_HIGH_PROB_IMMEDIATE_RETRY,1
pay_syn_42_03160,invalid_otp,upi,204044,2040.44,0,0.63,1,BLIND_RETRY_24H,0,RETRY_LINK_NOW,RULE_HIGH_PROB_IMMEDIATE_RETRY,0
pay_syn_42_03161,card_expired,upi,210145,2101.45,1,0.0,0,BLIND_RETRY_24H,0,ESCALATE_HUMAN,RULE_HARD_DECLINE_COMPLIANCE,0
pay_syn_42_03162,risk_check_failed,netbanking,98798,987.98,1,0.0,0,BLIND_RETRY_24H,0,ESCALATE_HUMAN,RULE_HARD_DECLINE_COMPLIANCE,0
pay_syn_42_03163,payment_timed_out,card,151737,1517.37,0,0.6175,1,BLIND_RETRY_24H,0,RETRY_LINK_NOW,RULE_HIGH_PROB_IMMEDIATE_RETRY,1
pay_syn_42_03164,stolen_card,upi,221918,2219.18,0,0.0,0,BLIND_RETRY_24H,0,ESCALATE_HUMAN,RULE_HARD_DECLINE_COMPLIANCE,0
pay_syn_42_03165,insufficient_funds,card,105864,1058.64,0,0.3321,0,BLIND_RETRY_24H,1,RETRY_LINK_DELAYED,RULE_LOW_PROB_DELAYED_NUDGE,0
pay_syn_42_03166,payment_timed_out,upi,389461,3894.61,0,0.6825,0,BLIND_RETRY_24H,0,RETRY_LINK_NOW,RULE_HIGH_PROB_IMMEDIATE_RETRY,1
pay_syn_42_03167,gateway_technical_error,card,33095,330.95,1,0.532,1,BLIND_RETRY_24H,0,RETRY_LINK_NOW,RULE_HIGH_PROB_IMMEDIATE_RETRY,1
pay_syn_42_03168,card_expired,wallet,88321,883.21,0,0.0,0,BLIND_RETRY_24H,0,ESCALATE_HUMAN,RULE_HARD_DECLINE_COMPLIANCE,0
pay_syn_42_03169,authentication_failed,upi,276690,2766.9,0,0.5775,0,BLIND_RETRY_24H,0,RETRY_LINK_NOW,RULE_HIGH_PROB_IMMEDIATE_RETRY,1
pay_syn_42_03170,insufficient_funds,card,935029,9350.29,2,0.1762,1,BLIND_RETRY_24H,0,STOP,RULE_MAX_RETRIES_EXCEEDED,0
pay_syn_42_03171,invalid_otp,card,419843,4198.43,0,0.57,1,BLIND_RETRY_24H,0,RETRY_LINK_NOW,RULE_HIGH_PROB_IMMEDIATE_RETRY,0
pay_syn_42_03172,payment_timed_out,upi,148397,1483.97,0,0.6825,1,BLIND_RETRY_24H,1,RETRY_LINK_NOW,RULE_HIGH_PROB_IMMEDIATE_RETRY,0
pay_syn_42_03173,insufficient_funds,card,111296,1112.96,0,0.3317,1,BLIND_RETRY_24H,1,RETRY_LINK_DELAYED,RULE_LOW_PROB_DELAYED_NUDGE,0
pay_syn_42_03174,payment_cancelled,upi,93579,935.79,0,0.263,0,BLIND_RETRY_24H,0,RETRY_LINK_DELAYED,RULE_LOW_PROB_DELAYED_NUDGE,0
pay_syn_42_03175,fraud_suspected,upi,94160,941.6,0,0.0,0,BLIND_RETRY_24H,0,ESCALATE_HUMAN,RULE_HARD_DECLINE_COMPLIANCE,0
pay_syn_42_03176,payment_timed_out,card,18917,189.17,0,0.6175,1,BLIND_RETRY_24H,1,RETRY_LINK_NOW,RULE_HIGH_PROB_IMMEDIATE_RETRY,1
pay_syn_42_03177,gateway_technical_error,upi,884403,8844.03,0,0.735,0,BLIND_RETRY_24H,0,RETRY_LINK_NOW,RULE_HIGH_PROB_IMMEDIATE_RETRY,1
pay_syn_42_03178,authentication_failed,card,120318,1203.18,1,0.418,0,BLIND_RETRY_24H,0,RETRY_LINK_DELAYED,RULE_LOW_PROB_DELAYED_NUDGE,0
pay_syn_42_03179,invalid_otp,upi,54896,548.96,0,0.63,0,BLIND_RETRY_24H,0,RETRY_LINK_NOW,RULE_HIGH_PROB_IMMEDIATE_RETRY,1
pay_syn_42_03180,authentication_failed,netbanking,200519,2005.19,0,0.4675,1,BLIND_RETRY_24H,0,RETRY_LINK_NOW,RULE_HIGH_PROB_IMMEDIATE_RETRY,1
pay_syn_42_03181,invalid_otp,wallet,59316,593.16,1,0.4896,0,BLIND_RETRY_24H,1,RETRY_LINK_NOW,RULE_HIGH_PROB_IMMEDIATE_RETRY,1
pay_syn_42_03182,authentication_failed,card,346791,3467.91,0,0.5225,0,BLIND_RETRY_24H,0,RETRY_LINK_NOW,RULE_HIGH_PROB_IMMEDIATE_RETRY,1
pay_syn_42_03183,payment_timed_out,upi,56631,566.31,0,0.6825,1,BLIND_RETRY_24H,0,RETRY_LINK_NOW,RULE_HIGH_PROB_IMMEDIATE_RETRY,1
pay_syn_42_03184,card_expired,card,291532,2915.32,0,0.0,0,BLIND_RETRY_24H,0,ESCALATE_HUMAN,RULE_HARD_DECLINE_COMPLIANCE,0
pay_syn_42_03185,card_expired,card,92174,921.74,0,0.0,0,BLIND_RETRY_24H,0,ESCALATE_HUMAN,RULE_HARD_DECLINE_COMPLIANCE,0
pay_syn_42_03186,card_expired,upi,172808,1728.08,0,0.0,0,BLIND_RETRY_24H,0,ESCALATE_HUMAN,RULE_HARD_DECLINE_COMPLIANCE,0
pay_syn_42_03187,insufficient_funds,upi,318131,3181.31,0,0.351,0,BLIND_RETRY_24H,0,RETRY_LINK_DELAYED,RULE_LOW_PROB_DELAYED_NUDGE,1
pay_syn_42_03188,bank_account_invalid,upi,72379,723.79,0,0.0,0,BLIND_RETRY_24H,0,ESCALATE_HUMAN,RULE_HARD_DECLINE_COMPLIANCE,0
pay_syn_42_03189,payment_timed_out,upi,309195,3091.95,0,0.6825,0,BLIND_RETRY_24H,0,RETRY_LINK_NOW,RULE_HIGH_PROB_IMMEDIATE_RETRY,1
pay_syn_42_03190,gateway_technical_error,upi,19691,196.91,0,0.735,1,BLIND_RETRY_24H,0,RETRY_LINK_NOW,RULE_HIGH_PROB_IMMEDIATE_RETRY,1
pay_syn_42_03191,insufficient_funds,card,658517,6585.17,0,0.2943,0,BLIND_RETRY_24H,0,RETRY_LINK_DELAYED,RULE_LOW_PROB_DELAYED_NUDGE,0
pay_syn_42_03192,invalid_otp,upi,376124,3761.24,0,0.63,1,BLIND_RETRY_24H,0,RETRY_LINK_NOW,RULE_HIGH_PROB_IMMEDIATE_RETRY,1
pay_syn_42_03193,authentication_failed,upi,115978,1159.78,0,0.5775,1,BLIND_RETRY_24H,0,RETRY_LINK_NOW,RULE_HIGH_PROB_IMMEDIATE_RETRY,1
pay_syn_42_03194,insufficient_funds,card,463348,4633.48,2,0.1969,0,BLIND_RETRY_24H,0,STOP,RULE_MAX_RETRIES_EXCEEDED,0
pay_syn_42_03195,payment_timed_out,upi,406961,4069.61,0,0.6825,1,BLIND_RETRY_24H,0,RETRY_LINK_NOW,RULE_HIGH_PROB_IMMEDIATE_RETRY,1
pay_syn_42_03196,payment_timed_out,upi,127564,1275.64,0,0.6825,0,BLIND_RETRY_24H,0,RETRY_LINK_NOW,RULE_HIGH_PROB_IMMEDIATE_RETRY,1
pay_syn_42_03197,payment_timed_out,card,126111,1261.11,0,0.6175,0,BLIND_RETRY_24H,0,RETRY_LINK_NOW,RULE_HIGH_PROB_IMMEDIATE_RETRY,0
pay_syn_42_03198,invalid_otp,upi,48558,485.58,1,0.504,0,BLIND_RETRY_24H,0,RETRY_LINK_NOW,RULE_HIGH_PROB_IMMEDIATE_RETRY,1
pay_syn_42_03199,card_expired,upi,135032,1350.32,0,0.0,0,BLIND_RETRY_24H,0,ESCALATE_HUMAN,RULE_HARD_DECLINE_COMPLIANCE,0
pay_syn_42_03200,payment_cancelled,upi,26338,263.38,0,0.2681,0,BLIND_RETRY_24H,0,RETRY_LINK_DELAYED,RULE_LOW_PROB_DELAYED_NUDGE,1
pay_syn_42_03201,insufficient_funds,card,287358,2873.58,0,0.3197,1,BLIND_RETRY_24H,0,RETRY_LINK_DELAYED,RULE_LOW_PROB_DELAYED_NUDGE,1
pay_syn_42_03202,authentication_failed,card,294613,2946.13,0,0.5225,0,BLIND_RETRY_24H,0,RETRY_LINK_NOW,RULE_HIGH_PROB_IMMEDIATE_RETRY,1
pay_syn_42_03203,invalid_otp,netbanking,19968,199.68,0,0.51,1,BLIND_RETRY_24H,1,RETRY_LINK_NOW,RULE_HIGH_PROB_IMMEDIATE_RETRY,0
pay_syn_42_03204,invalid_otp,upi,580964,5809.64,0,0.63,1,BLIND_RETRY_24H,0,RETRY_LINK_NOW,RULE_HIGH_PROB_IMMEDIATE_RETRY,1
pay_syn_42_03205,card_expired,upi,66167,661.67,0,0.0,0,BLIND_RETRY_24H,0,ESCALATE_HUMAN,RULE_HARD_DECLINE_COMPLIANCE,0
pay_syn_42_03206,authentication_failed,upi,2993440,29934.4,0,0.5775,1,BLIND_RETRY_24H,0,ESCALATE_HUMAN,RULE_HIGH_AMOUNT_ESCALATION,1
pay_syn_42_03207,payment_timed_out,upi,163204,1632.04,0,0.6825,1,BLIND_RETRY_24H,0,RETRY_LINK_NOW,RULE_HIGH_PROB_IMMEDIATE_RETRY,1
pay_syn_42_03208,card_expired,upi,588206,5882.06,2,0.0,0,BLIND_RETRY_24H,0,STOP,RULE_MAX_RETRIES_EXCEEDED,0
pay_syn_42_03209,insufficient_funds,upi,47045,470.45,0,0.3715,0,BLIND_RETRY_24H,0,RETRY_LINK_DELAYED,RULE_LOW_PROB_DELAYED_NUDGE,1
pay_syn_42_03210,gateway_technical_error,card,91965,919.65,0,0.665,1,BLIND_RETRY_24H,0,RETRY_LINK_NOW,RULE_HIGH_PROB_IMMEDIATE_RETRY,1
pay_syn_42_03211,risk_check_failed,card,72010,720.1,0,0.0,0,BLIND_RETRY_24H,0,ESCALATE_HUMAN,RULE_HARD_DECLINE_COMPLIANCE,0
pay_syn_42_03212,payment_timed_out,upi,25893,258.93,0,0.6825,0,BLIND_RETRY_24H,0,RETRY_LINK_NOW,RULE_HIGH_PROB_IMMEDIATE_RETRY,0
pay_syn_42_03213,invalid_otp,card,33197,331.97,0,0.57,1,BLIND_RETRY_24H,1,RETRY_LINK_NOW,RULE_HIGH_PROB_IMMEDIATE_RETRY,1
pay_syn_42_03214,payment_cancelled,wallet,111311,1113.11,0,0.2542,0,BLIND_RETRY_24H,0,RETRY_LINK_DELAYED,RULE_LOW_PROB_DELAYED_NUDGE,0
pay_syn_42_03215,authentication_failed,upi,192911,1929.11,0,0.5775,1,BLIND_RETRY_24H,1,RETRY_LINK_NOW,RULE_HIGH_PROB_IMMEDIATE_RETRY,1
pay_syn_42_03216,invalid_otp,card,42332,423.32,1,0.456,0,BLIND_RETRY_24H,1,RETRY_LINK_DELAYED,RULE_LOW_PROB_DELAYED_NUDGE,0
pay_syn_42_03217,payment_cancelled,card,86274,862.74,1,0.1908,0,BLIND_RETRY_24H,0,RETRY_LINK_DELAYED,RULE_LOW_PROB_DELAYED_NUDGE,0
pay_syn_42_03218,insufficient_funds,upi,59011,590.11,0,0.3706,0,BLIND_RETRY_24H,1,RETRY_LINK_DELAYED,RULE_LOW_PROB_DELAYED_NUDGE,1
pay_syn_42_03219,payment_cancelled,upi,119337,1193.37,2,0.1671,1,BLIND_RETRY_24H,0,STOP,RULE_MAX_RETRIES_EXCEEDED,0
pay_syn_42_03220,card_expired,card,262824,2628.24,0,0.0,0,BLIND_RETRY_24H,0,ESCALATE_HUMAN,RULE_HARD_DECLINE_COMPLIANCE,0
pay_syn_42_03221,authentication_failed,upi,142825,1428.25,1,0.462,1,BLIND_RETRY_24H,0,RETRY_LINK_NOW,RULE_HIGH_PROB_IMMEDIATE_RETRY,0
pay_syn_42_03222,fraud_suspected,upi,68935,689.35,1,0.0,0,BLIND_RETRY_24H,0,ESCALATE_HUMAN,RULE_HARD_DECLINE_COMPLIANCE,0
pay_syn_42_03223,payment_timed_out,netbanking,390924,3909.24,0,0.5525,0,BLIND_RETRY_24H,1,RETRY_LINK_NOW,RULE_HIGH_PROB_IMMEDIATE_RETRY,1
pay_syn_42_03224,fraud_suspected,card,186064,1860.64,0,0.0,0,BLIND_RETRY_24H,0,ESCALATE_HUMAN,RULE_HARD_DECLINE_COMPLIANCE,0
pay_syn_42_03225,card_expired,upi,147398,1473.98,2,0.0,0,BLIND_RETRY_24H,0,STOP,RULE_MAX_RETRIES_EXCEEDED,0
pay_syn_42_03226,authentication_failed,upi,42848,428.48,0,0.5775,1,BLIND_RETRY_24H,0,RETRY_LINK_NOW,RULE_HIGH_PROB_IMMEDIATE_RETRY,1
pay_syn_42_03227,card_expired,upi,343720,3437.2,0,0.0,0,BLIND_RETRY_24H,0,ESCALATE_HUMAN,RULE_HARD_DECLINE_COMPLIANCE,0
pay_syn_42_03228,risk_check_failed,upi,207528,2075.28,0,0.0,0,BLIND_RETRY_24H,0,ESCALATE_HUMAN,RULE_HARD_DECLINE_COMPLIANCE,0
pay_syn_42_03229,authentication_failed,upi,219853,2198.53,0,0.5775,1,BLIND_RETRY_24H,1,RETRY_LINK_NOW,RULE_HIGH_PROB_IMMEDIATE_RETRY,0
pay_syn_42_03230,invalid_otp,upi,100432,1004.32,2,0.4032,0,BLIND_RETRY_24H,0,STOP,RULE_MAX_RETRIES_EXCEEDED,0
pay_syn_42_03231,payment_cancelled,upi,83109,831.09,2,0.1688,0,BLIND_RETRY_24H,0,STOP,RULE_MAX_RETRIES_EXCEEDED,0
pay_syn_42_03232,authentication_failed,card,890502,8905.02,0,0.5225,1,BLIND_RETRY_24H,0,RETRY_LINK_NOW,RULE_HIGH_PROB_IMMEDIATE_RETRY,1
pay_syn_42_03233,payment_timed_out,wallet,81831,818.31,0,0.663,1,BLIND_RETRY_24H,1,RETRY_LINK_NOW,RULE_HIGH_PROB_IMMEDIATE_RETRY,0
pay_syn_42_03234,insufficient_funds,upi,35203,352.03,0,0.3724,1,BLIND_RETRY_24H,1,RETRY_LINK_DELAYED,RULE_LOW_PROB_DELAYED_NUDGE,0
pay_syn_42_03235,payment_cancelled,upi,155533,1555.33,0,0.2583,0,BLIND_RETRY_24H,0,RETRY_LINK_DELAYED,RULE_LOW_PROB_DELAYED_NUDGE,1
pay_syn_42_03236,invalid_otp,upi,126426,1264.26,0,0.63,1,BLIND_RETRY_24H,1,RETRY_LINK_NOW,RULE_HIGH_PROB_IMMEDIATE_RETRY,1
pay_syn_42_03237,invalid_otp,upi,412626,4126.26,0,0.63,1,BLIND_RETRY_24H,1,RETRY_LINK_NOW,RULE_HIGH_PROB_IMMEDIATE_RETRY,0
pay_syn_42_03238,gateway_technical_error,upi,108627,1086.27,0,0.735,1,BLIND_RETRY_24H,0,RETRY_LINK_NOW,RULE_HIGH_PROB_IMMEDIATE_RETRY,0
pay_syn_42_03239,invalid_otp,card,253331,2533.31,0,0.57,0,BLIND_RETRY_24H,0,RETRY_LINK_NOW,RULE_HIGH_PROB_IMMEDIATE_RETRY,0
pay_syn_42_03240,payment_cancelled,upi,633110,6331.1,0,0.2222,1,BLIND_RETRY_24H,0,RETRY_LINK_DELAYED,RULE_LOW_PROB_DELAYED_NUDGE,1
pay_syn_42_03241,payment_timed_out,wallet,194340,1943.4,0,0.663,1,BLIND_RETRY_24H,0,RETRY_LINK_NOW,RULE_HIGH_PROB_IMMEDIATE_RETRY,0
pay_syn_42_03242,insufficient_funds,upi,44951,449.51,0,0.3717,0,BLIND_RETRY_24H,0,RETRY_LINK_DELAYED,RULE_LOW_PROB_DELAYED_NUDGE,0
pay_syn_42_03243,authentication_failed,upi,19134,191.34,1,0.462,0,BLIND_RETRY_24H,0,RETRY_LINK_NOW,RULE_HIGH_PROB_IMMEDIATE_RETRY,1
pay_syn_42_03244,insufficient_funds,upi,200504,2005.04,2,0.2303,0,BLIND_RETRY_24H,0,STOP,RULE_MAX_RETRIES_EXCEEDED,0
pay_syn_42_03245,gateway_technical_error,upi,87808,878.08,0,0.735,1,BLIND_RETRY_24H,0,RETRY_LINK_NOW,RULE_HIGH_PROB_IMMEDIATE_RETRY,1
pay_syn_42_03246,invalid_otp,upi,167323,1673.23,0,0.63,1,BLIND_RETRY_24H,1,RETRY_LINK_NOW,RULE_HIGH_PROB_IMMEDIATE_RETRY,0
pay_syn_42_03247,invalid_otp,upi,127439,1274.39,0,0.63,1,BLIND_RETRY_24H,0,RETRY_LINK_NOW,RULE_HIGH_PROB_IMMEDIATE_RETRY,1
pay_syn_42_03248,payment_timed_out,upi,34502,345.02,0,0.6825,1,BLIND_RETRY_24H,0,RETRY_LINK_NOW,RULE_HIGH_PROB_IMMEDIATE_RETRY,1
pay_syn_42_03249,invalid_otp,upi,107991,1079.91,0,0.63,1,BLIND_RETRY_24H,0,RETRY_LINK_NOW,RULE_HIGH_PROB_IMMEDIATE_RETRY,0
pay_syn_42_03250,insufficient_funds,upi,42560,425.6,0,0.3718,0,BLIND_RETRY_24H,0,RETRY_LINK_DELAYED,RULE_LOW_PROB_DELAYED_NUDGE,0
pay_syn_42_03251,card_expired,upi,75708,757.08,0,0.0,0,BLIND_RETRY_24H,0,ESCALATE_HUMAN,RULE_HARD_DECLINE_COMPLIANCE,0
pay_syn_42_03252,authentication_failed,upi,342385,3423.85,2,0.3696,1,BLIND_RETRY_24H,1,STOP,RULE_MAX_RETRIES_EXCEEDED,0
pay_syn_42_03253,insufficient_funds,upi,138350,1383.5,0,0.3646,1,BLIND_RETRY_24H,0,RETRY_LINK_DELAYED,RULE_LOW_PROB_DELAYED_NUDGE,1
pay_syn_42_03254,invalid_otp,upi,236447,2364.47,0,0.63,1,BLIND_RETRY_24H,1,RETRY_LINK_NOW,RULE_HIGH_PROB_IMMEDIATE_RETRY,1
pay_syn_42_03255,insufficient_funds,netbanking,150708,1507.08,0,0.2944,0,BLIND_RETRY_24H,0,RETRY_LINK_DELAYED,RULE_LOW_PROB_DELAYED_NUDGE,0
pay_syn_42_03256,payment_cancelled,card,94319,943.19,0,0.2379,0,BLIND_RETRY_24H,0,RETRY_LINK_DELAYED,RULE_LOW_PROB_DELAYED_NUDGE,0
pay_syn_42_03257,payment_timed_out,upi,167838,1678.38,0,0.6825,1,BLIND_RETRY_24H,0,RETRY_LINK_NOW,RULE_HIGH_PROB_IMMEDIATE_RETRY,1
pay_syn_42_03258,insufficient_funds,upi,22459,224.59,0,0.3734,0,BLIND_RETRY_24H,0,RETRY_LINK_DELAYED,RULE_LOW_PROB_DELAYED_NUDGE,0
pay_syn_42_03259,payment_cancelled,upi,288519,2885.19,0,0.2482,1,BLIND_RETRY_24H,0,RETRY_LINK_DELAYED,RULE_LOW_PROB_DELAYED_NUDGE,0
pay_syn_42_03260,gateway_technical_error,card,53395,533.95,1,0.532,0,BLIND_RETRY_24H,0,RETRY_LINK_NOW,RULE_HIGH_PROB_IMMEDIATE_RETRY,0
pay_syn_42_03261,authentication_failed,upi,220234,2202.34,0,0.5775,0,BLIND_RETRY_24H,1,RETRY_LINK_NOW,RULE_HIGH_PROB_IMMEDIATE_RETRY,1
pay_syn_42_03262,payment_cancelled,card,90545,905.45,0,0.2381,0,BLIND_RETRY_24H,0,RETRY_LINK_DELAYED,RULE_LOW_PROB_DELAYED_NUDGE,1
pay_syn_42_03263,gateway_technical_error,upi,34523,345.23,0,0.735,1,BLIND_RETRY_24H,0,RETRY_LINK_NOW,RULE_HIGH_PROB_IMMEDIATE_RETRY,0
pay_syn_42_03264,invalid_otp,upi,63084,630.84,1,0.504,1,BLIND_RETRY_24H,1,RETRY_LINK_NOW,RULE_HIGH_PROB_IMMEDIATE_RETRY,1
pay_syn_42_03265,insufficient_funds,card,221511,2215.11,0,0.3242,0,BLIND_RETRY_24H,0,RETRY_LINK_DELAYED,RULE_LOW_PROB_DELAYED_NUDGE,0
pay_syn_42_03266,payment_timed_out,upi,1346762,13467.62,1,0.546,1,BLIND_RETRY_24H,1,ESCALATE_HUMAN,RULE_HIGH_AMOUNT_ESCALATION,1
pay_syn_42_03267,authentication_failed,upi,119074,1190.74,0,0.5775,1,BLIND_RETRY_24H,0,RETRY_LINK_NOW,RULE_HIGH_PROB_IMMEDIATE_RETRY,0
pay_syn_42_03268,card_expired,upi,1134429,11344.29,0,0.0,0,BLIND_RETRY_24H,0,ESCALATE_HUMAN,RULE_HARD_DECLINE_COMPLIANCE,0
pay_syn_42_03269,risk_check_failed,upi,22406,224.06,0,0.0,0,BLIND_RETRY_24H,0,ESCALATE_HUMAN,RULE_HARD_DECLINE_COMPLIANCE,0
pay_syn_42_03270,insufficient_funds,upi,8501,85.01,0,0.3744,0,BLIND_RETRY_24H,0,RETRY_LINK_DELAYED,RULE_LOW_PROB_DELAYED_NUDGE,0
pay_syn_42_03271,insufficient_funds,upi,97914,979.14,0,0.3677,0,BLIND_RETRY_24H,0,RETRY_LINK_DELAYED,RULE_LOW_PROB_DELAYED_NUDGE,1
pay_syn_42_03272,payment_timed_out,upi,119176,1191.76,1,0.546,1,BLIND_RETRY_24H,1,RETRY_LINK_NOW,RULE_HIGH_PROB_IMMEDIATE_RETRY,1
pay_syn_42_03273,authentication_failed,upi,234757,2347.57,0,0.5775,0,BLIND_RETRY_24H,0,RETRY_LINK_NOW,RULE_HIGH_PROB_IMMEDIATE_RETRY,1
pay_syn_42_03274,invalid_otp,wallet,65570,655.7,1,0.4896,0,BLIND_RETRY_24H,0,RETRY_LINK_NOW,RULE_HIGH_PROB_IMMEDIATE_RETRY,0
pay_syn_42_03275,payment_cancelled,upi,185336,1853.36,1,0.2048,0,BLIND_RETRY_24H,0,RETRY_LINK_DELAYED,RULE_LOW_PROB_DELAYED_NUDGE,0
pay_syn_42_03276,insufficient_funds,card,103065,1030.65,0,0.3323,0,BLIND_RETRY_24H,0,RETRY_LINK_DELAYED,RULE_LOW_PROB_DELAYED_NUDGE,0
pay_syn_42_03277,invalid_otp,card,488978,4889.78,0,0.57,1,BLIND_RETRY_24H,0,RETRY_LINK_NOW,RULE_HIGH_PROB_IMMEDIATE_RETRY,1
pay_syn_42_03278,payment_cancelled,card,155685,1556.85,0,0.2337,0,BLIND_RETRY_24H,0,RETRY_LINK_DELAYED,RULE_LOW_PROB_DELAYED_NUDGE,0
pay_syn_42_03279,payment_cancelled,upi,2619517,26195.17,0,0.072,0,BLIND_RETRY_24H,0,ESCALATE_HUMAN,RULE_HIGH_AMOUNT_ESCALATION,0
pay_syn_42_03280,invalid_otp,card,103927,1039.27,2,0.3648,0,BLIND_RETRY_24H,0,STOP,RULE_MAX_RETRIES_EXCEEDED,0
pay_syn_42_03281,authentication_failed,card,450769,4507.69,0,0.5225,1,BLIND_RETRY_24H,0,RETRY_LINK_NOW,RULE_HIGH_PROB_IMMEDIATE_RETRY,1
pay_syn_42_03282,insufficient_funds,upi,654291,6542.91,0,0.3256,0,BLIND_RETRY_24H,1,RETRY_LINK_DELAYED,RULE_LOW_PROB_DELAYED_NUDGE,0
pay_syn_42_03283,invalid_otp,upi,9194,91.94,0,0.63,1,BLIND_RETRY_24H,0,RETRY_LINK_NOW,RULE_HIGH_PROB_IMMEDIATE_RETRY,0
pay_syn_42_03284,insufficient_funds,upi,284290,2842.9,0,0.3536,1,BLIND_RETRY_24H,0,RETRY_LINK_DELAYED,RULE_LOW_PROB_DELAYED_NUDGE,1
pay_syn_42_03285,insufficient_funds,netbanking,33873,338.73,0,0.3015,0,BLIND_RETRY_24H,0,RETRY_LINK_DELAYED,RULE_LOW_PROB_DELAYED_NUDGE,0
pay_syn_42_03286,gateway_technical_error,netbanking,100048,1000.48,2,0.3808,0,BLIND_RETRY_24H,1,STOP,RULE_MAX_RETRIES_EXCEEDED,0
pay_syn_42_03287,authentication_failed,card,39296,392.96,0,0.5225,1,BLIND_RETRY_24H,0,RETRY_LINK_NOW,RULE_HIGH_PROB_IMMEDIATE_RETRY,1
pay_syn_42_03288,risk_check_failed,upi,499705,4997.05,1,0.0,0,BLIND_RETRY_24H,0,ESCALATE_HUMAN,RULE_HARD_DECLINE_COMPLIANCE,0
pay_syn_42_03289,authentication_failed,upi,69466,694.66,0,0.5775,0,BLIND_RETRY_24H,0,RETRY_LINK_NOW,RULE_HIGH_PROB_IMMEDIATE_RETRY,1
pay_syn_42_03290,invalid_otp,upi,21232,212.32,0,0.63,1,BLIND_RETRY_24H,1,RETRY_LINK_NOW,RULE_HIGH_PROB_IMMEDIATE_RETRY,1
pay_syn_42_03291,invalid_otp,card,159822,1598.22,0,0.57,1,BLIND_RETRY_24H,1,RETRY_LINK_NOW,RULE_HIGH_PROB_IMMEDIATE_RETRY,0
pay_syn_42_03292,insufficient_funds,card,599299,5992.99,0,0.2983,1,BLIND_RETRY_24H,0,RETRY_LINK_DELAYED,RULE_LOW_PROB_DELAYED_NUDGE,0
pay_syn_42_03293,payment_cancelled,upi,39802,398.02,0,0.2671,1,BLIND_RETRY_24H,0,RETRY_LINK_DELAYED,RULE_LOW_PROB_DELAYED_NUDGE,1
pay_syn_42_03294,bank_account_invalid,card,330307,3303.07,0,0.0,0,BLIND_RETRY_24H,0,ESCALATE_HUMAN,RULE_HARD_DECLINE_COMPLIANCE,0
pay_syn_42_03295,authentication_failed,card,16482,164.82,0,0.5225,1,BLIND_RETRY_24H,0,RETRY_LINK_NOW,RULE_HIGH_PROB_IMMEDIATE_RETRY,0
pay_syn_42_03296,bank_account_invalid,card,656071,6560.71,0,0.0,0,BLIND_RETRY_24H,0,ESCALATE_HUMAN,RULE_HARD_DECLINE_COMPLIANCE,0
pay_syn_42_03297,gateway_technical_error,upi,198660,1986.6,2,0.4704,1,BLIND_RETRY_24H,0,STOP,RULE_MAX_RETRIES_EXCEEDED,0
pay_syn_42_03298,invalid_otp,card,35917,359.17,0,0.57,1,BLIND_RETRY_24H,1,RETRY_LINK_NOW,RULE_HIGH_PROB_IMMEDIATE_RETRY,0
pay_syn_42_03299,gateway_technical_error,card,296045,2960.45,0,0.665,1,BLIND_RETRY_24H,0,RETRY_LINK_NOW,RULE_HIGH_PROB_IMMEDIATE_RETRY,1
pay_syn_42_03300,gateway_technical_error,upi,73531,735.31,2,0.4704,0,BLIND_RETRY_24H,0,STOP,RULE_MAX_RETRIES_EXCEEDED,0
pay_syn_42_03301,authentication_failed,card,48609,486.09,2,0.3344,1,BLIND_RETRY_24H,0,STOP,RULE_MAX_RETRIES_EXCEEDED,0
pay_syn_42_03302,payment_cancelled,card,71915,719.15,0,0.2394,0,BLIND_RETRY_24H,0,RETRY_LINK_DELAYED,RULE_LOW_PROB_DELAYED_NUDGE,0
pay_syn_42_03303,card_expired,upi,262692,2626.92,1,0.0,0,BLIND_RETRY_24H,0,ESCALATE_HUMAN,RULE_HARD_DECLINE_COMPLIANCE,0
pay_syn_42_03304,payment_cancelled,upi,45648,456.48,0,0.2666,0,BLIND_RETRY_24H,0,RETRY_LINK_DELAYED,RULE_LOW_PROB_DELAYED_NUDGE,1
pay_syn_42_03305,insufficient_funds,upi,11606,116.06,1,0.2993,1,BLIND_RETRY_24H,0,RETRY_LINK_DELAYED,RULE_LOW_PROB_DELAYED_NUDGE,1
pay_syn_42_03306,gateway_technical_error,card,75758,757.58,0,0.665,1,BLIND_RETRY_24H,0,RETRY_LINK_NOW,RULE_HIGH_PROB_IMMEDIATE_RETRY,1
pay_syn_42_03307,payment_cancelled,netbanking,525926,5259.26,0,0.1864,0,BLIND_RETRY_24H,0,RETRY_LINK_DELAYED,RULE_LOW_PROB_DELAYED_NUDGE,1
pay_syn_42_03308,insufficient_funds,upi,517106,5171.06,2,0.215,0,BLIND_RETRY_24H,1,STOP,RULE_MAX_RETRIES_EXCEEDED,0
pay_syn_42_03309,insufficient_funds,upi,71811,718.11,0,0.3696,1,BLIND_RETRY_24H,0,RETRY_LINK_DELAYED,RULE_LOW_PROB_DELAYED_NUDGE,0
pay_syn_42_03310,invalid_otp,upi,69242,692.42,0,0.63,0,BLIND_RETRY_24H,0,RETRY_LINK_NOW,RULE_HIGH_PROB_IMMEDIATE_RETRY,1
pay_syn_42_03311,payment_timed_out,card,65012,650.12,1,0.494,1,BLIND_RETRY_24H,0,RETRY_LINK_NOW,RULE_HIGH_PROB_IMMEDIATE_RETRY,1
pay_syn_42_03312,payment_timed_out,upi,62173,621.73,0,0.6825,1,BLIND_RETRY_24H,0,RETRY_LINK_NOW,RULE_HIGH_PROB_IMMEDIATE_RETRY,1
pay_syn_42_03313,insufficient_funds,upi,66574,665.74,1,0.296,1,BLIND_RETRY_24H,0,RETRY_LINK_DELAYED,RULE_LOW_PROB_DELAYED_NUDGE,1
pay_syn_42_03314,card_expired,upi,168438,1684.38,0,0.0,0,BLIND_RETRY_24H,0,ESCALATE_HUMAN,RULE_HARD_DECLINE_COMPLIANCE,0
pay_syn_42_03315,insufficient_funds,upi,542174,5421.74,0,0.3341,0,BLIND_RETRY_24H,0,RETRY_LINK_DELAYED,RULE_LOW_PROB_DELAYED_NUDGE,0
pay_syn_42_03316,payment_cancelled,netbanking,45574,455.74,0,0.2158,0,BLIND_RETRY_24H,0,RETRY_LINK_DELAYED,RULE_LOW_PROB_DELAYED_NUDGE,0
pay_syn_42_03317,authentication_failed,card,54504,545.04,0,0.5225,0,BLIND_RETRY_24H,0,RETRY_LINK_NOW,RULE_HIGH_PROB_IMMEDIATE_RETRY,0
pay_syn_42_03318,authentication_failed,upi,190726,1907.26,0,0.5775,1,BLIND_RETRY_24H,1,RETRY_LINK_NOW,RULE_HIGH_PROB_IMMEDIATE_RETRY,0
pay_syn_42_03319,insufficient_funds,upi,280602,2806.02,0,0.3538,0,BLIND_RETRY_24H,0,RETRY_LINK_DELAYED,RULE_LOW_PROB_DELAYED_NUDGE,0
pay_syn_42_03320,invalid_otp,upi,25710,257.1,0,0.63,0,BLIND_RETRY_24H,0,RETRY_LINK_NOW,RULE_HIGH_PROB_IMMEDIATE_RETRY,1
pay_syn_42_03321,gateway_technical_error,card,26331,263.31,0,0.665,1,BLIND_RETRY_24H,0,RETRY_LINK_NOW,RULE_HIGH_PROB_IMMEDIATE_RETRY,1
pay_syn_42_03322,gateway_technical_error,upi,842950,8429.5,0,0.735,1,BLIND_RETRY_24H,1,RETRY_LINK_NOW,RULE_HIGH_PROB_IMMEDIATE_RETRY,1
pay_syn_42_03323,invalid_otp,upi,11076,110.76,2,0.4032,0,BLIND_RETRY_24H,0,STOP,RULE_MAX_RETRIES_EXCEEDED,0
pay_syn_42_03324,bank_account_invalid,upi,91064,910.64,0,0.0,0,BLIND_RETRY_24H,0,ESCALATE_HUMAN,RULE_HARD_DECLINE_COMPLIANCE,0
pay_syn_42_03325,gateway_technical_error,card,28744,287.44,2,0.4256,0,BLIND_RETRY_24H,0,STOP,RULE_MAX_RETRIES_EXCEEDED,0
pay_syn_42_03326,gateway_technical_error,upi,25156,251.56,1,0.588,0,BLIND_RETRY_24H,0,RETRY_LINK_NOW,RULE_HIGH_PROB_IMMEDIATE_RETRY,0
pay_syn_42_03327,card_lost_or_stolen,upi,23787,237.87,0,0.0,0,BLIND_RETRY_24H,0,ESCALATE_HUMAN,RULE_HARD_DECLINE_COMPLIANCE,0
pay_syn_42_03328,gateway_technical_error,card,440135,4401.35,0,0.665,1,BLIND_RETRY_24H,0,RETRY_LINK_NOW,RULE_HIGH_PROB_IMMEDIATE_RETRY,0
pay_syn_42_03329,authentication_failed,netbanking,139590,1395.9,0,0.4675,1,BLIND_RETRY_24H,1,RETRY_LINK_NOW,RULE_HIGH_PROB_IMMEDIATE_RETRY,0
pay_syn_42_03330,gateway_technical_error,upi,445145,4451.45,0,0.735,1,BLIND_RETRY_24H,0,RETRY_LINK_NOW,RULE_HIGH_PROB_IMMEDIATE_RETRY,1
pay_syn_42_03331,invalid_otp,card,113324,1133.24,0,0.57,1,BLIND_RETRY_24H,0,RETRY_LINK_NOW,RULE_HIGH_PROB_IMMEDIATE_RETRY,0
pay_syn_42_03332,insufficient_funds,card,429909,4299.09,2,0.1984,1,BLIND_RETRY_24H,0,STOP,RULE_MAX_RETRIES_EXCEEDED,0
pay_syn_42_03333,insufficient_funds,card,110351,1103.51,0,0.3318,0,BLIND_RETRY_24H,1,RETRY_LINK_DELAYED,RULE_LOW_PROB_DELAYED_NUDGE,0
pay_syn_42_03334,gateway_technical_error,netbanking,5518,55.18,1,0.476,0,BLIND_RETRY_24H,1,RETRY_LINK_NOW,RULE_HIGH_PROB_IMMEDIATE_RETRY,1
pay_syn_42_03335,insufficient_funds,card,233627,2336.27,0,0.3234,0,BLIND_RETRY_24H,0,RETRY_LINK_DELAYED,RULE_LOW_PROB_DELAYED_NUDGE,0
pay_syn_42_03336,risk_check_failed,netbanking,121759,1217.59,0,0.0,0,BLIND_RETRY_24H,0,ESCALATE_HUMAN,RULE_HARD_DECLINE_COMPLIANCE,0
pay_syn_42_03337,insufficient_funds,upi,103441,1034.41,0,0.3672,1,BLIND_RETRY_24H,0,RETRY_LINK_DELAYED,RULE_LOW_PROB_DELAYED_NUDGE,0
pay_syn_42_03338,stolen_card,upi,50126,501.26,0,0.0,0,BLIND_RETRY_24H,0,ESCALATE_HUMAN,RULE_HARD_DECLINE_COMPLIANCE,0
pay_syn_42_03339,gateway_technical_error,upi,272570,2725.7,0,0.735,1,BLIND_RETRY_24H,0,RETRY_LINK_NOW,RULE_HIGH_PROB_IMMEDIATE_RETRY,1
pay_syn_42_03340,invalid_otp,upi,39983,399.83,1,0.504,0,BLIND_RETRY_24H,0,RETRY_LINK_DELAYED,RULE_LOW_PROB_DELAYED_NUDGE,0
pay_syn_42_03341,fraud_suspected,upi,272041,2720.41,0,0.0,0,BLIND_RETRY_24H,0,ESCALATE_HUMAN,RULE_HARD_DECLINE_COMPLIANCE,0
pay_syn_42_03342,payment_cancelled,card,146585,1465.85,0,0.2343,0,BLIND_RETRY_24H,0,RETRY_LINK_DELAYED,RULE_LOW_PROB_DELAYED_NUDGE,0
pay_syn_42_03343,card_expired,card,280632,2806.32,1,0.0,0,BLIND_RETRY_24H,0,ESCALATE_HUMAN,RULE_HARD_DECLINE_COMPLIANCE,0
pay_syn_42_03344,insufficient_funds,upi,160892,1608.92,1,0.2903,0,BLIND_RETRY_24H,0,RETRY_LINK_DELAYED,RULE_LOW_PROB_DELAYED_NUDGE,0
pay_syn_42_03345,insufficient_funds,upi,491029,4910.29,0,0.3379,1,BLIND_RETRY_24H,0,RETRY_LINK_DELAYED,RULE_LOW_PROB_DELAYED_NUDGE,0
pay_syn_42_03346,gateway_technical_error,upi,208725,2087.25,1,0.588,1,BLIND_RETRY_24H,0,RETRY_LINK_NOW,RULE_HIGH_PROB_IMMEDIATE_RETRY,0
pay_syn_42_03347,risk_check_failed,upi,149998,1499.98,0,0.0,0,BLIND_RETRY_24H,0,ESCALATE_HUMAN,RULE_HARD_DECLINE_COMPLIANCE,0
pay_syn_42_03348,invalid_otp,upi,10506,105.06,0,0.63,0,BLIND_RETRY_24H,1,RETRY_LINK_NOW,RULE_HIGH_PROB_IMMEDIATE_RETRY,1
pay_syn_42_03349,insufficient_funds,upi,516540,5165.4,1,0.2688,0,BLIND_RETRY_24H,0,RETRY_LINK_DELAYED,RULE_LOW_PROB_DELAYED_NUDGE,0
pay_syn_42_03350,card_expired,card,23541,235.41,0,0.0,0,BLIND_RETRY_24H,0,ESCALATE_HUMAN,RULE_HARD_DECLINE_COMPLIANCE,0
pay_syn_42_03351,risk_check_failed,upi,31326,313.26,0,0.0,0,BLIND_RETRY_24H,0,ESCALATE_HUMAN,RULE_HARD_DECLINE_COMPLIANCE,0
pay_syn_42_03352,payment_cancelled,upi,312923,3129.23,0,0.2464,1,BLIND_RETRY_24H,0,RETRY_LINK_DELAYED,RULE_LOW_PROB_DELAYED_NUDGE,1
pay_syn_42_03353,payment_timed_out,upi,134107,1341.07,0,0.6825,0,BLIND_RETRY_24H,0,RETRY_LINK_NOW,RULE_HIGH_PROB_IMMEDIATE_RETRY,0
pay_syn_42_03354,insufficient_funds,upi,24497,244.97,0,0.3732,0,BLIND_RETRY_24H,0,RETRY_LINK_DELAYED,RULE_LOW_PROB_DELAYED_NUDGE,0
pay_syn_42_03355,insufficient_funds,upi,69143,691.43,0,0.3698,0,BLIND_RETRY_24H,1,RETRY_LINK_DELAYED,RULE_LOW_PROB_DELAYED_NUDGE,1
pay_syn_42_03356,gateway_technical_error,upi,482955,4829.55,0,0.735,1,BLIND_RETRY_24H,1,RETRY_LINK_NOW,RULE_HIGH_PROB_IMMEDIATE_RETRY,1
pay_syn_42_03357,authentication_failed,card,155660,1556.6,0,0.5225,1,BLIND_RETRY_24H,0,RETRY_LINK_NOW,RULE_HIGH_PROB_IMMEDIATE_RETRY,1
pay_syn_42_03358,bank_account_invalid,upi,137736,1377.36,0,0.0,0,BLIND_RETRY_24H,0,ESCALATE_HUMAN,RULE_HARD_DECLINE_COMPLIANCE,0
pay_syn_42_03359,stolen_card,card,60897,608.97,0,0.0,0,BLIND_RETRY_24H,0,ESCALATE_HUMAN,RULE_HARD_DECLINE_COMPLIANCE,0
pay_syn_42_03360,insufficient_funds,upi,326349,3263.49,0,0.3504,0,BLIND_RETRY_24H,0,RETRY_LINK_DELAYED,RULE_LOW_PROB_DELAYED_NUDGE,1
pay_syn_42_03361,insufficient_funds,upi,116976,1169.76,0,0.3662,0,BLIND_RETRY_24H,0,RETRY_LINK_DELAYED,RULE_LOW_PROB_DELAYED_NUDGE,0
pay_syn_42_03362,card_expired,card,259889,2598.89,0,0.0,0,BLIND_RETRY_24H,0,ESCALATE_HUMAN,RULE_HARD_DECLINE_COMPLIANCE,0
pay_syn_42_03363,payment_timed_out,upi,54796,547.96,0,0.6825,1,BLIND_RETRY_24H,0,RETRY_LINK_NOW,RULE_HIGH_PROB_IMMEDIATE_RETRY,1
pay_syn_42_03364,fraud_suspected,upi,1357286,13572.86,1,0.0,0,BLIND_RETRY_24H,0,ESCALATE_HUMAN,RULE_HARD_DECLINE_COMPLIANCE,0
pay_syn_42_03365,payment_timed_out,upi,603232,6032.32,1,0.546,0,BLIND_RETRY_24H,0,RETRY_LINK_NOW,RULE_HIGH_PROB_IMMEDIATE_RETRY,1
pay_syn_42_03366,payment_timed_out,wallet,153839,1538.39,0,0.663,0,BLIND_RETRY_24H,0,RETRY_LINK_NOW,RULE_HIGH_PROB_IMMEDIATE_RETRY,0
pay_syn_42_03367,insufficient_funds,upi,194254,1942.54,0,0.3604,0,BLIND_RETRY_24H,0,RETRY_LINK_DELAYED,RULE_LOW_PROB_DELAYED_NUDGE,0
pay_syn_42_03368,authentication_failed,upi,69822,698.22,0,0.5775,0,BLIND_RETRY_24H,1,RETRY_LINK_NOW,RULE_HIGH_PROB_IMMEDIATE_RETRY,0
pay_syn_42_03369,invalid_otp,card,284820,2848.2,0,0.57,1,BLIND_RETRY_24H,1,RETRY_LINK_NOW,RULE_HIGH_PROB_IMMEDIATE_RETRY,0
pay_syn_42_03370,payment_timed_out,card,12532,125.32,0,0.6175,0,BLIND_RETRY_24H,0,RETRY_LINK_NOW,RULE_HIGH_PROB_IMMEDIATE_RETRY,1
pay_syn_42_03371,card_expired,upi,825555,8255.55,0,0.0,0,BLIND_RETRY_24H,0,ESCALATE_HUMAN,RULE_HARD_DECLINE_COMPLIANCE,0
pay_syn_42_03372,payment_timed_out,upi,265818,2658.18,0,0.6825,0,BLIND_RETRY_24H,0,RETRY_LINK_NOW,RULE_HIGH_PROB_IMMEDIATE_RETRY,1
pay_syn_42_03373,gateway_technical_error,upi,44662,446.62,0,0.735,1,BLIND_RETRY_24H,1,RETRY_LINK_NOW,RULE_HIGH_PROB_IMMEDIATE_RETRY,1
pay_syn_42_03374,invalid_otp,upi,798709,7987.09,0,0.63,1,BLIND_RETRY_24H,0,RETRY_LINK_NOW,RULE_HIGH_PROB_IMMEDIATE_RETRY,0
pay_syn_42_03375,card_expired,netbanking,1197417,11974.17,1,0.0,0,BLIND_RETRY_24H,0,ESCALATE_HUMAN,RULE_HARD_DECLINE_COMPLIANCE,0
pay_syn_42_03376,payment_cancelled,upi,206359,2063.59,1,0.2036,0,BLIND_RETRY_24H,0,RETRY_LINK_DELAYED,RULE_LOW_PROB_DELAYED_NUDGE,0
pay_syn_42_03377,invalid_otp,card,55734,557.34,0,0.57,1,BLIND_RETRY_24H,0,RETRY_LINK_NOW,RULE_HIGH_PROB_IMMEDIATE_RETRY,1
pay_syn_42_03378,invalid_otp,card,140111,1401.11,1,0.456,0,BLIND_RETRY_24H,1,RETRY_LINK_NOW,RULE_HIGH_PROB_IMMEDIATE_RETRY,1
pay_syn_42_03379,gateway_technical_error,upi,242005,2420.05,0,0.735,1,BLIND_RETRY_24H,1,RETRY_LINK_NOW,RULE_HIGH_PROB_IMMEDIATE_RETRY,1
pay_syn_42_03380,payment_cancelled,card,187625,1876.25,1,0.1852,0,BLIND_RETRY_24H,0,RETRY_LINK_DELAYED,RULE_LOW_PROB_DELAYED_NUDGE,0
pay_syn_42_03381,card_lost_or_stolen,upi,44669,446.69,0,0.0,0,BLIND_RETRY_24H,0,ESCALATE_HUMAN,RULE_HARD_DECLINE_COMPLIANCE,0
pay_syn_42_03382,insufficient_funds,upi,237006,2370.06,0,0.3571,0,BLIND_RETRY_24H,0,RETRY_LINK_DELAYED,RULE_LOW_PROB_DELAYED_NUDGE,1
pay_syn_42_03383,invalid_otp,card,475957,4759.57,2,0.3648,1,BLIND_RETRY_24H,1,STOP,RULE_MAX_RETRIES_EXCEEDED,0
pay_syn_42_03384,gateway_technical_error,upi,35102,351.02,1,0.588,0,BLIND_RETRY_24H,0,RETRY_LINK_NOW,RULE_HIGH_PROB_IMMEDIATE_RETRY,0
pay_syn_42_03385,card_blocked,upi,39328,393.28,0,0.0,0,BLIND_RETRY_24H,0,ESCALATE_HUMAN,RULE_HARD_DECLINE_COMPLIANCE,0
pay_syn_42_03386,insufficient_funds,upi,66913,669.13,0,0.37,1,BLIND_RETRY_24H,0,RETRY_LINK_DELAYED,RULE_LOW_PROB_DELAYED_NUDGE,0
pay_syn_42_03387,insufficient_funds,upi,105832,1058.32,0,0.3671,1,BLIND_RETRY_24H,0,RETRY_LINK_DELAYED,RULE_LOW_PROB_DELAYED_NUDGE,0
pay_syn_42_03388,payment_cancelled,card,336395,3363.95,0,0.2213,0,BLIND_RETRY_24H,0,RETRY_LINK_DELAYED,RULE_LOW_PROB_DELAYED_NUDGE,0
pay_syn_42_03389,gateway_technical_error,upi,469416,4694.16,0,0.735,0,BLIND_RETRY_24H,1,RETRY_LINK_NOW,RULE_HIGH_PROB_IMMEDIATE_RETRY,1
pay_syn_42_03390,payment_timed_out,upi,53336,533.36,0,0.6825,1,BLIND_RETRY_24H,0,RETRY_LINK_NOW,RULE_HIGH_PROB_IMMEDIATE_RETRY,1
pay_syn_42_03391,invalid_otp,upi,166832,1668.32,2,0.4032,1,BLIND_RETRY_24H,0,STOP,RULE_MAX_RETRIES_EXCEEDED,0
pay_syn_42_03392,authentication_failed,card,446309,4463.09,0,0.5225,0,BLIND_RETRY_24H,0,RETRY_LINK_NOW,RULE_HIGH_PROB_IMMEDIATE_RETRY,1
pay_syn_42_03393,gateway_technical_error,netbanking,1471199,14711.99,0,0.595,0,BLIND_RETRY_24H,0,ESCALATE_HUMAN,RULE_HIGH_AMOUNT_ESCALATION,0
pay_syn_42_03394,insufficient_funds,upi,165866,1658.66,0,0.3625,0,BLIND_RETRY_24H,0,RETRY_LINK_DELAYED,RULE_LOW_PROB_DELAYED_NUDGE,0
pay_syn_42_03395,payment_timed_out,card,176234,1762.34,0,0.6175,1,BLIND_RETRY_24H,0,RETRY_LINK_NOW,RULE_HIGH_PROB_IMMEDIATE_RETRY,0
pay_syn_42_03396,card_expired,upi,207798,2077.98,0,0.0,0,BLIND_RETRY_24H,0,ESCALATE_HUMAN,RULE_HARD_DECLINE_COMPLIANCE,0
pay_syn_42_03397,payment_timed_out,card,94432,944.32,0,0.6175,1,BLIND_RETRY_24H,0,RETRY_LINK_NOW,RULE_HIGH_PROB_IMMEDIATE_RETRY,1
pay_syn_42_03398,gateway_technical_error,upi,152269,1522.69,0,0.735,1,BLIND_RETRY_24H,0,RETRY_LINK_NOW,RULE_HIGH_PROB_IMMEDIATE_RETRY,1
pay_syn_42_03399,card_expired,upi,15414,154.14,0,0.0,0,BLIND_RETRY_24H,0,ESCALATE_HUMAN,RULE_HARD_DECLINE_COMPLIANCE,0
pay_syn_42_03400,insufficient_funds,upi,70217,702.17,0,0.3698,1,BLIND_RETRY_24H,0,RETRY_LINK_DELAYED,RULE_LOW_PROB_DELAYED_NUDGE,0
pay_syn_42_03401,payment_timed_out,upi,232796,2327.96,0,0.6825,1,BLIND_RETRY_24H,1,RETRY_LINK_NOW,RULE_HIGH_PROB_IMMEDIATE_RETRY,1
pay_syn_42_03402,card_expired,upi,50279,502.79,0,0.0,0,BLIND_RETRY_24H,0,ESCALATE_HUMAN,RULE_HARD_DECLINE_COMPLIANCE,0
pay_syn_42_03403,insufficient_funds,upi,345922,3459.22,0,0.3489,1,BLIND_RETRY_24H,0,RETRY_LINK_DELAYED,RULE_LOW_PROB_DELAYED_NUDGE,0
pay_syn_42_03404,authentication_failed,upi,20758,207.58,0,0.5775,1,BLIND_RETRY_24H,0,RETRY_LINK_NOW,RULE_HIGH_PROB_IMMEDIATE_RETRY,1
pay_syn_42_03405,invalid_otp,upi,330191,3301.91,1,0.504,0,BLIND_RETRY_24H,0,RETRY_LINK_DELAYED,RULE_LOW_PROB_DELAYED_NUDGE,1
pay_syn_42_03406,invalid_otp,card,329130,3291.3,1,0.456,0,BLIND_RETRY_24H,0,RETRY_LINK_DELAYED,RULE_LOW_PROB_DELAYED_NUDGE,1
pay_syn_42_03407,payment_timed_out,upi,1509646,15096.46,1,0.546,1,BLIND_RETRY_24H,0,ESCALATE_HUMAN,RULE_HIGH_AMOUNT_ESCALATION,1
pay_syn_42_03408,invalid_otp,upi,90533,905.33,0,0.63,1,BLIND_RETRY_24H,0,RETRY_LINK_NOW,RULE_HIGH_PROB_IMMEDIATE_RETRY,1
pay_syn_42_03409,authentication_failed,wallet,134235,1342.35,0,0.561,1,BLIND_RETRY_24H,1,RETRY_LINK_NOW,RULE_HIGH_PROB_IMMEDIATE_RETRY,1
pay_syn_42_03410,payment_timed_out,upi,723120,7231.2,2,0.4368,1,BLIND_RETRY_24H,1,STOP,RULE_MAX_RETRIES_EXCEEDED,0
pay_syn_42_03411,bank_account_invalid,upi,609302,6093.02,0,0.0,0,BLIND_RETRY_24H,0,ESCALATE_HUMAN,RULE_HARD_DECLINE_COMPLIANCE,0
pay_syn_42_03412,payment_cancelled,upi,411354,4113.54,1,0.1912,0,BLIND_RETRY_24H,0,RETRY_LINK_DELAYED,RULE_LOW_PROB_DELAYED_NUDGE,0
pay_syn_42_03413,authentication_failed,upi,194952,1949.52,0,0.5775,0,BLIND_RETRY_24H,1,RETRY_LINK_NOW,RULE_HIGH_PROB_IMMEDIATE_RETRY,1
pay_syn_42_03414,payment_timed_out,card,697650,6976.5,0,0.6175,1,BLIND_RETRY_24H,0,RETRY_LINK_NOW,RULE_HIGH_PROB_IMMEDIATE_RETRY,1
pay_syn_42_03415,payment_cancelled,upi,2449473,24494.73,2,0.0543,0,BLIND_RETRY_24H,0,STOP,RULE_MAX_RETRIES_EXCEEDED,0
pay_syn_42_03416,gateway_technical_error,upi,258611,2586.11,2,0.4704,0,BLIND_RETRY_24H,0,STOP,RULE_MAX_RETRIES_EXCEEDED,0
pay_syn_42_03417,payment_timed_out,upi,141412,1414.12,0,0.6825,1,BLIND_RETRY_24H,0,RETRY_LINK_NOW,RULE_HIGH_PROB_IMMEDIATE_RETRY,0
pay_syn_42_03418,insufficient_funds,upi,296518,2965.18,1,0.2821,0,BLIND_RETRY_24H,0,RETRY_LINK_DELAYED,RULE_LOW_PROB_DELAYED_NUDGE,0
pay_syn_42_03419,payment_cancelled,upi,163284,1632.84,0,0.2577,0,BLIND_RETRY_24H,0,RETRY_LINK_DELAYED,RULE_LOW_PROB_DELAYED_NUDGE,0
pay_syn_42_03420,authentication_failed,upi,99205,992.05,0,0.5775,1,BLIND_RETRY_24H,1,RETRY_LINK_NOW,RULE_HIGH_PROB_IMMEDIATE_RETRY,1
pay_syn_42_03421,payment_timed_out,card,347693,3476.93,0,0.6175,1,BLIND_RETRY_24H,0,RETRY_LINK_NOW,RULE_HIGH_PROB_IMMEDIATE_RETRY,1
pay_syn_42_03422,payment_timed_out,upi,77504,775.04,1,0.546,0,BLIND_RETRY_24H,0,RETRY_LINK_NOW,RULE_HIGH_PROB_IMMEDIATE_RETRY,1
pay_syn_42_03423,invalid_otp,upi,252525,2525.25,1,0.504,0,BLIND_RETRY_24H,0,RETRY_LINK_DELAYED,RULE_LOW_PROB_DELAYED_NUDGE,1
pay_syn_42_03424,gateway_technical_error,upi,25483,254.83,1,0.588,0,BLIND_RETRY_24H,1,RETRY_LINK_NOW,RULE_HIGH_PROB_IMMEDIATE_RETRY,1
pay_syn_42_03425,card_expired,upi,876098,8760.98,0,0.0,0,BLIND_RETRY_24H,0,ESCALATE_HUMAN,RULE_HARD_DECLINE_COMPLIANCE,0
pay_syn_42_03426,authentication_failed,netbanking,57370,573.7,0,0.4675,1,BLIND_RETRY_24H,0,RETRY_LINK_NOW,RULE_HIGH_PROB_IMMEDIATE_RETRY,1
pay_syn_42_03427,insufficient_funds,upi,30790,307.9,0,0.3727,1,BLIND_RETRY_24H,0,RETRY_LINK_DELAYED,RULE_LOW_PROB_DELAYED_NUDGE,1
pay_syn_42_03428,insufficient_funds,card,582738,5827.38,0,0.2995,1,BLIND_RETRY_24H,0,RETRY_LINK_DELAYED,RULE_LOW_PROB_DELAYED_NUDGE,0
pay_syn_42_03429,authentication_failed,card,735770,7357.7,0,0.5225,0,BLIND_RETRY_24H,0,RETRY_LINK_NOW,RULE_HIGH_PROB_IMMEDIATE_RETRY,1
pay_syn_42_03430,insufficient_funds,upi,190500,1905.0,0,0.3607,0,BLIND_RETRY_24H,0,RETRY_LINK_DELAYED,RULE_LOW_PROB_DELAYED_NUDGE,1
pay_syn_42_03431,invalid_otp,upi,120638,1206.38,0,0.63,1,BLIND_RETRY_24H,0,RETRY_LINK_NOW,RULE_HIGH_PROB_IMMEDIATE_RETRY,1
pay_syn_42_03432,invalid_otp,wallet,92858,928.58,0,0.612,1,BLIND_RETRY_24H,0,RETRY_LINK_NOW,RULE_HIGH_PROB_IMMEDIATE_RETRY,1
pay_syn_42_03433,insufficient_funds,card,179127,1791.27,1,0.2617,0,BLIND_RETRY_24H,0,RETRY_LINK_DELAYED,RULE_LOW_PROB_DELAYED_NUDGE,1
pay_syn_42_03434,card_expired,upi,128130,1281.3,0,0.0,0,BLIND_RETRY_24H,0,ESCALATE_HUMAN,RULE_HARD_DECLINE_COMPLIANCE,0
pay_syn_42_03435,payment_timed_out,upi,111994,1119.94,2,0.4368,0,BLIND_RETRY_24H,0,STOP,RULE_MAX_RETRIES_EXCEEDED,0
pay_syn_42_03436,payment_cancelled,upi,51372,513.72,0,0.2662,0,BLIND_RETRY_24H,0,RETRY_LINK_DELAYED,RULE_LOW_PROB_DELAYED_NUDGE,1
pay_syn_42_03437,invalid_otp,card,38082,380.82,2,0.3648,1,BLIND_RETRY_24H,0,STOP,RULE_MAX_RETRIES_EXCEEDED,0
pay_syn_42_03438,gateway_technical_error,card,147472,1474.72,1,0.532,0,BLIND_RETRY_24H,0,RETRY_LINK_NOW,RULE_HIGH_PROB_IMMEDIATE_RETRY,1
pay_syn_42_03439,card_expired,upi,173081,1730.81,0,0.0,0,BLIND_RETRY_24H,0,ESCALATE_HUMAN,RULE_HARD_DECLINE_COMPLIANCE,0
pay_syn_42_03440,insufficient_funds,card,60797,607.97,0,0.3352,1,BLIND_RETRY_24H,0,RETRY_LINK_DELAYED,RULE_LOW_PROB_DELAYED_NUDGE,0
pay_syn_42_03441,card_expired,netbanking,70160,701.6,0,0.0,0,BLIND_RETRY_24H,0,ESCALATE_HUMAN,RULE_HARD_DECLINE_COMPLIANCE,0
pay_syn_42_03442,insufficient_funds,wallet,172619,1726.19,0,0.3517,1,BLIND_RETRY_24H,0,RETRY_LINK_NOW,RULE_HIGH_PROB_IMMEDIATE_RETRY,1
pay_syn_42_03443,payment_cancelled,upi,50025,500.25,0,0.2663,0,BLIND_RETRY_24H,0,RETRY_LINK_DELAYED,RULE_LOW_PROB_DELAYED_NUDGE,0
pay_syn_42_03444,invalid_otp,upi,431192,4311.92,1,0.504,0,BLIND_RETRY_24H,0,RETRY_LINK_NOW,RULE_HIGH_PROB_IMMEDIATE_RETRY,1
pay_syn_42_03445,invalid_otp,upi,241059,2410.59,0,0.63,1,BLIND_RETRY_24H,0,RETRY_LINK_NOW,RULE_HIGH_PROB_IMMEDIATE_RETRY,1
pay_syn_42_03446,payment_timed_out,card,60220,602.2,1,0.494,0,BLIND_RETRY_24H,0,RETRY_LINK_NOW,RULE_HIGH_PROB_IMMEDIATE_RETRY,0
pay_syn_42_03447,card_lost_or_stolen,upi,227252,2272.52,1,0.0,0,BLIND_RETRY_24H,0,ESCALATE_HUMAN,RULE_HARD_DECLINE_COMPLIANCE,0
pay_syn_42_03448,insufficient_funds,upi,51271,512.71,0,0.3712,0,BLIND_RETRY_24H,0,RETRY_LINK_DELAYED,RULE_LOW_PROB_DELAYED_NUDGE,0
pay_syn_42_03449,invalid_otp,upi,330961,3309.61,0,0.63,1,BLIND_RETRY_24H,0,RETRY_LINK_NOW,RULE_HIGH_PROB_IMMEDIATE_RETRY,1
pay_syn_42_03450,insufficient_funds,netbanking,53343,533.43,0,0.3004,0,BLIND_RETRY_24H,1,RETRY_LINK_DELAYED,RULE_LOW_PROB_DELAYED_NUDGE,0
pay_syn_42_03451,invalid_otp,upi,118096,1180.96,0,0.63,1,BLIND_RETRY_24H,0,RETRY_LINK_NOW,RULE_HIGH_PROB_IMMEDIATE_RETRY,0
pay_syn_42_03452,card_expired,upi,157582,1575.82,1,0.0,0,BLIND_RETRY_24H,0,ESCALATE_HUMAN,RULE_HARD_DECLINE_COMPLIANCE,0
pay_syn_42_03453,invalid_otp,upi,721104,7211.04,0,0.63,0,BLIND_RETRY_24H,0,RETRY_LINK_NOW,RULE_HIGH_PROB_IMMEDIATE_RETRY,0
pay_syn_42_03454,payment_timed_out,upi,56912,569.12,1,0.546,0,BLIND_RETRY_24H,0,RETRY_LINK_NOW,RULE_HIGH_PROB_IMMEDIATE_RETRY,1
pay_syn_42_03455,payment_cancelled,wallet,54579,545.79,0,0.2583,1,BLIND_RETRY_24H,0,RETRY_LINK_DELAYED,RULE_LOW_PROB_DELAYED_NUDGE,0
pay_syn_42_03456,authentication_failed,upi,27027,270.27,0,0.5775,0,BLIND_RETRY_24H,1,RETRY_LINK_NOW,RULE_HIGH_PROB_IMMEDIATE_RETRY,1
pay_syn_42_03457,gateway_technical_error,upi,1046157,10461.57,0,0.735,1,BLIND_RETRY_24H,0,ESCALATE_HUMAN,RULE_HIGH_AMOUNT_ESCALATION,0
pay_syn_42_03458,payment_timed_out,upi,139171,1391.71,1,0.546,1,BLIND_RETRY_24H,0,RETRY_LINK_NOW,RULE_HIGH_PROB_IMMEDIATE_RETRY,1
pay_syn_42_03459,invalid_otp,netbanking,444216,4442.16,2,0.3264,0,BLIND_RETRY_24H,0,STOP,RULE_MAX_RETRIES_EXCEEDED,0
pay_syn_42_03460,payment_cancelled,netbanking,71458,714.58,0,0.2142,0,BLIND_RETRY_24H,0,RETRY_LINK_DELAYED,RULE_LOW_PROB_DELAYED_NUDGE,0
pay_syn_42_03461,payment_timed_out,upi,78628,786.28,1,0.546,0,BLIND_RETRY_24H,0,RETRY_LINK_NOW,RULE_HIGH_PROB_IMMEDIATE_RETRY,0
pay_syn_42_03462,payment_cancelled,upi,127344,1273.44,1,0.2083,1,BLIND_RETRY_24H,0,RETRY_LINK_DELAYED,RULE_LOW_PROB_DELAYED_NUDGE,0
pay_syn_42_03463,card_blocked,upi,131524,1315.24,1,0.0,0,BLIND_RETRY_24H,0,ESCALATE_HUMAN,RULE_HARD_DECLINE_COMPLIANCE,0
pay_syn_42_03464,gateway_technical_error,card,284028,2840.28,0,0.665,0,BLIND_RETRY_24H,0,RETRY_LINK_NOW,RULE_HIGH_PROB_IMMEDIATE_RETRY,0
pay_syn_42_03465,payment_timed_out,netbanking,143657,1436.57,0,0.5525,1,BLIND_RETRY_24H,1,RETRY_LINK_NOW,RULE_HIGH_PROB_IMMEDIATE_RETRY,0
pay_syn_42_03466,payment_cancelled,upi,88984,889.84,1,0.2107,0,BLIND_RETRY_24H,0,RETRY_LINK_DELAYED,RULE_LOW_PROB_DELAYED_NUDGE,0
pay_syn_42_03467,invalid_otp,upi,1073657,10736.57,0,0.63,0,BLIND_RETRY_24H,0,ESCALATE_HUMAN,RULE_HIGH_AMOUNT_ESCALATION,1
pay_syn_42_03468,payment_cancelled,upi,50669,506.69,0,0.2662,1,BLIND_RETRY_24H,0,RETRY_LINK_DELAYED,RULE_LOW_PROB_DELAYED_NUDGE,0
pay_syn_42_03469,payment_timed_out,card,57230,572.3,2,0.3952,1,BLIND_RETRY_24H,0,STOP,RULE_MAX_RETRIES_EXCEEDED,0
pay_syn_42_03470,payment_cancelled,upi,51399,513.99,0,0.2662,1,BLIND_RETRY_24H,0,RETRY_LINK_DELAYED,RULE_LOW_PROB_DELAYED_NUDGE,1
pay_syn_42_03471,gateway_technical_error,card,297218,2972.18,1,0.532,1,BLIND_RETRY_24H,1,RETRY_LINK_NOW,RULE_HIGH_PROB_IMMEDIATE_RETRY,1
pay_syn_42_03472,invalid_otp,upi,219368,2193.68,0,0.63,1,BLIND_RETRY_24H,0,RETRY_LINK_NOW,RULE_HIGH_PROB_IMMEDIATE_RETRY,1
pay_syn_42_03473,insufficient_funds,upi,112508,1125.08,1,0.2932,1,BLIND_RETRY_24H,0,RETRY_LINK_DELAYED,RULE_LOW_PROB_DELAYED_NUDGE,0
pay_syn_42_03474,insufficient_funds,upi,48793,487.93,2,0.2377,0,BLIND_RETRY_24H,0,STOP,RULE_MAX_RETRIES_EXCEEDED,0
pay_syn_42_03475,invalid_otp,netbanking,156833,1568.33,1,0.408,1,BLIND_RETRY_24H,0,RETRY_LINK_NOW,RULE_HIGH_PROB_IMMEDIATE_RETRY,0
pay_syn_42_03476,invalid_otp,card,349356,3493.56,0,0.57,1,BLIND_RETRY_24H,0,RETRY_LINK_NOW,RULE_HIGH_PROB_IMMEDIATE_RETRY,0
pay_syn_42_03477,card_expired,upi,761124,7611.24,0,0.0,0,BLIND_RETRY_24H,0,ESCALATE_HUMAN,RULE_HARD_DECLINE_COMPLIANCE,0
pay_syn_42_03478,gateway_technical_error,upi,68339,683.39,0,0.735,0,BLIND_RETRY_24H,0,RETRY_LINK_NOW,RULE_HIGH_PROB_IMMEDIATE_RETRY,1
pay_syn_42_03479,stolen_card,card,112086,1120.86,0,0.0,0,BLIND_RETRY_24H,0,ESCALATE_HUMAN,RULE_HARD_DECLINE_COMPLIANCE,0
pay_syn_42_03480,payment_timed_out,card,216950,2169.5,1,0.494,1,BLIND_RETRY_24H,0,RETRY_LINK_NOW,RULE_HIGH_PROB_IMMEDIATE_RETRY,0
pay_syn_42_03481,invalid_otp,upi,88039,880.39,1,0.504,1,BLIND_RETRY_24H,1,RETRY_LINK_NOW,RULE_HIGH_PROB_IMMEDIATE_RETRY,1
pay_syn_42_03482,card_blocked,card,31339,313.39,1,0.0,0,BLIND_RETRY_24H,0,ESCALATE_HUMAN,RULE_HARD_DECLINE_COMPLIANCE,0
pay_syn_42_03483,gateway_technical_error,upi,112695,1126.95,0,0.735,1,BLIND_RETRY_24H,1,RETRY_LINK_NOW,RULE_HIGH_PROB_IMMEDIATE_RETRY,0
pay_syn_42_03484,payment_timed_out,upi,35383,353.83,0,0.6825,0,BLIND_RETRY_24H,0,RETRY_LINK_NOW,RULE_HIGH_PROB_IMMEDIATE_RETRY,0
pay_syn_42_03485,payment_timed_out,upi,386830,3868.3,0,0.6825,1,BLIND_RETRY_24H,0,RETRY_LINK_NOW,RULE_HIGH_PROB_IMMEDIATE_RETRY,0
pay_syn_42_03486,insufficient_funds,upi,95720,957.2,0,0.3678,0,BLIND_RETRY_24H,0,RETRY_LINK_DELAYED,RULE_LOW_PROB_DELAYED_NUDGE,0
pay_syn_42_03487,payment_timed_out,upi,125237,1252.37,0,0.6825,0,BLIND_RETRY_24H,0,RETRY_LINK_NOW,RULE_HIGH_PROB_IMMEDIATE_RETRY,1
pay_syn_42_03488,invalid_otp,upi,58776,587.76,1,0.504,0,BLIND_RETRY_24H,1,RETRY_LINK_NOW,RULE_HIGH_PROB_IMMEDIATE_RETRY,0
pay_syn_42_03489,invalid_otp,upi,130590,1305.9,0,0.63,1,BLIND_RETRY_24H,1,RETRY_LINK_NOW,RULE_HIGH_PROB_IMMEDIATE_RETRY,1
pay_syn_42_03490,gateway_technical_error,upi,546671,5466.71,1,0.588,1,BLIND_RETRY_24H,0,RETRY_LINK_NOW,RULE_HIGH_PROB_IMMEDIATE_RETRY,1
pay_syn_42_03491,payment_cancelled,upi,440854,4408.54,2,0.1515,0,BLIND_RETRY_24H,0,STOP,RULE_MAX_RETRIES_EXCEEDED,0
pay_syn_42_03492,invalid_otp,card,40993,409.93,0,0.57,1,BLIND_RETRY_24H,0,RETRY_LINK_NOW,RULE_HIGH_PROB_IMMEDIATE_RETRY,1
pay_syn_42_03493,authentication_failed,upi,6777,67.77,0,0.5775,1,BLIND_RETRY_24H,0,RETRY_LINK_NOW,RULE_HIGH_PROB_IMMEDIATE_RETRY,1
pay_syn_42_03494,insufficient_funds,card,113638,1136.38,1,0.2653,1,BLIND_RETRY_24H,0,RETRY_LINK_DELAYED,RULE_LOW_PROB_DELAYED_NUDGE,0
pay_syn_42_03495,authentication_failed,card,96420,964.2,0,0.5225,1,BLIND_RETRY_24H,0,RETRY_LINK_NOW,RULE_HIGH_PROB_IMMEDIATE_RETRY,1
pay_syn_42_03496,invalid_otp,upi,90319,903.19,0,0.63,1,BLIND_RETRY_24H,1,RETRY_LINK_NOW,RULE_HIGH_PROB_IMMEDIATE_RETRY,0
pay_syn_42_03497,authentication_failed,netbanking,72961,729.61,1,0.374,1,BLIND_RETRY_24H,0,RETRY_LINK_NOW,RULE_HIGH_PROB_IMMEDIATE_RETRY,0
pay_syn_42_03498,gateway_technical_error,card,40067,400.67,0,0.665,1,BLIND_RETRY_24H,0,RETRY_LINK_NOW,RULE_HIGH_PROB_IMMEDIATE_RETRY,1
pay_syn_42_03499,invalid_otp,upi,1666561,16665.61,0,0.63,0,BLIND_RETRY_24H,1,ESCALATE_HUMAN,RULE_HIGH_AMOUNT_ESCALATION,1
pay_syn_42_03500,invalid_otp,netbanking,1044844,10448.44,0,0.51,1,BLIND_RETRY_24H,0,ESCALATE_HUMAN,RULE_HIGH_AMOUNT_ESCALATION,1
pay_syn_42_03501,payment_cancelled,upi,86315,863.15,1,0.2108,1,BLIND_RETRY_24H,0,RETRY_LINK_DELAYED,RULE_LOW_PROB_DELAYED_NUDGE,0
pay_syn_42_03502,invalid_otp,upi,154396,1543.96,0,0.63,1,BLIND_RETRY_24H,0,RETRY_LINK_NOW,RULE_HIGH_PROB_IMMEDIATE_RETRY,1
pay_syn_42_03503,payment_timed_out,upi,395303,3953.03,0,0.6825,1,BLIND_RETRY_24H,0,RETRY_LINK_NOW,RULE_HIGH_PROB_IMMEDIATE_RETRY,1
pay_syn_42_03504,stolen_card,card,153836,1538.36,0,0.0,0,BLIND_RETRY_24H,0,ESCALATE_HUMAN,RULE_HARD_DECLINE_COMPLIANCE,0
pay_syn_42_03505,insufficient_funds,upi,79298,792.98,1,0.2953,0,BLIND_RETRY_24H,0,RETRY_LINK_DELAYED,RULE_LOW_PROB_DELAYED_NUDGE,1
pay_syn_42_03506,payment_cancelled,upi,31892,318.92,0,0.2676,0,BLIND_RETRY_24H,0,RETRY_LINK_DELAYED,RULE_LOW_PROB_DELAYED_NUDGE,0
pay_syn_42_03507,bank_account_invalid,card,135756,1357.56,0,0.0,0,BLIND_RETRY_24H,0,ESCALATE_HUMAN,RULE_HARD_DECLINE_COMPLIANCE,0
pay_syn_42_03508,insufficient_funds,upi,35912,359.12,0,0.3723,0,BLIND_RETRY_24H,0,RETRY_LINK_DELAYED,RULE_LOW_PROB_DELAYED_NUDGE,0
pay_syn_42_03509,payment_timed_out,upi,501019,5010.19,0,0.6825,0,BLIND_RETRY_24H,0,RETRY_LINK_NOW,RULE_HIGH_PROB_IMMEDIATE_RETRY,0
pay_syn_42_03510,card_expired,upi,129271,1292.71,1,0.0,0,BLIND_RETRY_24H,0,ESCALATE_HUMAN,RULE_HARD_DECLINE_COMPLIANCE,0
pay_syn_42_03511,bank_account_invalid,upi,237519,2375.19,0,0.0,0,BLIND_RETRY_24H,0,ESCALATE_HUMAN,RULE_HARD_DECLINE_COMPLIANCE,0
pay_syn_42_03512,payment_cancelled,netbanking,93394,933.94,0,0.2129,0,BLIND_RETRY_24H,1,RETRY_LINK_DELAYED,RULE_LOW_PROB_DELAYED_NUDGE,0
pay_syn_42_03513,gateway_technical_error,netbanking,333509,3335.09,0,0.595,1,BLIND_RETRY_24H,0,RETRY_LINK_NOW,RULE_HIGH_PROB_IMMEDIATE_RETRY,0
pay_syn_42_03514,invalid_otp,upi,66860,668.6,0,0.63,0,BLIND_RETRY_24H,0,RETRY_LINK_NOW,RULE_HIGH_PROB_IMMEDIATE_RETRY,0
pay_syn_42_03515,invalid_otp,upi,184516,1845.16,1,0.504,1,BLIND_RETRY_24H,0,RETRY_LINK_NOW,RULE_HIGH_PROB_IMMEDIATE_RETRY,1
pay_syn_42_03516,payment_timed_out,upi,89791,897.91,0,0.6825,1,BLIND_RETRY_24H,0,RETRY_LINK_NOW,RULE_HIGH_PROB_IMMEDIATE_RETRY,1
pay_syn_42_03517,payment_cancelled,card,104947,1049.47,0,0.2372,0,BLIND_RETRY_24H,1,RETRY_LINK_DELAYED,RULE_LOW_PROB_DELAYED_NUDGE,0
pay_syn_42_03518,payment_cancelled,upi,389055,3890.55,0,0.2406,1,BLIND_RETRY_24H,0,RETRY_LINK_DELAYED,RULE_LOW_PROB_DELAYED_NUDGE,0
pay_syn_42_03519,gateway_technical_error,card,58316,583.16,1,0.532,1,BLIND_RETRY_24H,1,RETRY_LINK_NOW,RULE_HIGH_PROB_IMMEDIATE_RETRY,1
pay_syn_42_03520,invalid_otp,upi,199119,1991.19,1,0.504,1,BLIND_RETRY_24H,0,RETRY_LINK_NOW,RULE_HIGH_PROB_IMMEDIATE_RETRY,0
pay_syn_42_03521,insufficient_funds,upi,580112,5801.12,1,0.265,1,BLIND_RETRY_24H,0,RETRY_LINK_DELAYED,RULE_LOW_PROB_DELAYED_NUDGE,0
pay_syn_42_03522,payment_cancelled,upi,372129,3721.29,0,0.2419,1,BLIND_RETRY_24H,0,RETRY_LINK_DELAYED,RULE_LOW_PROB_DELAYED_NUDGE,0
pay_syn_42_03523,invalid_otp,upi,68856,688.56,0,0.63,0,BLIND_RETRY_24H,1,RETRY_LINK_NOW,RULE_HIGH_PROB_IMMEDIATE_RETRY,1
pay_syn_42_03524,gateway_technical_error,upi,231593,2315.93,0,0.735,0,BLIND_RETRY_24H,1,RETRY_LINK_NOW,RULE_HIGH_PROB_IMMEDIATE_RETRY,1
pay_syn_42_03525,payment_timed_out,card,20775,207.75,0,0.6175,1,BLIND_RETRY_24H,1,RETRY_LINK_NOW,RULE_HIGH_PROB_IMMEDIATE_RETRY,1
pay_syn_42_03526,invalid_otp,upi,405322,4053.22,2,0.4032,1,BLIND_RETRY_24H,1,STOP,RULE_MAX_RETRIES_EXCEEDED,0
pay_syn_42_03527,insufficient_funds,upi,2438369,24383.69,1,0.1526,0,BLIND_RETRY_24H,0,ESCALATE_HUMAN,RULE_HIGH_AMOUNT_ESCALATION,0
pay_syn_42_03528,authentication_failed,upi,186695,1866.95,0,0.5775,1,BLIND_RETRY_24H,0,RETRY_LINK_NOW,RULE_HIGH_PROB_IMMEDIATE_RETRY,0
pay_syn_42_03529,authentication_failed,upi,617794,6177.94,0,0.5775,0,BLIND_RETRY_24H,0,RETRY_LINK_NOW,RULE_HIGH_PROB_IMMEDIATE_RETRY,0
pay_syn_42_03530,insufficient_funds,upi,30499,304.99,0,0.3728,1,BLIND_RETRY_24H,0,RETRY_LINK_DELAYED,RULE_LOW_PROB_DELAYED_NUDGE,0
pay_syn_42_03531,fraud_suspected,upi,44417,444.17,0,0.0,0,BLIND_RETRY_24H,0,ESCALATE_HUMAN,RULE_HARD_DECLINE_COMPLIANCE,0
pay_syn_42_03532,invalid_otp,upi,93030,930.3,0,0.63,0,BLIND_RETRY_24H,0,RETRY_LINK_NOW,RULE_HIGH_PROB_IMMEDIATE_RETRY,1
pay_syn_42_03533,invalid_otp,card,112595,1125.95,2,0.3648,0,BLIND_RETRY_24H,0,STOP,RULE_MAX_RETRIES_EXCEEDED,0
pay_syn_42_03534,gateway_technical_error,upi,188018,1880.18,1,0.588,1,BLIND_RETRY_24H,0,RETRY_LINK_NOW,RULE_HIGH_PROB_IMMEDIATE_RETRY,0
pay_syn_42_03535,authentication_failed,upi,69199,691.99,0,0.5775,0,BLIND_RETRY_24H,1,RETRY_LINK_NOW,RULE_HIGH_PROB_IMMEDIATE_RETRY,1
pay_syn_42_03536,insufficient_funds,upi,156184,1561.84,1,0.2906,0,BLIND_RETRY_24H,1,RETRY_LINK_DELAYED,RULE_LOW_PROB_DELAYED_NUDGE,0
pay_syn_42_03537,insufficient_funds,upi,388119,3881.19,1,0.2766,1,BLIND_RETRY_24H,0,RETRY_LINK_DELAYED,RULE_LOW_PROB_DELAYED_NUDGE,1
pay_syn_42_03538,payment_timed_out,upi,230624,2306.24,0,0.6825,1,BLIND_RETRY_24H,0,RETRY_LINK_NOW,RULE_HIGH_PROB_IMMEDIATE_RETRY,0
pay_syn_42_03539,payment_timed_out,upi,89912,899.12,0,0.6825,1,BLIND_RETRY_24H,0,RETRY_LINK_NOW,RULE_HIGH_PROB_IMMEDIATE_RETRY,1
pay_syn_42_03540,invalid_otp,upi,302905,3029.05,0,0.63,1,BLIND_RETRY_24H,1,RETRY_LINK_NOW,RULE_HIGH_PROB_IMMEDIATE_RETRY,0
pay_syn_42_03541,payment_cancelled,card,85953,859.53,0,0.2385,0,BLIND_RETRY_24H,0,RETRY_LINK_DELAYED,RULE_LOW_PROB_DELAYED_NUDGE,0
pay_syn_42_03542,invalid_otp,card,146994,1469.94,0,0.57,1,BLIND_RETRY_24H,0,RETRY_LINK_NOW,RULE_HIGH_PROB_IMMEDIATE_RETRY,0
pay_syn_42_03543,insufficient_funds,upi,364546,3645.46,1,0.278,0,BLIND_RETRY_24H,1,RETRY_LINK_DELAYED,RULE_LOW_PROB_DELAYED_NUDGE,0
pay_syn_42_03544,risk_check_failed,upi,109457,1094.57,0,0.0,0,BLIND_RETRY_24H,0,ESCALATE_HUMAN,RULE_HARD_DECLINE_COMPLIANCE,0
pay_syn_42_03545,insufficient_funds,upi,35421,354.21,1,0.2979,0,BLIND_RETRY_24H,0,RETRY_LINK_DELAYED,RULE_LOW_PROB_DELAYED_NUDGE,0
pay_syn_42_03546,payment_timed_out,card,142570,1425.7,0,0.6175,0,BLIND_RETRY_24H,1,RETRY_LINK_NOW,RULE_HIGH_PROB_IMMEDIATE_RETRY,1
pay_syn_42_03547,invalid_otp,wallet,368438,3684.38,0,0.612,1,BLIND_RETRY_24H,1,RETRY_LINK_NOW,RULE_HIGH_PROB_IMMEDIATE_RETRY,0
pay_syn_42_03548,invalid_otp,upi,410851,4108.51,1,0.504,1,BLIND_RETRY_24H,0,RETRY_LINK_NOW,RULE_HIGH_PROB_IMMEDIATE_RETRY,1
pay_syn_42_03549,authentication_failed,card,42657,426.57,0,0.5225,1,BLIND_RETRY_24H,0,RETRY_LINK_NOW,RULE_HIGH_PROB_IMMEDIATE_RETRY,1
pay_syn_42_03550,invalid_otp,upi,288909,2889.09,0,0.63,0,BLIND_RETRY_24H,0,RETRY_LINK_NOW,RULE_HIGH_PROB_IMMEDIATE_RETRY,1
pay_syn_42_03551,invalid_otp,netbanking,102703,1027.03,0,0.51,0,BLIND_RETRY_24H,0,RETRY_LINK_NOW,RULE_HIGH_PROB_IMMEDIATE_RETRY,0
pay_syn_42_03552,authentication_failed,card,672415,6724.15,0,0.5225,0,BLIND_RETRY_24H,1,RETRY_LINK_NOW,RULE_HIGH_PROB_IMMEDIATE_RETRY,1
pay_syn_42_03553,insufficient_funds,upi,36140,361.4,0,0.3723,1,BLIND_RETRY_24H,0,RETRY_LINK_DELAYED,RULE_LOW_PROB_DELAYED_NUDGE,0
pay_syn_42_03554,payment_timed_out,card,282595,2825.95,0,0.6175,1,BLIND_RETRY_24H,0,RETRY_LINK_NOW,RULE_HIGH_PROB_IMMEDIATE_RETRY,1
pay_syn_42_03555,authentication_failed,upi,91466,914.66,0,0.5775,1,BLIND_RETRY_24H,1,RETRY_LINK_NOW,RULE_HIGH_PROB_IMMEDIATE_RETRY,1
pay_syn_42_03556,card_lost_or_stolen,netbanking,70319,703.19,1,0.0,0,BLIND_RETRY_24H,0,ESCALATE_HUMAN,RULE_HARD_DECLINE_COMPLIANCE,0
pay_syn_42_03557,card_expired,upi,384565,3845.65,0,0.0,0,BLIND_RETRY_24H,0,ESCALATE_HUMAN,RULE_HARD_DECLINE_COMPLIANCE,0
pay_syn_42_03558,payment_cancelled,upi,463066,4630.66,0,0.2351,0,BLIND_RETRY_24H,0,RETRY_LINK_DELAYED,RULE_LOW_PROB_DELAYED_NUDGE,0
pay_syn_42_03559,payment_timed_out,upi,15726,157.26,2,0.4368,0,BLIND_RETRY_24H,1,STOP,RULE_MAX_RETRIES_EXCEEDED,0
pay_syn_42_03560,invalid_otp,upi,392964,3929.64,0,0.63,1,BLIND_RETRY_24H,0,RETRY_LINK_NOW,RULE_HIGH_PROB_IMMEDIATE_RETRY,0
pay_syn_42_03561,authentication_failed,upi,124229,1242.29,0,0.5775,0,BLIND_RETRY_24H,0,RETRY_LINK_NOW,RULE_HIGH_PROB_IMMEDIATE_RETRY,1
pay_syn_42_03562,authentication_failed,upi,138251,1382.51,0,0.5775,1,BLIND_RETRY_24H,0,RETRY_LINK_NOW,RULE_HIGH_PROB_IMMEDIATE_RETRY,0
pay_syn_42_03563,insufficient_funds,upi,34256,342.56,0,0.3725,0,BLIND_RETRY_24H,1,RETRY_LINK_DELAYED,RULE_LOW_PROB_DELAYED_NUDGE,0
pay_syn_42_03564,bank_account_invalid,upi,261397,2613.97,1,0.0,0,BLIND_RETRY_24H,0,ESCALATE_HUMAN,RULE_HARD_DECLINE_COMPLIANCE,0
pay_syn_42_03565,card_expired,upi,1727765,17277.65,0,0.0,0,BLIND_RETRY_24H,0,ESCALATE_HUMAN,RULE_HARD_DECLINE_COMPLIANCE,0
pay_syn_42_03566,insufficient_funds,upi,74857,748.57,0,0.3694,0,BLIND_RETRY_24H,0,RETRY_LINK_DELAYED,RULE_LOW_PROB_DELAYED_NUDGE,0
pay_syn_42_03567,insufficient_funds,card,520173,5201.73,0,0.3038,0,BLIND_RETRY_24H,0,RETRY_LINK_DELAYED,RULE_LOW_PROB_DELAYED_NUDGE,0
pay_syn_42_03568,payment_timed_out,card,132815,1328.15,0,0.6175,1,BLIND_RETRY_24H,0,RETRY_LINK_NOW,RULE_HIGH_PROB_IMMEDIATE_RETRY,0
pay_syn_42_03569,payment_timed_out,upi,77999,779.99,1,0.546,0,BLIND_RETRY_24H,0,RETRY_LINK_NOW,RULE_HIGH_PROB_IMMEDIATE_RETRY,1
pay_syn_42_03570,insufficient_funds,card,28316,283.16,0,0.3374,1,BLIND_RETRY_24H,0,RETRY_LINK_NOW,RULE_HIGH_PROB_IMMEDIATE_RETRY,1
pay_syn_42_03571,payment_cancelled,upi,619342,6193.42,0,0.2232,0,BLIND_RETRY_24H,0,RETRY_LINK_DELAYED,RULE_LOW_PROB_DELAYED_NUDGE,0
pay_syn_42_03572,payment_cancelled,card,151359,1513.59,0,0.234,0,BLIND_RETRY_24H,0,RETRY_LINK_DELAYED,RULE_LOW_PROB_DELAYED_NUDGE,0
pay_syn_42_03573,authentication_failed,upi,82255,822.55,1,0.462,0,BLIND_RETRY_24H,0,RETRY_LINK_NOW,RULE_HIGH_PROB_IMMEDIATE_RETRY,1
pay_syn_42_03574,risk_check_failed,upi,97513,975.13,1,0.0,0,BLIND_RETRY_24H,0,ESCALATE_HUMAN,RULE_HARD_DECLINE_COMPLIANCE,0
pay_syn_42_03575,payment_timed_out,upi,286408,2864.08,1,0.546,1,BLIND_RETRY_24H,0,RETRY_LINK_NOW,RULE_HIGH_PROB_IMMEDIATE_RETRY,0
pay_syn_42_03576,invalid_otp,netbanking,82116,821.16,0,0.51,0,BLIND_RETRY_24H,0,RETRY_LINK_NOW,RULE_HIGH_PROB_IMMEDIATE_RETRY,1
pay_syn_42_03577,authentication_failed,upi,48373,483.73,0,0.5775,0,BLIND_RETRY_24H,1,RETRY_LINK_NOW,RULE_HIGH_PROB_IMMEDIATE_RETRY,0
pay_syn_42_03578,invalid_otp,upi,118200,1182.0,0,0.63,1,BLIND_RETRY_24H,0,RETRY_LINK_NOW,RULE_HIGH_PROB_IMMEDIATE_RETRY,1
pay_syn_42_03579,insufficient_funds,upi,114364,1143.64,0,0.3664,0,BLIND_RETRY_24H,0,RETRY_LINK_DELAYED,RULE_LOW_PROB_DELAYED_NUDGE,1
pay_syn_42_03580,authentication_failed,upi,111701,1117.01,0,0.5775,0,BLIND_RETRY_24H,0,RETRY_LINK_NOW,RULE_HIGH_PROB_IMMEDIATE_RETRY,1
pay_syn_42_03581,authentication_failed,netbanking,83254,832.54,1,0.374,1,BLIND_RETRY_24H,0,RETRY_LINK_NOW,RULE_HIGH_PROB_IMMEDIATE_RETRY,1
pay_syn_42_03582,card_blocked,netbanking,543158,5431.58,1,0.0,0,BLIND_RETRY_24H,0,ESCALATE_HUMAN,RULE_HARD_DECLINE_COMPLIANCE,0
pay_syn_42_03583,insufficient_funds,card,2850857,28508.57,0,0.1443,0,BLIND_RETRY_24H,0,ESCALATE_HUMAN,RULE_HIGH_AMOUNT_ESCALATION,0
pay_syn_42_03584,authentication_failed,card,42761,427.61,0,0.5225,1,BLIND_RETRY_24H,0,RETRY_LINK_NOW,RULE_HIGH_PROB_IMMEDIATE_RETRY,1
pay_syn_42_03585,insufficient_funds,upi,13634,136.34,0,0.374,0,BLIND_RETRY_24H,0,RETRY_LINK_DELAYED,RULE_LOW_PROB_DELAYED_NUDGE,0
pay_syn_42_03586,gateway_technical_error,upi,103401,1034.01,0,0.735,1,BLIND_RETRY_24H,0,RETRY_LINK_NOW,RULE_HIGH_PROB_IMMEDIATE_RETRY,1
pay_syn_42_03587,insufficient_funds,card,15139,151.39,0,0.3383,0,BLIND_RETRY_24H,0,RETRY_LINK_DELAYED,RULE_LOW_PROB_DELAYED_NUDGE,0
pay_syn_42_03588,insufficient_funds,wallet,25747,257.47,2,0.232,0,BLIND_RETRY_24H,0,STOP,RULE_MAX_RETRIES_EXCEEDED,0
pay_syn_42_03589,invalid_otp,upi,76216,762.16,1,0.504,0,BLIND_RETRY_24H,1,RETRY_LINK_NOW,RULE_HIGH_PROB_IMMEDIATE_RETRY,0
pay_syn_42_03590,gateway_technical_error,upi,283993,2839.93,0,0.735,1,BLIND_RETRY_24H,1,RETRY_LINK_NOW,RULE_HIGH_PROB_IMMEDIATE_RETRY,1
pay_syn_42_03591,gateway_technical_error,upi,102150,1021.5,0,0.735,1,BLIND_RETRY_24H,0,RETRY_LINK_NOW,RULE_HIGH_PROB_IMMEDIATE_RETRY,0
pay_syn_42_03592,invalid_otp,upi,10653,106.53,2,0.4032,1,BLIND_RETRY_24H,0,STOP,RULE_MAX_RETRIES_EXCEEDED,0
pay_syn_42_03593,insufficient_funds,upi,100744,1007.44,0,0.3674,0,BLIND_RETRY_24H,0,RETRY_LINK_DELAYED,RULE_LOW_PROB_DELAYED_NUDGE,0
pay_syn_42_03594,authentication_failed,upi,108937,1089.37,0,0.5775,0,BLIND_RETRY_24H,0,RETRY_LINK_NOW,RULE_HIGH_PROB_IMMEDIATE_RETRY,0
pay_syn_42_03595,payment_timed_out,card,110894,1108.94,2,0.3952,0,BLIND_RETRY_24H,0,STOP,RULE_MAX_RETRIES_EXCEEDED,0
pay_syn_42_03596,payment_cancelled,card,448428,4484.28,2,0.1367,0,BLIND_RETRY_24H,0,STOP,RULE_MAX_RETRIES_EXCEEDED,0
pay_syn_42_03597,risk_check_failed,card,363076,3630.76,0,0.0,0,BLIND_RETRY_24H,0,ESCALATE_HUMAN,RULE_HARD_DECLINE_COMPLIANCE,0
pay_syn_42_03598,authentication_failed,card,145023,1450.23,1,0.418,1,BLIND_RETRY_24H,0,RETRY_LINK_NOW,RULE_HIGH_PROB_IMMEDIATE_RETRY,1
pay_syn_42_03599,payment_cancelled,upi,1288208,12882.08,0,0.1727,0,BLIND_RETRY_24H,0,ESCALATE_HUMAN,RULE_HIGH_AMOUNT_ESCALATION,0
pay_syn_42_03600,card_expired,upi,27527,275.27,1,0.0,0,BLIND_RETRY_24H,0,ESCALATE_HUMAN,RULE_HARD_DECLINE_COMPLIANCE,0
pay_syn_42_03601,card_expired,upi,76000,760.0,0,0.0,0,BLIND_RETRY_24H,0,ESCALATE_HUMAN,RULE_HARD_DECLINE_COMPLIANCE,0
pay_syn_42_03602,payment_cancelled,upi,116541,1165.41,0,0.2612,0,BLIND_RETRY_24H,0,RETRY_LINK_DELAYED,RULE_LOW_PROB_DELAYED_NUDGE,0
pay_syn_42_03603,gateway_technical_error,upi,130396,1303.96,0,0.735,0,BLIND_RETRY_24H,1,RETRY_LINK_NOW,RULE_HIGH_PROB_IMMEDIATE_RETRY,0
pay_syn_42_03604,risk_check_failed,upi,28021,280.21,0,0.0,0,BLIND_RETRY_24H,0,ESCALATE_HUMAN,RULE_HARD_DECLINE_COMPLIANCE,0
pay_syn_42_03605,gateway_technical_error,card,15822,158.22,1,0.532,0,BLIND_RETRY_24H,0,RETRY_LINK_NOW,RULE_HIGH_PROB_IMMEDIATE_RETRY,1
pay_syn_42_03606,invalid_otp,card,133384,1333.84,1,0.456,0,BLIND_RETRY_24H,1,RETRY_LINK_NOW,RULE_HIGH_PROB_IMMEDIATE_RETRY,1
pay_syn_42_03607,insufficient_funds,netbanking,23295,232.95,0,0.3022,0,BLIND_RETRY_24H,0,RETRY_LINK_DELAYED,RULE_LOW_PROB_DELAYED_NUDGE,0
pay_syn_42_03608,stolen_card,upi,64476,644.76,1,0.0,0,BLIND_RETRY_24H,0,ESCALATE_HUMAN,RULE_HARD_DECLINE_COMPLIANCE,0
pay_syn_42_03609,insufficient_funds,upi,152312,1523.12,1,0.2908,1,BLIND_RETRY_24H,0,RETRY_LINK_DELAYED,RULE_LOW_PROB_DELAYED_NUDGE,0
pay_syn_42_03610,authentication_failed,card,32566,325.66,0,0.5225,0,BLIND_RETRY_24H,0,RETRY_LINK_NOW,RULE_HIGH_PROB_IMMEDIATE_RETRY,0
pay_syn_42_03611,authentication_failed,upi,192585,1925.85,0,0.5775,1,BLIND_RETRY_24H,0,RETRY_LINK_NOW,RULE_HIGH_PROB_IMMEDIATE_RETRY,1
pay_syn_42_03612,authentication_failed,upi,54708,547.08,1,0.462,1,BLIND_RETRY_24H,1,RETRY_LINK_NOW,RULE_HIGH_PROB_IMMEDIATE_RETRY,0
pay_syn_42_03613,payment_cancelled,upi,89583,895.83,0,0.2633,0,BLIND_RETRY_24H,0,RETRY_LINK_DELAYED,RULE_LOW_PROB_DELAYED_NUDGE,0
pay_syn_42_03614,invalid_otp,upi,233250,2332.5,0,0.63,1,BLIND_RETRY_24H,0,RETRY_LINK_NOW,RULE_HIGH_PROB_IMMEDIATE_RETRY,1
pay_syn_42_03615,insufficient_funds,upi,122356,1223.56,0,0.3658,0,BLIND_RETRY_24H,0,RETRY_LINK_DELAYED,RULE_LOW_PROB_DELAYED_NUDGE,1
pay_syn_42_03616,gateway_technical_error,upi,187637,1876.37,1,0.588,1,BLIND_RETRY_24H,1,RETRY_LINK_NOW,RULE_HIGH_PROB_IMMEDIATE_RETRY,0
pay_syn_42_03617,payment_timed_out,upi,217207,2172.07,2,0.4368,0,BLIND_RETRY_24H,0,STOP,RULE_MAX_RETRIES_EXCEEDED,0
pay_syn_42_03618,payment_cancelled,card,120214,1202.14,0,0.2361,0,BLIND_RETRY_24H,0,RETRY_LINK_DELAYED,RULE_LOW_PROB_DELAYED_NUDGE,1
pay_syn_42_03619,invalid_otp,upi,200023,2000.23,1,0.504,0,BLIND_RETRY_24H,0,RETRY_LINK_NOW,RULE_HIGH_PROB_IMMEDIATE_RETRY,1
pay_syn_42_03620,payment_timed_out,card,63385,633.85,0,0.6175,1,BLIND_RETRY_24H,1,RETRY_LINK_NOW,RULE_HIGH_PROB_IMMEDIATE_RETRY,1
pay_syn_42_03621,card_expired,upi,229983,2299.83,1,0.0,0,BLIND_RETRY_24H,0,ESCALATE_HUMAN,RULE_HARD_DECLINE_COMPLIANCE,0
pay_syn_42_03622,gateway_technical_error,upi,104108,1041.08,0,0.735,1,BLIND_RETRY_24H,1,RETRY_LINK_NOW,RULE_HIGH_PROB_IMMEDIATE_RETRY,1
pay_syn_42_03623,payment_timed_out,upi,561305,5613.05,0,0.6825,1,BLIND_RETRY_24H,1,RETRY_LINK_NOW,RULE_HIGH_PROB_IMMEDIATE_RETRY,1
pay_syn_42_03624,payment_timed_out,upi,155842,1558.42,1,0.546,0,BLIND_RETRY_24H,0,RETRY_LINK_NOW,RULE_HIGH_PROB_IMMEDIATE_RETRY,0
pay_syn_42_03625,payment_timed_out,upi,73096,730.96,0,0.6825,0,BLIND_RETRY_24H,1,RETRY_LINK_NOW,RULE_HIGH_PROB_IMMEDIATE_RETRY,1
pay_syn_42_03626,payment_timed_out,upi,234645,2346.45,0,0.6825,1,BLIND_RETRY_24H,1,RETRY_LINK_NOW,RULE_HIGH_PROB_IMMEDIATE_RETRY,1
pay_syn_42_03627,invalid_otp,card,593179,5931.79,0,0.57,0,BLIND_RETRY_24H,1,RETRY_LINK_NOW,RULE_HIGH_PROB_IMMEDIATE_RETRY,1
pay_syn_42_03628,insufficient_funds,card,80173,801.73,0,0.3339,1,BLIND_RETRY_24H,0,RETRY_LINK_DELAYED,RULE_LOW_PROB_DELAYED_NUDGE,0
pay_syn_42_03629,payment_cancelled,upi,67079,670.79,0,0.265,0,BLIND_RETRY_24H,0,RETRY_LINK_DELAYED,RULE_LOW_PROB_DELAYED_NUDGE,0
pay_syn_42_03630,payment_timed_out,card,7519,75.19,0,0.6175,1,BLIND_RETRY_24H,0,RETRY_LINK_NOW,RULE_HIGH_PROB_IMMEDIATE_RETRY,0
pay_syn_42_03631,payment_cancelled,card,155419,1554.19,0,0.2337,0,BLIND_RETRY_24H,0,RETRY_LINK_DELAYED,RULE_LOW_PROB_DELAYED_NUDGE,0
pay_syn_42_03632,insufficient_funds,upi,93556,935.56,1,0.2944,1,BLIND_RETRY_24H,0,RETRY_LINK_DELAYED,RULE_LOW_PROB_DELAYED_NUDGE,1
pay_syn_42_03633,payment_cancelled,upi,233524,2335.24,1,0.2019,0,BLIND_RETRY_24H,0,RETRY_LINK_DELAYED,RULE_LOW_PROB_DELAYED_NUDGE,1
pay_syn_42_03634,payment_timed_out,upi,239377,2393.77,0,0.6825,1,BLIND_RETRY_24H,0,RETRY_LINK_NOW,RULE_HIGH_PROB_IMMEDIATE_RETRY,1
pay_syn_42_03635,gateway_technical_error,card,29246,292.46,0,0.665,1,BLIND_RETRY_24H,1,RETRY_LINK_NOW,RULE_HIGH_PROB_IMMEDIATE_RETRY,1
pay_syn_42_03636,gateway_technical_error,upi,361158,3611.58,0,0.735,1,BLIND_RETRY_24H,0,RETRY_LINK_NOW,RULE_HIGH_PROB_IMMEDIATE_RETRY,0
pay_syn_42_03637,invalid_otp,upi,57672,576.72,0,0.63,1,BLIND_RETRY_24H,0,RETRY_LINK_NOW,RULE_HIGH_PROB_IMMEDIATE_RETRY,0
pay_syn_42_03638,insufficient_funds,card,80642,806.42,1,0.2671,0,BLIND_RETRY_24H,1,RETRY_LINK_DELAYED,RULE_LOW_PROB_DELAYED_NUDGE,0
pay_syn_42_03639,gateway_technical_error,upi,11238,112.38,0,0.735,0,BLIND_RETRY_24H,0,RETRY_LINK_NOW,RULE_HIGH_PROB_IMMEDIATE_RETRY,1
pay_syn_42_03640,insufficient_funds,upi,193830,1938.3,1,0.2883,0,BLIND_RETRY_24H,0,RETRY_LINK_DELAYED,RULE_LOW_PROB_DELAYED_NUDGE,0
pay_syn_42_03641,invalid_otp,upi,40011,400.11,0,0.63,1,BLIND_RETRY_24H,1,RETRY_LINK_NOW,RULE_HIGH_PROB_IMMEDIATE_RETRY,0
pay_syn_42_03642,gateway_technical_error,card,67788,677.88,0,0.665,1,BLIND_RETRY_24H,0,RETRY_LINK_NOW,RULE_HIGH_PROB_IMMEDIATE_RETRY,1
pay_syn_42_03643,insufficient_funds,upi,36497,364.97,0,0.3723,0,BLIND_RETRY_24H,0,RETRY_LINK_DELAYED,RULE_LOW_PROB_DELAYED_NUDGE,1
pay_syn_42_03644,payment_cancelled,upi,400609,4006.09,0,0.2398,1,BLIND_RETRY_24H,0,RETRY_LINK_DELAYED,RULE_LOW_PROB_DELAYED_NUDGE,0
pay_syn_42_03645,invalid_otp,card,88109,881.09,0,0.57,0,BLIND_RETRY_24H,0,RETRY_LINK_NOW,RULE_HIGH_PROB_IMMEDIATE_RETRY,1
pay_syn_42_03646,fraud_suspected,card,33149,331.49,1,0.0,0,BLIND_RETRY_24H,0,ESCALATE_HUMAN,RULE_HARD_DECLINE_COMPLIANCE,0
pay_syn_42_03647,card_expired,upi,35477,354.77,0,0.0,0,BLIND_RETRY_24H,0,ESCALATE_HUMAN,RULE_HARD_DECLINE_COMPLIANCE,0
pay_syn_42_03648,payment_cancelled,netbanking,326177,3261.77,0,0.1987,1,BLIND_RETRY_24H,0,RETRY_LINK_DELAYED,RULE_LOW_PROB_DELAYED_NUDGE,1
pay_syn_42_03649,gateway_technical_error,upi,52600,526.0,2,0.4704,1,BLIND_RETRY_24H,0,STOP,RULE_MAX_RETRIES_EXCEEDED,0
pay_syn_42_03650,card_expired,wallet,78739,787.39,2,0.0,0,BLIND_RETRY_24H,0,STOP,RULE_MAX_RETRIES_EXCEEDED,0
pay_syn_42_03651,payment_timed_out,wallet,139595,1395.95,1,0.5304,1,BLIND_RETRY_24H,0,RETRY_LINK_NOW,RULE_HIGH_PROB_IMMEDIATE_RETRY,1
pay_syn_42_03652,gateway_technical_error,upi,94751,947.51,2,0.4704,0,BLIND_RETRY_24H,0,STOP,RULE_MAX_RETRIES_EXCEEDED,0
pay_syn_42_03653,fraud_suspected,upi,17899,178.99,1,0.0,0,BLIND_RETRY_24H,0,ESCALATE_HUMAN,RULE_HARD_DECLINE_COMPLIANCE,0
pay_syn_42_03654,payment_cancelled,upi,263744,2637.44,0,0.2501,0,BLIND_RETRY_24H,0,RETRY_LINK_DELAYED,RULE_LOW_PROB_DELAYED_NUDGE,0
pay_syn_42_03655,gateway_technical_error,upi,102410,1024.1,1,0.588,1,BLIND_RETRY_24H,1,RETRY_LINK_NOW,RULE_HIGH_PROB_IMMEDIATE_RETRY,1
pay_syn_42_03656,invalid_otp,upi,185231,1852.31,0,0.63,0,BLIND_RETRY_24H,1,RETRY_LINK_NOW,RULE_HIGH_PROB_IMMEDIATE_RETRY,1
pay_syn_42_03657,payment_timed_out,upi,287136,2871.36,0,0.6825,1,BLIND_RETRY_24H,0,RETRY_LINK_NOW,RULE_HIGH_PROB_IMMEDIATE_RETRY,1
pay_syn_42_03658,insufficient_funds,card,14396,143.96,0,0.3384,1,BLIND_RETRY_24H,0,RETRY_LINK_DELAYED,RULE_LOW_PROB_DELAYED_NUDGE,1
pay_syn_42_03659,authentication_failed,upi,290287,2902.87,0,0.5775,1,BLIND_RETRY_24H,0,RETRY_LINK_NOW,RULE_HIGH_PROB_IMMEDIATE_RETRY,1
pay_syn_42_03660,insufficient_funds,card,2091608,20916.08,1,0.157,0,BLIND_RETRY_24H,0,ESCALATE_HUMAN,RULE_HIGH_AMOUNT_ESCALATION,0
pay_syn_42_03661,insufficient_funds,card,208494,2084.94,0,0.3251,1,BLIND_RETRY_24H,0,RETRY_LINK_DELAYED,RULE_LOW_PROB_DELAYED_NUDGE,0
pay_syn_42_03662,payment_cancelled,upi,572785,5727.85,0,0.2268,0,BLIND_RETRY_24H,0,RETRY_LINK_DELAYED,RULE_LOW_PROB_DELAYED_NUDGE,0
pay_syn_42_03663,payment_cancelled,upi,384217,3842.17,1,0.1928,0,BLIND_RETRY_24H,1,RETRY_LINK_DELAYED,RULE_LOW_PROB_DELAYED_NUDGE,1
pay_syn_42_03664,card_expired,card,277915,2779.15,1,0.0,0,BLIND_RETRY_24H,0,ESCALATE_HUMAN,RULE_HARD_DECLINE_COMPLIANCE,0
pay_syn_42_03665,invalid_otp,upi,401179,4011.79,0,0.63,1,BLIND_RETRY_24H,0,RETRY_LINK_NOW,RULE_HIGH_PROB_IMMEDIATE_RETRY,1
pay_syn_42_03666,authentication_failed,card,491516,4915.16,0,0.5225,1,BLIND_RETRY_24H,0,RETRY_LINK_NOW,RULE_HIGH_PROB_IMMEDIATE_RETRY,0
pay_syn_42_03667,payment_timed_out,card,516676,5166.76,1,0.494,1,BLIND_RETRY_24H,0,RETRY_LINK_NOW,RULE_HIGH_PROB_IMMEDIATE_RETRY,0
pay_syn_42_03668,invalid_otp,upi,35383,353.83,1,0.504,0,BLIND_RETRY_24H,1,RETRY_LINK_NOW,RULE_HIGH_PROB_IMMEDIATE_RETRY,1
pay_syn_42_03669,insufficient_funds,card,432390,4323.9,1,0.2478,0,BLIND_RETRY_24H,1,RETRY_LINK_DELAYED,RULE_LOW_PROB_DELAYED_NUDGE,0
pay_syn_42_03670,insufficient_funds,upi,100843,1008.43,0,0.3674,0,BLIND_RETRY_24H,0,RETRY_LINK_DELAYED,RULE_LOW_PROB_DELAYED_NUDGE,0
pay_syn_42_03671,payment_timed_out,upi,540696,5406.96,0,0.6825,1,BLIND_RETRY_24H,1,RETRY_LINK_NOW,RULE_HIGH_PROB_IMMEDIATE_RETRY,0
pay_syn_42_03672,insufficient_funds,upi,229975,2299.75,0,0.3577,1,BLIND_RETRY_24H,1,RETRY_LINK_DELAYED,RULE_LOW_PROB_DELAYED_NUDGE,1
pay_syn_42_03673,invalid_otp,card,34879,348.79,0,0.57,0,BLIND_RETRY_24H,0,RETRY_LINK_NOW,RULE_HIGH_PROB_IMMEDIATE_RETRY,1
pay_syn_42_03674,card_blocked,upi,641947,6419.47,0,0.0,0,BLIND_RETRY_24H,0,ESCALATE_HUMAN,RULE_HARD_DECLINE_COMPLIANCE,0
pay_syn_42_03675,insufficient_funds,card,57955,579.55,0,0.3354,1,BLIND_RETRY_24H,0,RETRY_LINK_DELAYED,RULE_LOW_PROB_DELAYED_NUDGE,1
pay_syn_42_03676,gateway_technical_error,card,95660,956.6,0,0.665,1,BLIND_RETRY_24H,0,RETRY_LINK_NOW,RULE_HIGH_PROB_IMMEDIATE_RETRY,1
pay_syn_42_03677,card_expired,card,861777,8617.77,0,0.0,0,BLIND_RETRY_24H,0,ESCALATE_HUMAN,RULE_HARD_DECLINE_COMPLIANCE,0
pay_syn_42_03678,invalid_otp,upi,156989,1569.89,0,0.63,1,BLIND_RETRY_24H,0,RETRY_LINK_NOW,RULE_HIGH_PROB_IMMEDIATE_RETRY,0
pay_syn_42_03679,authentication_failed,upi,91327,913.27,2,0.3696,1,BLIND_RETRY_24H,0,STOP,RULE_MAX_RETRIES_EXCEEDED,0
pay_syn_42_03680,invalid_otp,card,123346,1233.46,0,0.57,0,BLIND_RETRY_24H,0,RETRY_LINK_NOW,RULE_HIGH_PROB_IMMEDIATE_RETRY,1
pay_syn_42_03681,payment_timed_out,card,89294,892.94,0,0.6175,1,BLIND_RETRY_24H,0,RETRY_LINK_NOW,RULE_HIGH_PROB_IMMEDIATE_RETRY,1
pay_syn_42_03682,payment_cancelled,upi,325436,3254.36,0,0.2455,0,BLIND_RETRY_24H,0,RETRY_LINK_DELAYED,RULE_LOW_PROB_DELAYED_NUDGE,0
pay_syn_42_03683,authentication_failed,upi,92220,922.2,0,0.5775,1,BLIND_RETRY_24H,0,RETRY_LINK_NOW,RULE_HIGH_PROB_IMMEDIATE_RETRY,1
pay_syn_42_03684,invalid_otp,card,127989,1279.89,2,0.3648,0,BLIND_RETRY_24H,0,STOP,RULE_MAX_RETRIES_EXCEEDED,0
pay_syn_42_03685,authentication_failed,upi,253214,2532.14,0,0.5775,0,BLIND_RETRY_24H,0,RETRY_LINK_NOW,RULE_HIGH_PROB_IMMEDIATE_RETRY,1
pay_syn_42_03686,payment_timed_out,upi,222174,2221.74,2,0.4368,0,BLIND_RETRY_24H,0,STOP,RULE_MAX_RETRIES_EXCEEDED,0
pay_syn_42_03687,insufficient_funds,upi,63002,630.02,1,0.2962,0,BLIND_RETRY_24H,0,RETRY_LINK_DELAYED,RULE_LOW_PROB_DELAYED_NUDGE,0
pay_syn_42_03688,payment_cancelled,upi,330215,3302.15,0,0.2451,1,BLIND_RETRY_24H,0,RETRY_LINK_DELAYED,RULE_LOW_PROB_DELAYED_NUDGE,1
pay_syn_42_03689,invalid_otp,upi,75879,758.79,0,0.63,1,BLIND_RETRY_24H,1,RETRY_LINK_NOW,RULE_HIGH_PROB_IMMEDIATE_RETRY,1
pay_syn_42_03690,invalid_otp,netbanking,43460,434.6,0,0.51,1,BLIND_RETRY_24H,1,RETRY_LINK_NOW,RULE_HIGH_PROB_IMMEDIATE_RETRY,1
pay_syn_42_03691,payment_timed_out,upi,19518,195.18,0,0.6825,1,BLIND_RETRY_24H,0,RETRY_LINK_NOW,RULE_HIGH_PROB_IMMEDIATE_RETRY,1
pay_syn_42_03692,payment_cancelled,upi,110186,1101.86,0,0.2617,0,BLIND_RETRY_24H,0,RETRY_LINK_DELAYED,RULE_LOW_PROB_DELAYED_NUDGE,0
pay_syn_42_03693,invalid_otp,upi,23571,235.71,0,0.63,0,BLIND_RETRY_24H,0,RETRY_LINK_NOW,RULE_HIGH_PROB_IMMEDIATE_RETRY,1
pay_syn_42_03694,insufficient_funds,upi,54475,544.75,0,0.3709,0,BLIND_RETRY_24H,0,RETRY_LINK_DELAYED,RULE_LOW_PROB_DELAYED_NUDGE,1
pay_syn_42_03695,gateway_technical_error,card,131574,1315.74,0,0.665,1,BLIND_RETRY_24H,0,RETRY_LINK_NOW,RULE_HIGH_PROB_IMMEDIATE_RETRY,1
pay_syn_42_03696,gateway_technical_error,upi,478154,4781.54,1,0.588,0,BLIND_RETRY_24H,1,RETRY_LINK_NOW,RULE_HIGH_PROB_IMMEDIATE_RETRY,0
pay_syn_42_03697,insufficient_funds,upi,98382,983.82,0,0.3676,1,BLIND_RETRY_24H,0,RETRY_LINK_DELAYED,RULE_LOW_PROB_DELAYED_NUDGE,0
pay_syn_42_03698,fraud_suspected,card,28624,286.24,0,0.0,0,BLIND_RETRY_24H,0,ESCALATE_HUMAN,RULE_HARD_DECLINE_COMPLIANCE,0
pay_syn_42_03699,payment_cancelled,card,118921,1189.21,1,0.189,0,BLIND_RETRY_24H,0,RETRY_LINK_DELAYED,RULE_LOW_PROB_DELAYED_NUDGE,0
pay_syn_42_03700,authentication_failed,upi,455195,4551.95,0,0.5775,0,BLIND_RETRY_24H,1,RETRY_LINK_NOW,RULE_HIGH_PROB_IMMEDIATE_RETRY,1
pay_syn_42_03701,invalid_otp,upi,95990,959.9,2,0.4032,0,BLIND_RETRY_24H,0,STOP,RULE_MAX_RETRIES_EXCEEDED,0
pay_syn_42_03702,insufficient_funds,netbanking,588822,5888.22,0,0.2676,0,BLIND_RETRY_24H,0,RETRY_LINK_DELAYED,RULE_LOW_PROB_DELAYED_NUDGE,0
pay_syn_42_03703,risk_check_failed,upi,130761,1307.61,2,0.0,0,BLIND_RETRY_24H,0,STOP,RULE_MAX_RETRIES_EXCEEDED,0
pay_syn_42_03704,payment_cancelled,upi,291596,2915.96,0,0.248,0,BLIND_RETRY_24H,0,RETRY_LINK_DELAYED,RULE_LOW_PROB_DELAYED_NUDGE,1
pay_syn_42_03705,card_blocked,upi,170314,1703.14,0,0.0,0,BLIND_RETRY_24H,0,ESCALATE_HUMAN,RULE_HARD_DECLINE_COMPLIANCE,0
pay_syn_42_03706,card_expired,card,552893,5528.93,0,0.0,0,BLIND_RETRY_24H,0,ESCALATE_HUMAN,RULE_HARD_DECLINE_COMPLIANCE,0
pay_syn_42_03707,gateway_technical_error,upi,1414771,14147.71,0,0.735,0,BLIND_RETRY_24H,0,ESCALATE_HUMAN,RULE_HIGH_AMOUNT_ESCALATION,0
pay_syn_42_03708,invalid_otp,upi,79892,798.92,1,0.504,1,BLIND_RETRY_24H,0,RETRY_LINK_NOW,RULE_HIGH_PROB_IMMEDIATE_RETRY,1
pay_syn_42_03709,payment_timed_out,card,159500,1595.0,0,0.6175,1,BLIND_RETRY_24H,0,RETRY_LINK_NOW,RULE_HIGH_PROB_IMMEDIATE_RETRY,1
pay_syn_42_03710,authentication_failed,card,477719,4777.19,0,0.5225,1,BLIND_RETRY_24H,0,RETRY_LINK_NOW,RULE_HIGH_PROB_IMMEDIATE_RETRY,0
pay_syn_42_03711,payment_cancelled,card,177067,1770.67,0,0.2322,1,BLIND_RETRY_24H,1,RETRY_LINK_DELAYED,RULE_LOW_PROB_DELAYED_NUDGE,0
pay_syn_42_03712,insufficient_funds,card,18635,186.35,1,0.2705,1,BLIND_RETRY_24H,0,RETRY_LINK_DELAYED,RULE_LOW_PROB_DELAYED_NUDGE,0
pay_syn_42_03713,insufficient_funds,upi,97584,975.84,0,0.3677,1,BLIND_RETRY_24H,0,RETRY_LINK_DELAYED,RULE_LOW_PROB_DELAYED_NUDGE,0
pay_syn_42_03714,gateway_technical_error,upi,175380,1753.8,0,0.735,1,BLIND_RETRY_24H,0,RETRY_LINK_NOW,RULE_HIGH_PROB_IMMEDIATE_RETRY,1
pay_syn_42_03715,payment_timed_out,upi,773566,7735.66,2,0.4368,0,BLIND_RETRY_24H,0,STOP,RULE_MAX_RETRIES_EXCEEDED,0
pay_syn_42_03716,invalid_otp,upi,150101,1501.01,0,0.63,0,BLIND_RETRY_24H,0,RETRY_LINK_NOW,RULE_HIGH_PROB_IMMEDIATE_RETRY,0
pay_syn_42_03717,invalid_otp,upi,50877,508.77,0,0.63,1,BLIND_RETRY_24H,0,RETRY_LINK_NOW,RULE_HIGH_PROB_IMMEDIATE_RETRY,1
pay_syn_42_03718,insufficient_funds,card,180100,1801.0,0,0.327,0,BLIND_RETRY_24H,1,RETRY_LINK_DELAYED,RULE_LOW_PROB_DELAYED_NUDGE,0
pay_syn_42_03719,insufficient_funds,upi,674639,6746.39,0,0.3241,0,BLIND_RETRY_24H,0,RETRY_LINK_DELAYED,RULE_LOW_PROB_DELAYED_NUDGE,0
pay_syn_42_03720,bank_account_invalid,upi,67553,675.53,0,0.0,0,BLIND_RETRY_24H,0,ESCALATE_HUMAN,RULE_HARD_DECLINE_COMPLIANCE,0
pay_syn_42_03721,invalid_otp,upi,76914,769.14,0,0.63,1,BLIND_RETRY_24H,0,RETRY_LINK_NOW,RULE_HIGH_PROB_IMMEDIATE_RETRY,1
pay_syn_42_03722,payment_cancelled,upi,68635,686.35,0,0.2649,0,BLIND_RETRY_24H,0,RETRY_LINK_DELAYED,RULE_LOW_PROB_DELAYED_NUDGE,0
pay_syn_42_03723,insufficient_funds,upi,32427,324.27,0,0.3726,0,BLIND_RETRY_24H,0,RETRY_LINK_DELAYED,RULE_LOW_PROB_DELAYED_NUDGE,1
pay_syn_42_03724,card_expired,wallet,142838,1428.38,0,0.0,0,BLIND_RETRY_24H,0,ESCALATE_HUMAN,RULE_HARD_DECLINE_COMPLIANCE,0
pay_syn_42_03725,insufficient_funds,upi,125436,1254.36,0,0.3656,0,BLIND_RETRY_24H,0,RETRY_LINK_NOW,RULE_HIGH_PROB_IMMEDIATE_RETRY,0
pay_syn_42_03726,risk_check_failed,upi,20606,206.06,0,0.0,0,BLIND_RETRY_24H,0,ESCALATE_HUMAN,RULE_HARD_DECLINE_COMPLIANCE,0
pay_syn_42_03727,invalid_otp,card,54966,549.66,0,0.57,0,BLIND_RETRY_24H,1,RETRY_LINK_NOW,RULE_HIGH_PROB_IMMEDIATE_RETRY,1
pay_syn_42_03728,insufficient_funds,upi,164679,1646.79,0,0.3626,1,BLIND_RETRY_24H,1,RETRY_LINK_DELAYED,RULE_LOW_PROB_DELAYED_NUDGE,1
pay_syn_42_03729,invalid_otp,wallet,283534,2835.34,0,0.612,1,BLIND_RETRY_24H,1,RETRY_LINK_NOW,RULE_HIGH_PROB_IMMEDIATE_RETRY,1
pay_syn_42_03730,fraud_suspected,upi,386128,3861.28,0,0.0,0,BLIND_RETRY_24H,0,ESCALATE_HUMAN,RULE_HARD_DECLINE_COMPLIANCE,0
pay_syn_42_03731,payment_timed_out,netbanking,311576,3115.76,0,0.5525,0,BLIND_RETRY_24H,1,RETRY_LINK_NOW,RULE_HIGH_PROB_IMMEDIATE_RETRY,1
pay_syn_42_03732,insufficient_funds,card,133691,1336.91,0,0.3302,0,BLIND_RETRY_24H,0,RETRY_LINK_DELAYED,RULE_LOW_PROB_DELAYED_NUDGE,0
pay_syn_42_03733,payment_timed_out,wallet,27518,275.18,0,0.663,1,BLIND_RETRY_24H,0,RETRY_LINK_NOW,RULE_HIGH_PROB_IMMEDIATE_RETRY,1
pay_syn_42_03734,payment_timed_out,upi,104546,1045.46,1,0.546,1,BLIND_RETRY_24H,0,RETRY_LINK_NOW,RULE_HIGH_PROB_IMMEDIATE_RETRY,1
pay_syn_42_03735,payment_cancelled,upi,9788,97.88,0,0.2693,0,BLIND_RETRY_24H,0,RETRY_LINK_DELAYED,RULE_LOW_PROB_DELAYED_NUDGE,0
pay_syn_42_03736,payment_cancelled,upi,165560,1655.6,0,0.2575,0,BLIND_RETRY_24H,0,RETRY_LINK_DELAYED,RULE_LOW_PROB_DELAYED_NUDGE,0
pay_syn_42_03737,invalid_otp,upi,65198,651.98,0,0.63,1,BLIND_RETRY_24H,0,RETRY_LINK_NOW,RULE_HIGH_PROB_IMMEDIATE_RETRY,1
pay_syn_42_03738,card_expired,wallet,14055,140.55,1,0.0,0,BLIND_RETRY_24H,0,ESCALATE_HUMAN,RULE_HARD_DECLINE_COMPLIANCE,0
pay_syn_42_03739,invalid_otp,upi,202007,2020.07,0,0.63,0,BLIND_RETRY_24H,0,RETRY_LINK_NOW,RULE_HIGH_PROB_IMMEDIATE_RETRY,1
pay_syn_42_03740,card_expired,upi,664074,6640.74,0,0.0,0,BLIND_RETRY_24H,0,ESCALATE_HUMAN,RULE_HARD_DECLINE_COMPLIANCE,0
pay_syn_42_03741,payment_cancelled,upi,23866,238.66,2,0.1717,0,BLIND_RETRY_24H,0,STOP,RULE_MAX_RETRIES_EXCEEDED,0
pay_syn_42_03742,payment_timed_out,upi,221484,2214.84,0,0.6825,1,BLIND_RETRY_24H,0,RETRY_LINK_NOW,RULE_HIGH_PROB_IMMEDIATE_RETRY,1
pay_syn_42_03743,invalid_otp,upi,86894,868.94,0,0.63,1,BLIND_RETRY_24H,0,RETRY_LINK_NOW,RULE_HIGH_PROB_IMMEDIATE_RETRY,1
pay_syn_42_03744,card_expired,upi,57902,579.02,0,0.0,0,BLIND_RETRY_24H,0,ESCALATE_HUMAN,RULE_HARD_DECLINE_COMPLIANCE,0
pay_syn_42_03745,fraud_suspected,upi,58033,580.33,0,0.0,0,BLIND_RETRY_24H,0,ESCALATE_HUMAN,RULE_HARD_DECLINE_COMPLIANCE,0
pay_syn_42_03746,insufficient_funds,upi,86873,868.73,0,0.3685,0,BLIND_RETRY_24H,0,RETRY_LINK_DELAYED,RULE_LOW_PROB_DELAYED_NUDGE,0
pay_syn_42_03747,risk_check_failed,upi,86538,865.38,1,0.0,0,BLIND_RETRY_24H,0,ESCALATE_HUMAN,RULE_HARD_DECLINE_COMPLIANCE,0
pay_syn_42_03748,stolen_card,upi,127970,1279.7,0,0.0,0,BLIND_RETRY_24H,0,ESCALATE_HUMAN,RULE_HARD_DECLINE_COMPLIANCE,0
pay_syn_42_03749,insufficient_funds,upi,52382,523.82,0,0.3711,0,BLIND_RETRY_24H,0,RETRY_LINK_DELAYED,RULE_LOW_PROB_DELAYED_NUDGE,1
pay_syn_42_03750,invalid_otp,card,64138,641.38,1,0.456,1,BLIND_RETRY_24H,0,RETRY_LINK_NOW,RULE_HIGH_PROB_IMMEDIATE_RETRY,1
pay_syn_42_03751,insufficient_funds,upi,246069,2460.69,1,0.2852,0,BLIND_RETRY_24H,0,RETRY_LINK_DELAYED,RULE_LOW_PROB_DELAYED_NUDGE,0
pay_syn_42_03752,card_expired,upi,47807,478.07,0,0.0,0,BLIND_RETRY_24H,0,ESCALATE_HUMAN,RULE_HARD_DECLINE_COMPLIANCE,0
pay_syn_42_03753,card_expired,upi,177753,1777.53,2,0.0,0,BLIND_RETRY_24H,0,STOP,RULE_MAX_RETRIES_EXCEEDED,0
pay_syn_42_03754,bank_account_invalid,upi,91697,916.97,0,0.0,0,BLIND_RETRY_24H,0,ESCALATE_HUMAN,RULE_HARD_DECLINE_COMPLIANCE,0
pay_syn_42_03755,card_expired,upi,73539,735.39,0,0.0,0,BLIND_RETRY_24H,0,ESCALATE_HUMAN,RULE_HARD_DECLINE_COMPLIANCE,0
pay_syn_42_03756,payment_timed_out,card,988161,9881.61,2,0.3952,1,BLIND_RETRY_24H,0,STOP,RULE_MAX_RETRIES_EXCEEDED,0
pay_syn_42_03757,payment_cancelled,wallet,33155,331.55,0,0.2599,0,BLIND_RETRY_24H,0,RETRY_LINK_DELAYED,RULE_LOW_PROB_DELAYED_NUDGE,1
pay_syn_42_03758,gateway_technical_error,card,725737,7257.37,0,0.665,1,BLIND_RETRY_24H,0,RETRY_LINK_NOW,RULE_HIGH_PROB_IMMEDIATE_RETRY,1
pay_syn_42_03759,bank_account_invalid,upi,334919,3349.19,0,0.0,0,BLIND_RETRY_24H,0,ESCALATE_HUMAN,RULE_HARD_DECLINE_COMPLIANCE,0
pay_syn_42_03760,fraud_suspected,upi,66963,669.63,0,0.0,0,BLIND_RETRY_24H,0,ESCALATE_HUMAN,RULE_HARD_DECLINE_COMPLIANCE,0
pay_syn_42_03761,insufficient_funds,card,346571,3465.71,2,0.202,0,BLIND_RETRY_24H,0,STOP,RULE_MAX_RETRIES_EXCEEDED,0
pay_syn_42_03762,card_expired,upi,6815,68.15,0,0.0,0,BLIND_RETRY_24H,0,ESCALATE_HUMAN,RULE_HARD_DECLINE_COMPLIANCE,0
pay_syn_42_03763,payment_timed_out,card,60669,606.69,0,0.6175,1,BLIND_RETRY_24H,0,RETRY_LINK_NOW,RULE_HIGH_PROB_IMMEDIATE_RETRY,1
pay_syn_42_03764,payment_cancelled,card,48470,484.7,0,0.241,1,BLIND_RETRY_24H,0,RETRY_LINK_DELAYED,RULE_LOW_PROB_DELAYED_NUDGE,0
pay_syn_42_03765,gateway_technical_error,upi,204740,2047.4,1,0.588,1,BLIND_RETRY_24H,0,RETRY_LINK_NOW,RULE_HIGH_PROB_IMMEDIATE_RETRY,1
pay_syn_42_03766,invalid_otp,upi,290133,2901.33,1,0.504,0,BLIND_RETRY_24H,0,RETRY_LINK_NOW,RULE_HIGH_PROB_IMMEDIATE_RETRY,0
pay_syn_42_03767,payment_cancelled,upi,201006,2010.06,0,0.2549,1,BLIND_RETRY_24H,0,RETRY_LINK_DELAYED,RULE_LOW_PROB_DELAYED_NUDGE,0
pay_syn_42_03768,authentication_failed,card,153566,1535.66,0,0.5225,1,BLIND_RETRY_24H,0,RETRY_LINK_NOW,RULE_HIGH_PROB_IMMEDIATE_RETRY,1
pay_syn_42_03769,gateway_technical_error,upi,375057,3750.57,0,0.735,1,BLIND_RETRY_24H,1,RETRY_LINK_NOW,RULE_HIGH_PROB_IMMEDIATE_RETRY,1
pay_syn_42_03770,payment_cancelled,card,314834,3148.34,0,0.2228,0,BLIND_RETRY_24H,1,RETRY_LINK_DELAYED,RULE_LOW_PROB_DELAYED_NUDGE,1
pay_syn_42_03771,payment_timed_out,upi,65312,653.12,0,0.6825,0,BLIND_RETRY_24H,0,RETRY_LINK_NOW,RULE_HIGH_PROB_IMMEDIATE_RETRY,1
pay_syn_42_03772,bank_account_invalid,card,73160,731.6,0,0.0,0,BLIND_RETRY_24H,0,ESCALATE_HUMAN,RULE_HARD_DECLINE_COMPLIANCE,0
pay_syn_42_03773,gateway_technical_error,card,294155,2941.55,0,0.665,1,BLIND_RETRY_24H,0,RETRY_LINK_NOW,RULE_HIGH_PROB_IMMEDIATE_RETRY,1
pay_syn_42_03774,card_expired,upi,126619,1266.19,0,0.0,0,BLIND_RETRY_24H,0,ESCALATE_HUMAN,RULE_HARD_DECLINE_COMPLIANCE,0
pay_syn_42_03775,payment_timed_out,upi,136340,1363.4,0,0.6825,1,BLIND_RETRY_24H,0,RETRY_LINK_NOW,RULE_HIGH_PROB_IMMEDIATE_RETRY,0
pay_syn_42_03776,payment_cancelled,card,156813,1568.13,0,0.2336,0,BLIND_RETRY_24H,0,RETRY_LINK_DELAYED,RULE_LOW_PROB_DELAYED_NUDGE,1
pay_syn_42_03777,insufficient_funds,card,19423,194.23,0,0.338,1,BLIND_RETRY_24H,0,RETRY_LINK_NOW,RULE_HIGH_PROB_IMMEDIATE_RETRY,0
pay_syn_42_03778,invalid_otp,upi,62349,623.49,0,0.63,0,BLIND_RETRY_24H,0,RETRY_LINK_NOW,RULE_HIGH_PROB_IMMEDIATE_RETRY,1
pay_syn_42_03779,invalid_otp,upi,225400,2254.0,2,0.4032,1,BLIND_RETRY_24H,0,STOP,RULE_MAX_RETRIES_EXCEEDED,0
pay_syn_42_03780,payment_timed_out,card,61819,618.19,0,0.6175,1,BLIND_RETRY_24H,0,RETRY_LINK_NOW,RULE_HIGH_PROB_IMMEDIATE_RETRY,1
pay_syn_42_03781,invalid_otp,upi,103113,1031.13,1,0.504,1,BLIND_RETRY_24H,0,RETRY_LINK_NOW,RULE_HIGH_PROB_IMMEDIATE_RETRY,1
pay_syn_42_03782,insufficient_funds,upi,223741,2237.41,0,0.3581,0,BLIND_RETRY_24H,0,RETRY_LINK_DELAYED,RULE_LOW_PROB_DELAYED_NUDGE,0
pay_syn_42_03783,invalid_otp,card,401088,4010.88,0,0.57,1,BLIND_RETRY_24H,1,RETRY_LINK_NOW,RULE_HIGH_PROB_IMMEDIATE_RETRY,1
pay_syn_42_03784,payment_timed_out,upi,462895,4628.95,0,0.6825,1,BLIND_RETRY_24H,0,RETRY_LINK_NOW,RULE_HIGH_PROB_IMMEDIATE_RETRY,1
pay_syn_42_03785,payment_timed_out,card,496515,4965.15,1,0.494,1,BLIND_RETRY_24H,0,RETRY_LINK_NOW,RULE_HIGH_PROB_IMMEDIATE_RETRY,0
pay_syn_42_03786,risk_check_failed,upi,113963,1139.63,0,0.0,0,BLIND_RETRY_24H,0,ESCALATE_HUMAN,RULE_HARD_DECLINE_COMPLIANCE,0
pay_syn_42_03787,payment_timed_out,upi,101810,1018.1,0,0.6825,1,BLIND_RETRY_24H,0,RETRY_LINK_NOW,RULE_HIGH_PROB_IMMEDIATE_RETRY,1
pay_syn_42_03788,card_expired,upi,37266,372.66,0,0.0,0,BLIND_RETRY_24H,0,ESCALATE_HUMAN,RULE_HARD_DECLINE_COMPLIANCE,0
pay_syn_42_03789,card_expired,upi,669074,6690.74,0,0.0,0,BLIND_RETRY_24H,0,ESCALATE_HUMAN,RULE_HARD_DECLINE_COMPLIANCE,0
pay_syn_42_03790,authentication_failed,upi,97311,973.11,1,0.462,0,BLIND_RETRY_24H,0,RETRY_LINK_NOW,RULE_HIGH_PROB_IMMEDIATE_RETRY,0
pay_syn_42_03791,gateway_technical_error,netbanking,648820,6488.2,0,0.595,1,BLIND_RETRY_24H,1,RETRY_LINK_NOW,RULE_HIGH_PROB_IMMEDIATE_RETRY,0
pay_syn_42_03792,invalid_otp,upi,183212,1832.12,0,0.63,1,BLIND_RETRY_24H,1,RETRY_LINK_NOW,RULE_HIGH_PROB_IMMEDIATE_RETRY,1
pay_syn_42_03793,payment_cancelled,card,424391,4243.91,0,0.2153,0,BLIND_RETRY_24H,0,RETRY_LINK_DELAYED,RULE_LOW_PROB_DELAYED_NUDGE,1
pay_syn_42_03794,invalid_otp,upi,122516,1225.16,1,0.504,0,BLIND_RETRY_24H,0,RETRY_LINK_NOW,RULE_HIGH_PROB_IMMEDIATE_RETRY,0
pay_syn_42_03795,card_expired,card,250264,2502.64,1,0.0,0,BLIND_RETRY_24H,0,ESCALATE_HUMAN,RULE_HARD_DECLINE_COMPLIANCE,0
pay_syn_42_03796,payment_cancelled,upi,442497,4424.97,0,0.2366,0,BLIND_RETRY_24H,0,RETRY_LINK_DELAYED,RULE_LOW_PROB_DELAYED_NUDGE,0
pay_syn_42_03797,payment_timed_out,card,77352,773.52,0,0.6175,1,BLIND_RETRY_24H,0,RETRY_LINK_NOW,RULE_HIGH_PROB_IMMEDIATE_RETRY,1
pay_syn_42_03798,gateway_technical_error,upi,499846,4998.46,0,0.735,1,BLIND_RETRY_24H,1,RETRY_LINK_NOW,RULE_HIGH_PROB_IMMEDIATE_RETRY,1
pay_syn_42_03799,insufficient_funds,upi,42440,424.4,1,0.2975,0,BLIND_RETRY_24H,0,RETRY_LINK_DELAYED,RULE_LOW_PROB_DELAYED_NUDGE,1
pay_syn_42_03800,card_expired,wallet,953109,9531.09,0,0.0,0,BLIND_RETRY_24H,0,ESCALATE_HUMAN,RULE_HARD_DECLINE_COMPLIANCE,0
pay_syn_42_03801,insufficient_funds,upi,157503,1575.03,0,0.3632,0,BLIND_RETRY_24H,0,RETRY_LINK_DELAYED,RULE_LOW_PROB_DELAYED_NUDGE,0
pay_syn_42_03802,payment_cancelled,card,63362,633.62,0,0.24,0,BLIND_RETRY_24H,0,RETRY_LINK_DELAYED,RULE_LOW_PROB_DELAYED_NUDGE,0
pay_syn_42_03803,payment_timed_out,card,327108,3271.08,0,0.6175,1,BLIND_RETRY_24H,0,RETRY_LINK_NOW,RULE_HIGH_PROB_IMMEDIATE_RETRY,1
pay_syn_42_03804,gateway_technical_error,card,192968,1929.68,0,0.665,1,BLIND_RETRY_24H,0,RETRY_LINK_NOW,RULE_HIGH_PROB_IMMEDIATE_RETRY,0
pay_syn_42_03805,gateway_technical_error,upi,20404,204.04,1,0.588,1,BLIND_RETRY_24H,0,RETRY_LINK_NOW,RULE_HIGH_PROB_IMMEDIATE_RETRY,0
pay_syn_42_03806,gateway_technical_error,netbanking,86922,869.22,0,0.595,1,BLIND_RETRY_24H,0,RETRY_LINK_NOW,RULE_HIGH_PROB_IMMEDIATE_RETRY,0
pay_syn_42_03807,gateway_technical_error,upi,44521,445.21,0,0.735,0,BLIND_RETRY_24H,0,RETRY_LINK_NOW,RULE_HIGH_PROB_IMMEDIATE_RETRY,1
pay_syn_42_03808,insufficient_funds,upi,48570,485.7,0,0.3714,1,BLIND_RETRY_24H,0,RETRY_LINK_DELAYED,RULE_LOW_PROB_DELAYED_NUDGE,0
pay_syn_42_03809,payment_cancelled,upi,46868,468.68,0,0.2665,0,BLIND_RETRY_24H,1,RETRY_LINK_DELAYED,RULE_LOW_PROB_DELAYED_NUDGE,1
pay_syn_42_03810,payment_timed_out,upi,236857,2368.57,0,0.6825,1,BLIND_RETRY_24H,1,RETRY_LINK_NOW,RULE_HIGH_PROB_IMMEDIATE_RETRY,1
pay_syn_42_03811,payment_timed_out,upi,358193,3581.93,0,0.6825,0,BLIND_RETRY_24H,0,RETRY_LINK_NOW,RULE_HIGH_PROB_IMMEDIATE_RETRY,1
pay_syn_42_03812,authentication_failed,upi,57654,576.54,0,0.5775,1,BLIND_RETRY_24H,0,RETRY_LINK_NOW,RULE_HIGH_PROB_IMMEDIATE_RETRY,1
pay_syn_42_03813,card_expired,upi,15827,158.27,1,0.0,0,BLIND_RETRY_24H,0,ESCALATE_HUMAN,RULE_HARD_DECLINE_COMPLIANCE,0
pay_syn_42_03814,payment_cancelled,upi,9718,97.18,1,0.2155,0,BLIND_RETRY_24H,0,RETRY_LINK_DELAYED,RULE_LOW_PROB_DELAYED_NUDGE,0
pay_syn_42_03815,insufficient_funds,upi,1297322,12973.22,0,0.277,0,BLIND_RETRY_24H,0,ESCALATE_HUMAN,RULE_HIGH_AMOUNT_ESCALATION,0
pay_syn_42_03816,payment_cancelled,card,159384,1593.84,0,0.2334,1,BLIND_RETRY_24H,0,RETRY_LINK_DELAYED,RULE_LOW_PROB_DELAYED_NUDGE,0
pay_syn_42_03817,payment_timed_out,upi,330012,3300.12,0,0.6825,0,BLIND_RETRY_24H,0,RETRY_LINK_NOW,RULE_HIGH_PROB_IMMEDIATE_RETRY,1
pay_syn_42_03818,card_blocked,upi,108028,1080.28,1,0.0,0,BLIND_RETRY_24H,0,ESCALATE_HUMAN,RULE_HARD_DECLINE_COMPLIANCE,0
pay_syn_42_03819,payment_timed_out,upi,12949,129.49,0,0.6825,1,BLIND_RETRY_24H,0,RETRY_LINK_NOW,RULE_HIGH_PROB_IMMEDIATE_RETRY,1
pay_syn_42_03820,invalid_otp,upi,211113,2111.13,2,0.4032,0,BLIND_RETRY_24H,0,STOP,RULE_MAX_RETRIES_EXCEEDED,0
pay_syn_42_03821,stolen_card,upi,823073,8230.73,0,0.0,0,BLIND_RETRY_24H,0,ESCALATE_HUMAN,RULE_HARD_DECLINE_COMPLIANCE,0
pay_syn_42_03822,fraud_suspected,upi,67039,670.39,0,0.0,0,BLIND_RETRY_24H,0,ESCALATE_HUMAN,RULE_HARD_DECLINE_COMPLIANCE,0
pay_syn_42_03823,gateway_technical_error,upi,11682,116.82,0,0.735,1,BLIND_RETRY_24H,0,RETRY_LINK_NOW,RULE_HIGH_PROB_IMMEDIATE_RETRY,1
pay_syn_42_03824,bank_account_invalid,upi,37056,370.56,0,0.0,0,BLIND_RETRY_24H,0,ESCALATE_HUMAN,RULE_HARD_DECLINE_COMPLIANCE,0
pay_syn_42_03825,authentication_failed,upi,349598,3495.98,1,0.462,1,BLIND_RETRY_24H,0,RETRY_LINK_NOW,RULE_HIGH_PROB_IMMEDIATE_RETRY,0
pay_syn_42_03826,payment_cancelled,upi,191302,1913.02,0,0.2556,0,BLIND_RETRY_24H,1,RETRY_LINK_DELAYED,RULE_LOW_PROB_DELAYED_NUDGE,0
pay_syn_42_03827,invalid_otp,upi,502472,5024.72,0,0.63,1,BLIND_RETRY_24H,0,RETRY_LINK_NOW,RULE_HIGH_PROB_IMMEDIATE_RETRY,0
pay_syn_42_03828,invalid_otp,card,135244,1352.44,0,0.57,0,BLIND_RETRY_24H,0,RETRY_LINK_NOW,RULE_HIGH_PROB_IMMEDIATE_RETRY,1
pay_syn_42_03829,payment_timed_out,upi,284380,2843.8,1,0.546,1,BLIND_RETRY_24H,0,RETRY_LINK_NOW,RULE_HIGH_PROB_IMMEDIATE_RETRY,1
pay_syn_42_03830,payment_cancelled,card,84276,842.76,0,0.2386,0,BLIND_RETRY_24H,0,RETRY_LINK_DELAYED,RULE_LOW_PROB_DELAYED_NUDGE,0
pay_syn_42_03831,payment_timed_out,netbanking,39989,399.89,2,0.3536,1,BLIND_RETRY_24H,0,STOP,RULE_MAX_RETRIES_EXCEEDED,0
pay_syn_42_03832,insufficient_funds,card,285312,2853.12,1,0.2559,0,BLIND_RETRY_24H,0,RETRY_LINK_DELAYED,RULE_LOW_PROB_DELAYED_NUDGE,0
pay_syn_42_03833,payment_timed_out,netbanking,356551,3565.51,0,0.5525,0,BLIND_RETRY_24H,0,RETRY_LINK_NOW,RULE_HIGH_PROB_IMMEDIATE_RETRY,0
pay_syn_42_03834,card_expired,upi,68678,686.78,0,0.0,0,BLIND_RETRY_24H,0,ESCALATE_HUMAN,RULE_HARD_DECLINE_COMPLIANCE,0
pay_syn_42_03835,invalid_otp,upi,728124,7281.24,1,0.504,0,BLIND_RETRY_24H,0,RETRY_LINK_DELAYED,RULE_LOW_PROB_DELAYED_NUDGE,0
pay_syn_42_03836,authentication_failed,upi,755253,7552.53,0,0.5775,1,BLIND_RETRY_24H,0,RETRY_LINK_NOW,RULE_HIGH_PROB_IMMEDIATE_RETRY,1
pay_syn_42_03837,invalid_otp,card,47161,471.61,0,0.57,1,BLIND_RETRY_24H,0,RETRY_LINK_NOW,RULE_HIGH_PROB_IMMEDIATE_RETRY,1
pay_syn_42_03838,fraud_suspected,upi,49394,493.94,1,0.0,0,BLIND_RETRY_24H,0,ESCALATE_HUMAN,RULE_HARD_DECLINE_COMPLIANCE,0
pay_syn_42_03839,fraud_suspected,card,51782,517.82,0,0.0,0,BLIND_RETRY_24H,0,ESCALATE_HUMAN,RULE_HARD_DECLINE_COMPLIANCE,0
pay_syn_42_03840,insufficient_funds,upi,116539,1165.39,0,0.3662,1,BLIND_RETRY_24H,0,RETRY_LINK_DELAYED,RULE_LOW_PROB_DELAYED_NUDGE,1
pay_syn_42_03841,invalid_otp,upi,88608,886.08,0,0.63,1,BLIND_RETRY_24H,0,RETRY_LINK_NOW,RULE_HIGH_PROB_IMMEDIATE_RETRY,1
pay_syn_42_03842,payment_cancelled,upi,31884,318.84,0,0.2676,0,BLIND_RETRY_24H,1,RETRY_LINK_DELAYED,RULE_LOW_PROB_DELAYED_NUDGE,0
pay_syn_42_03843,payment_timed_out,upi,53318,533.18,0,0.6825,1,BLIND_RETRY_24H,0,RETRY_LINK_NOW,RULE_HIGH_PROB_IMMEDIATE_RETRY,1
pay_syn_42_03844,card_expired,upi,13195,131.95,0,0.0,0,BLIND_RETRY_24H,0,ESCALATE_HUMAN,RULE_HARD_DECLINE_COMPLIANCE,0
pay_syn_42_03845,invalid_otp,upi,15432,154.32,1,0.504,1,BLIND_RETRY_24H,1,RETRY_LINK_NOW,RULE_HIGH_PROB_IMMEDIATE_RETRY,1
pay_syn_42_03846,authentication_failed,wallet,26263,262.63,0,0.561,1,BLIND_RETRY_24H,0,RETRY_LINK_NOW,RULE_HIGH_PROB_IMMEDIATE_RETRY,0
pay_syn_42_03847,insufficient_funds,card,1198295,11982.95,1,0.2059,0,BLIND_RETRY_24H,0,ESCALATE_HUMAN,RULE_HIGH_AMOUNT_ESCALATION,0
pay_syn_42_03848,authentication_failed,upi,1006970,10069.7,0,0.5775,1,BLIND_RETRY_24H,0,ESCALATE_HUMAN,RULE_HIGH_AMOUNT_ESCALATION,0
pay_syn_42_03849,invalid_otp,upi,305401,3054.01,0,0.63,0,BLIND_RETRY_24H,0,RETRY_LINK_NOW,RULE_HIGH_PROB_IMMEDIATE_RETRY,1
pay_syn_42_03850,payment_timed_out,upi,69421,694.21,2,0.4368,1,BLIND_RETRY_24H,1,STOP,RULE_MAX_RETRIES_EXCEEDED,0
pay_syn_42_03851,gateway_technical_error,upi,25850,258.5,1,0.588,1,BLIND_RETRY_24H,0,RETRY_LINK_NOW,RULE_HIGH_PROB_IMMEDIATE_RETRY,0
pay_syn_42_03852,invalid_otp,card,132143,1321.43,0,0.57,1,BLIND_RETRY_24H,1,RETRY_LINK_NOW,RULE_HIGH_PROB_IMMEDIATE_RETRY,1
pay_syn_42_03853,payment_timed_out,upi,217884,2178.84,0,0.6825,1,BLIND_RETRY_24H,0,RETRY_LINK_NOW,RULE_HIGH_PROB_IMMEDIATE_RETRY,1
pay_syn_42_03854,payment_timed_out,upi,58651,586.51,0,0.6825,1,BLIND_RETRY_24H,0,RETRY_LINK_NOW,RULE_HIGH_PROB_IMMEDIATE_RETRY,0
pay_syn_42_03855,insufficient_funds,card,204789,2047.89,0,0.3253,0,BLIND_RETRY_24H,0,RETRY_LINK_DELAYED,RULE_LOW_PROB_DELAYED_NUDGE,0
pay_syn_42_03856,authentication_failed,upi,36712,367.12,0,0.5775,0,BLIND_RETRY_24H,1,RETRY_LINK_NOW,RULE_HIGH_PROB_IMMEDIATE_RETRY,1
pay_syn_42_03857,payment_cancelled,upi,70916,709.16,1,0.2118,0,BLIND_RETRY_24H,0,RETRY_LINK_DELAYED,RULE_LOW_PROB_DELAYED_NUDGE,0
pay_syn_42_03858,insufficient_funds,upi,100847,1008.47,1,0.2939,1,BLIND_RETRY_24H,0,RETRY_LINK_DELAYED,RULE_LOW_PROB_DELAYED_NUDGE,1
pay_syn_42_03859,card_expired,upi,1049004,10490.04,1,0.0,0,BLIND_RETRY_24H,0,ESCALATE_HUMAN,RULE_HARD_DECLINE_COMPLIANCE,0
pay_syn_42_03860,payment_timed_out,upi,52533,525.33,0,0.6825,1,BLIND_RETRY_24H,0,RETRY_LINK_NOW,RULE_HIGH_PROB_IMMEDIATE_RETRY,1
pay_syn_42_03861,invalid_otp,card,1964040,19640.4,0,0.57,0,BLIND_RETRY_24H,0,ESCALATE_HUMAN,RULE_HIGH_AMOUNT_ESCALATION,0
pay_syn_42_03862,payment_timed_out,card,216644,2166.44,0,0.6175,1,BLIND_RETRY_24H,0,RETRY_LINK_NOW,RULE_HIGH_PROB_IMMEDIATE_RETRY,0
pay_syn_42_03863,gateway_technical_error,upi,2165346,21653.46,0,0.735,0,BLIND_RETRY_24H,0,ESCALATE_HUMAN,RULE_HIGH_AMOUNT_ESCALATION,0
pay_syn_42_03864,authentication_failed,upi,44901,449.01,0,0.5775,0,BLIND_RETRY_24H,1,RETRY_LINK_NOW,RULE_HIGH_PROB_IMMEDIATE_RETRY,0
pay_syn_42_03865,bank_account_invalid,upi,39054,390.54,0,0.0,0,BLIND_RETRY_24H,0,ESCALATE_HUMAN,RULE_HARD_DECLINE_COMPLIANCE,0
pay_syn_42_03866,invalid_otp,upi,58385,583.85,0,0.63,1,BLIND_RETRY_24H,0,RETRY_LINK_NOW,RULE_HIGH_PROB_IMMEDIATE_RETRY,0
pay_syn_42_03867,payment_cancelled,card,137275,1372.75,0,0.235,1,BLIND_RETRY_24H,0,RETRY_LINK_DELAYED,RULE_LOW_PROB_DELAYED_NUDGE,0
pay_syn_42_03868,insufficient_funds,card,862915,8629.15,1,0.2243,0,BLIND_RETRY_24H,0,RETRY_LINK_DELAYED,RULE_LOW_PROB_DELAYED_NUDGE,0
pay_syn_42_03869,insufficient_funds,wallet,67859,678.59,1,0.2875,0,BLIND_RETRY_24H,0,RETRY_LINK_DELAYED,RULE_LOW_PROB_DELAYED_NUDGE,0
pay_syn_42_03870,authentication_failed,card,359883,3598.83,1,0.418,0,BLIND_RETRY_24H,1,RETRY_LINK_NOW,RULE_HIGH_PROB_IMMEDIATE_RETRY,1
pay_syn_42_03871,gateway_technical_error,netbanking,1123395,11233.95,0,0.595,0,BLIND_RETRY_24H,0,ESCALATE_HUMAN,RULE_HIGH_AMOUNT_ESCALATION,0
pay_syn_42_03872,risk_check_failed,card,177655,1776.55,1,0.0,0,BLIND_RETRY_24H,0,ESCALATE_HUMAN,RULE_HARD_DECLINE_COMPLIANCE,0
pay_syn_42_03873,invalid_otp,upi,446613,4466.13,0,0.63,1,BLIND_RETRY_24H,1,RETRY_LINK_NOW,RULE_HIGH_PROB_IMMEDIATE_RETRY,0
pay_syn_42_03874,card_expired,card,55192,551.92,0,0.0,0,BLIND_RETRY_24H,0,ESCALATE_HUMAN,RULE_HARD_DECLINE_COMPLIANCE,0
pay_syn_42_03875,gateway_technical_error,card,210059,2100.59,0,0.665,1,BLIND_RETRY_24H,1,RETRY_LINK_NOW,RULE_HIGH_PROB_IMMEDIATE_RETRY,0
pay_syn_42_03876,authentication_failed,card,278859,2788.59,1,0.418,1,BLIND_RETRY_24H,0,RETRY_LINK_NOW,RULE_HIGH_PROB_IMMEDIATE_RETRY,1
pay_syn_42_03877,invalid_otp,upi,30430,304.3,0,0.63,1,BLIND_RETRY_24H,1,RETRY_LINK_NOW,RULE_HIGH_PROB_IMMEDIATE_RETRY,1
pay_syn_42_03878,gateway_technical_error,card,49836,498.36,0,0.665,0,BLIND_RETRY_24H,0,RETRY_LINK_NOW,RULE_HIGH_PROB_IMMEDIATE_RETRY,1
pay_syn_42_03879,payment_timed_out,upi,96207,962.07,0,0.6825,1,BLIND_RETRY_24H,0,RETRY_LINK_NOW,RULE_HIGH_PROB_IMMEDIATE_RETRY,1
pay_syn_42_03880,payment_timed_out,card,22362,223.62,0,0.6175,0,BLIND_RETRY_24H,1,RETRY_LINK_NOW,RULE_HIGH_PROB_IMMEDIATE_RETRY,1
pay_syn_42_03881,authentication_failed,card,60073,600.73,1,0.418,1,BLIND_RETRY_24H,0,RETRY_LINK_NOW,RULE_HIGH_PROB_IMMEDIATE_RETRY,0
pay_syn_42_03882,insufficient_funds,upi,108799,1087.99,1,0.2935,0,BLIND_RETRY_24H,0,RETRY_LINK_DELAYED,RULE_LOW_PROB_DELAYED_NUDGE,0
pay_syn_42_03883,card_expired,upi,26404,264.04,1,0.0,0,BLIND_RETRY_24H,0,ESCALATE_HUMAN,RULE_HARD_DECLINE_COMPLIANCE,0
pay_syn_42_03884,payment_timed_out,upi,976082,9760.82,0,0.6825,1,BLIND_RETRY_24H,1,RETRY_LINK_NOW,RULE_HIGH_PROB_IMMEDIATE_RETRY,1
pay_syn_42_03885,insufficient_funds,card,407214,4072.14,1,0.2492,1,BLIND_RETRY_24H,0,RETRY_LINK_NOW,RULE_HIGH_PROB_IMMEDIATE_RETRY,0
pay_syn_42_03886,insufficient_funds,netbanking,5000000,50000.0,0,0.1275,1,BLIND_RETRY_24H,0,ESCALATE_HUMAN,RULE_HIGH_AMOUNT_ESCALATION,0
pay_syn_42_03887,invalid_otp,upi,34072,340.72,0,0.63,1,BLIND_RETRY_24H,0,RETRY_LINK_NOW,RULE_HIGH_PROB_IMMEDIATE_RETRY,0
pay_syn_42_03888,invalid_otp,upi,219692,2196.92,0,0.63,1,BLIND_RETRY_24H,0,RETRY_LINK_NOW,RULE_HIGH_PROB_IMMEDIATE_RETRY,0
pay_syn_42_03889,card_lost_or_stolen,upi,60654,606.54,0,0.0,0,BLIND_RETRY_24H,0,ESCALATE_HUMAN,RULE_HARD_DECLINE_COMPLIANCE,0
pay_syn_42_03890,gateway_technical_error,netbanking,38830,388.3,0,0.595,1,BLIND_RETRY_24H,0,RETRY_LINK_NOW,RULE_HIGH_PROB_IMMEDIATE_RETRY,1
pay_syn_42_03891,payment_cancelled,upi,379518,3795.18,0,0.2414,1,BLIND_RETRY_24H,0,RETRY_LINK_DELAYED,RULE_LOW_PROB_DELAYED_NUDGE,0
pay_syn_42_03892,payment_cancelled,card,142297,1422.97,0,0.2346,0,BLIND_RETRY_24H,0,RETRY_LINK_DELAYED,RULE_LOW_PROB_DELAYED_NUDGE,0
pay_syn_42_03893,authentication_failed,upi,89433,894.33,0,0.5775,1,BLIND_RETRY_24H,0,RETRY_LINK_NOW,RULE_HIGH_PROB_IMMEDIATE_RETRY,0
pay_syn_42_03894,invalid_otp,card,183779,1837.79,0,0.57,1,BLIND_RETRY_24H,0,RETRY_LINK_NOW,RULE_HIGH_PROB_IMMEDIATE_RETRY,1
pay_syn_42_03895,payment_timed_out,netbanking,52031,520.31,1,0.442,0,BLIND_RETRY_24H,0,RETRY_LINK_DELAYED,RULE_LOW_PROB_DELAYED_NUDGE,1
pay_syn_42_03896,gateway_technical_error,card,50289,502.89,0,0.665,1,BLIND_RETRY_24H,0,RETRY_LINK_NOW,RULE_HIGH_PROB_IMMEDIATE_RETRY,1
pay_syn_42_03897,authentication_failed,card,62943,629.43,1,0.418,1,BLIND_RETRY_24H,1,RETRY_LINK_NOW,RULE_HIGH_PROB_IMMEDIATE_RETRY,1
pay_syn_42_03898,invalid_otp,upi,481607,4816.07,2,0.4032,0,BLIND_RETRY_24H,0,STOP,RULE_MAX_RETRIES_EXCEEDED,0
pay_syn_42_03899,payment_cancelled,upi,434018,4340.18,0,0.2372,0,BLIND_RETRY_24H,0,RETRY_LINK_DELAYED,RULE_LOW_PROB_DELAYED_NUDGE,1
pay_syn_42_03900,gateway_technical_error,upi,32551,325.51,0,0.735,1,BLIND_RETRY_24H,0,RETRY_LINK_NOW,RULE_HIGH_PROB_IMMEDIATE_RETRY,0
pay_syn_42_03901,payment_cancelled,upi,919135,9191.35,1,0.1605,1,BLIND_RETRY_24H,0,RETRY_LINK_DELAYED,RULE_LOW_PROB_DELAYED_NUDGE,0
pay_syn_42_03902,invalid_otp,netbanking,129379,1293.79,1,0.408,0,BLIND_RETRY_24H,0,RETRY_LINK_NOW,RULE_HIGH_PROB_IMMEDIATE_RETRY,0
pay_syn_42_03903,invalid_otp,card,215509,2155.09,0,0.57,1,BLIND_RETRY_24H,0,RETRY_LINK_NOW,RULE_HIGH_PROB_IMMEDIATE_RETRY,0
pay_syn_42_03904,risk_check_failed,upi,60856,608.56,0,0.0,0,BLIND_RETRY_24H,0,ESCALATE_HUMAN,RULE_HARD_DECLINE_COMPLIANCE,0
pay_syn_42_03905,invalid_otp,upi,137087,1370.87,2,0.4032,1,BLIND_RETRY_24H,0,STOP,RULE_MAX_RETRIES_EXCEEDED,0
pay_syn_42_03906,payment_timed_out,card,38600,386.0,0,0.6175,1,BLIND_RETRY_24H,0,RETRY_LINK_NOW,RULE_HIGH_PROB_IMMEDIATE_RETRY,0
pay_syn_42_03907,payment_timed_out,upi,56646,566.46,0,0.6825,1,BLIND_RETRY_24H,0,RETRY_LINK_NOW,RULE_HIGH_PROB_IMMEDIATE_RETRY,1
pay_syn_42_03908,gateway_technical_error,upi,342372,3423.72,0,0.735,0,BLIND_RETRY_24H,0,RETRY_LINK_NOW,RULE_HIGH_PROB_IMMEDIATE_RETRY,1
pay_syn_42_03909,payment_cancelled,upi,352227,3522.27,1,0.1947,0,BLIND_RETRY_24H,0,RETRY_LINK_DELAYED,RULE_LOW_PROB_DELAYED_NUDGE,0
pay_syn_42_03910,card_expired,card,227258,2272.58,0,0.0,0,BLIND_RETRY_24H,0,ESCALATE_HUMAN,RULE_HARD_DECLINE_COMPLIANCE,0
pay_syn_42_03911,invalid_otp,upi,83497,834.97,0,0.63,0,BLIND_RETRY_24H,1,RETRY_LINK_NOW,RULE_HIGH_PROB_IMMEDIATE_RETRY,0
pay_syn_42_03912,card_lost_or_stolen,wallet,32015,320.15,1,0.0,0,BLIND_RETRY_24H,0,ESCALATE_HUMAN,RULE_HARD_DECLINE_COMPLIANCE,0
pay_syn_42_03913,payment_cancelled,upi,559700,5597.0,1,0.1822,0,BLIND_RETRY_24H,1,RETRY_LINK_DELAYED,RULE_LOW_PROB_DELAYED_NUDGE,0
pay_syn_42_03914,gateway_technical_error,upi,385195,3851.95,0,0.735,1,BLIND_RETRY_24H,0,RETRY_LINK_NOW,RULE_HIGH_PROB_IMMEDIATE_RETRY,1
pay_syn_42_03915,invalid_otp,card,17726,177.26,1,0.456,1,BLIND_RETRY_24H,0,RETRY_LINK_NOW,RULE_HIGH_PROB_IMMEDIATE_RETRY,1
pay_syn_42_03916,payment_timed_out,upi,359726,3597.26,1,0.546,0,BLIND_RETRY_24H,0,RETRY_LINK_NOW,RULE_HIGH_PROB_IMMEDIATE_RETRY,1
pay_syn_42_03917,invalid_otp,netbanking,89376,893.76,0,0.51,0,BLIND_RETRY_24H,0,RETRY_LINK_NOW,RULE_HIGH_PROB_IMMEDIATE_RETRY,0
pay_syn_42_03918,card_expired,netbanking,290093,2900.93,0,0.0,0,BLIND_RETRY_24H,0,ESCALATE_HUMAN,RULE_HARD_DECLINE_COMPLIANCE,0
pay_syn_42_03919,invalid_otp,upi,26734,267.34,0,0.63,1,BLIND_RETRY_24H,0,RETRY_LINK_NOW,RULE_HIGH_PROB_IMMEDIATE_RETRY,1
pay_syn_42_03920,payment_timed_out,upi,64207,642.07,1,0.546,1,BLIND_RETRY_24H,0,RETRY_LINK_NOW,RULE_HIGH_PROB_IMMEDIATE_RETRY,0
pay_syn_42_03921,gateway_technical_error,wallet,148620,1486.2,0,0.714,0,BLIND_RETRY_24H,0,RETRY_LINK_NOW,RULE_HIGH_PROB_IMMEDIATE_RETRY,1
pay_syn_42_03922,authentication_failed,wallet,976635,9766.35,1,0.4488,1,BLIND_RETRY_24H,0,RETRY_LINK_NOW,RULE_HIGH_PROB_IMMEDIATE_RETRY,1
pay_syn_42_03923,authentication_failed,upi,2517472,25174.72,0,0.5775,0,BLIND_RETRY_24H,0,ESCALATE_HUMAN,RULE_HIGH_AMOUNT_ESCALATION,0
pay_syn_42_03924,insufficient_funds,upi,149051,1490.51,0,0.3638,1,BLIND_RETRY_24H,0,RETRY_LINK_DELAYED,RULE_LOW_PROB_DELAYED_NUDGE,0
pay_syn_42_03925,card_expired,upi,457494,4574.94,0,0.0,0,BLIND_RETRY_24H,0,ESCALATE_HUMAN,RULE_HARD_DECLINE_COMPLIANCE,0
pay_syn_42_03926,invalid_otp,card,172901,1729.01,0,0.57,0,BLIND_RETRY_24H,1,RETRY_LINK_NOW,RULE_HIGH_PROB_IMMEDIATE_RETRY,0
pay_syn_42_03927,authentication_failed,card,166002,1660.02,1,0.418,0,BLIND_RETRY_24H,0,RETRY_LINK_NOW,RULE_HIGH_PROB_IMMEDIATE_RETRY,0
pay_syn_42_03928,payment_timed_out,upi,241928,2419.28,0,0.6825,1,BLIND_RETRY_24H,0,RETRY_LINK_NOW,RULE_HIGH_PROB_IMMEDIATE_RETRY,1
pay_syn_42_03929,stolen_card,upi,125605,1256.05,0,0.0,0,BLIND_RETRY_24H,0,ESCALATE_HUMAN,RULE_HARD_DECLINE_COMPLIANCE,0
pay_syn_42_03930,gateway_technical_error,upi,332440,3324.4,1,0.588,0,BLIND_RETRY_24H,1,RETRY_LINK_NOW,RULE_HIGH_PROB_IMMEDIATE_RETRY,0
pay_syn_42_03931,gateway_technical_error,upi,41462,414.62,0,0.735,1,BLIND_RETRY_24H,0,RETRY_LINK_NOW,RULE_HIGH_PROB_IMMEDIATE_RETRY,1
pay_syn_42_03932,insufficient_funds,upi,126560,1265.6,2,0.2339,1,BLIND_RETRY_24H,0,STOP,RULE_MAX_RETRIES_EXCEEDED,0
pay_syn_42_03933,insufficient_funds,upi,1097314,10973.14,0,0.2921,0,BLIND_RETRY_24H,0,ESCALATE_HUMAN,RULE_HIGH_AMOUNT_ESCALATION,1
pay_syn_42_03934,card_expired,card,481970,4819.7,0,0.0,0,BLIND_RETRY_24H,0,ESCALATE_HUMAN,RULE_HARD_DECLINE_COMPLIANCE,0
pay_syn_42_03935,invalid_otp,card,190664,1906.64,0,0.57,1,BLIND_RETRY_24H,0,RETRY_LINK_NOW,RULE_HIGH_PROB_IMMEDIATE_RETRY,0
pay_syn_42_03936,card_lost_or_stolen,upi,403378,4033.78,1,0.0,0,BLIND_RETRY_24H,0,ESCALATE_HUMAN,RULE_HARD_DECLINE_COMPLIANCE,0
pay_syn_42_03937,invalid_otp,upi,745232,7452.32,0,0.63,0,BLIND_RETRY_24H,0,RETRY_LINK_NOW,RULE_HIGH_PROB_IMMEDIATE_RETRY,1
pay_syn_42_03938,payment_timed_out,upi,15653,156.53,0,0.6825,1,BLIND_RETRY_24H,1,RETRY_LINK_NOW,RULE_HIGH_PROB_IMMEDIATE_RETRY,0
pay_syn_42_03939,payment_cancelled,upi,98774,987.74,0,0.2626,0,BLIND_RETRY_24H,0,RETRY_LINK_DELAYED,RULE_LOW_PROB_DELAYED_NUDGE,0
pay_syn_42_03940,insufficient_funds,upi,63977,639.77,0,0.3702,1,BLIND_RETRY_24H,0,RETRY_LINK_DELAYED,RULE_LOW_PROB_DELAYED_NUDGE,1
pay_syn_42_03941,insufficient_funds,card,28640,286.4,0,0.3374,1,BLIND_RETRY_24H,0,RETRY_LINK_NOW,RULE_HIGH_PROB_IMMEDIATE_RETRY,0
pay_syn_42_03942,authentication_failed,upi,1336245,13362.45,0,0.5775,1,BLIND_RETRY_24H,0,ESCALATE_HUMAN,RULE_HIGH_AMOUNT_ESCALATION,1
pay_syn_42_03943,insufficient_funds,upi,255775,2557.75,0,0.3557,0,BLIND_RETRY_24H,1,RETRY_LINK_DELAYED,RULE_LOW_PROB_DELAYED_NUDGE,0
pay_syn_42_03944,payment_cancelled,netbanking,386061,3860.61,0,0.195,0,BLIND_RETRY_24H,0,RETRY_LINK_DELAYED,RULE_LOW_PROB_DELAYED_NUDGE,0
pay_syn_42_03945,card_expired,upi,66919,669.19,1,0.0,0,BLIND_RETRY_24H,0,ESCALATE_HUMAN,RULE_HARD_DECLINE_COMPLIANCE,0
pay_syn_42_03946,authentication_failed,upi,96521,965.21,0,0.5775,0,BLIND_RETRY_24H,1,RETRY_LINK_NOW,RULE_HIGH_PROB_IMMEDIATE_RETRY,0
pay_syn_42_03947,insufficient_funds,upi,133193,1331.93,0,0.365,1,BLIND_RETRY_24H,0,RETRY_LINK_NOW,RULE_HIGH_PROB_IMMEDIATE_RETRY,0
pay_syn_42_03948,gateway_technical_error,upi,207692,2076.92,0,0.735,1,BLIND_RETRY_24H,0,RETRY_LINK_NOW,RULE_HIGH_PROB_IMMEDIATE_RETRY,0
pay_syn_42_03949,fraud_suspected,upi,317703,3177.03,0,0.0,0,BLIND_RETRY_24H,0,ESCALATE_HUMAN,RULE_HARD_DECLINE_COMPLIANCE,0
pay_syn_42_03950,authentication_failed,upi,18953,189.53,0,0.5775,0,BLIND_RETRY_24H,1,RETRY_LINK_NOW,RULE_HIGH_PROB_IMMEDIATE_RETRY,1
pay_syn_42_03951,invalid_otp,card,294016,2940.16,0,0.57,0,BLIND_RETRY_24H,1,RETRY_LINK_NOW,RULE_HIGH_PROB_IMMEDIATE_RETRY,1
pay_syn_42_03952,invalid_otp,wallet,103577,1035.77,0,0.612,0,BLIND_RETRY_24H,0,RETRY_LINK_NOW,RULE_HIGH_PROB_IMMEDIATE_RETRY,0
pay_syn_42_03953,card_expired,upi,785344,7853.44,0,0.0,0,BLIND_RETRY_24H,0,ESCALATE_HUMAN,RULE_HARD_DECLINE_COMPLIANCE,0
pay_syn_42_03954,stolen_card,wallet,593605,5936.05,0,0.0,0,BLIND_RETRY_24H,0,ESCALATE_HUMAN,RULE_HARD_DECLINE_COMPLIANCE,0
pay_syn_42_03955,payment_cancelled,upi,184552,1845.52,0,0.2561,0,BLIND_RETRY_24H,0,RETRY_LINK_DELAYED,RULE_LOW_PROB_DELAYED_NUDGE,0
pay_syn_42_03956,payment_cancelled,upi,138770,1387.7,0,0.2596,0,BLIND_RETRY_24H,0,RETRY_LINK_DELAYED,RULE_LOW_PROB_DELAYED_NUDGE,0
pay_syn_42_03957,payment_timed_out,card,95339,953.39,0,0.6175,1,BLIND_RETRY_24H,0,RETRY_LINK_NOW,RULE_HIGH_PROB_IMMEDIATE_RETRY,0
pay_syn_42_03958,payment_cancelled,upi,209081,2090.81,0,0.2543,0,BLIND_RETRY_24H,0,RETRY_LINK_DELAYED,RULE_LOW_PROB_DELAYED_NUDGE,0
pay_syn_42_03959,stolen_card,upi,553865,5538.65,0,0.0,0,BLIND_RETRY_24H,0,ESCALATE_HUMAN,RULE_HARD_DECLINE_COMPLIANCE,0
pay_syn_42_03960,gateway_technical_error,upi,142328,1423.28,0,0.735,1,BLIND_RETRY_24H,1,RETRY_LINK_NOW,RULE_HIGH_PROB_IMMEDIATE_RETRY,0
pay_syn_42_03961,insufficient_funds,card,72600,726.0,1,0.2675,0,BLIND_RETRY_24H,0,RETRY_LINK_DELAYED,RULE_LOW_PROB_DELAYED_NUDGE,1
pay_syn_42_03962,payment_timed_out,netbanking,138839,1388.39,0,0.5525,0,BLIND_RETRY_24H,0,RETRY_LINK_NOW,RULE_HIGH_PROB_IMMEDIATE_RETRY,1
pay_syn_42_03963,card_expired,upi,188469,1884.69,2,0.0,0,BLIND_RETRY_24H,0,STOP,RULE_MAX_RETRIES_EXCEEDED,0
pay_syn_42_03964,stolen_card,upi,38761,387.61,1,0.0,0,BLIND_RETRY_24H,0,ESCALATE_HUMAN,RULE_HARD_DECLINE_COMPLIANCE,0
pay_syn_42_03965,fraud_suspected,netbanking,29871,298.71,0,0.0,0,BLIND_RETRY_24H,0,ESCALATE_HUMAN,RULE_HARD_DECLINE_COMPLIANCE,0
pay_syn_42_03966,gateway_technical_error,netbanking,74616,746.16,0,0.595,0,BLIND_RETRY_24H,0,RETRY_LINK_NOW,RULE_HIGH_PROB_IMMEDIATE_RETRY,0
pay_syn_42_03967,payment_timed_out,upi,783136,7831.36,0,0.6825,1,BLIND_RETRY_24H,0,RETRY_LINK_NOW,RULE_HIGH_PROB_IMMEDIATE_RETRY,1
pay_syn_42_03968,bank_account_invalid,card,514783,5147.83,2,0.0,0,BLIND_RETRY_24H,0,STOP,RULE_MAX_RETRIES_EXCEEDED,0
pay_syn_42_03969,gateway_technical_error,upi,23780,237.8,0,0.735,1,BLIND_RETRY_24H,0,RETRY_LINK_NOW,RULE_HIGH_PROB_IMMEDIATE_RETRY,1
pay_syn_42_03970,payment_cancelled,card,48029,480.29,1,0.1928,0,BLIND_RETRY_24H,0,RETRY_LINK_DELAYED,RULE_LOW_PROB_DELAYED_NUDGE,1
pay_syn_42_03971,card_blocked,upi,311202,3112.02,1,0.0,0,BLIND_RETRY_24H,0,ESCALATE_HUMAN,RULE_HARD_DECLINE_COMPLIANCE,0
pay_syn_42_03972,insufficient_funds,upi,84956,849.56,0,0.3686,0,BLIND_RETRY_24H,0,RETRY_LINK_DELAYED,RULE_LOW_PROB_DELAYED_NUDGE,0
pay_syn_42_03973,payment_cancelled,upi,222359,2223.59,2,0.1621,0,BLIND_RETRY_24H,0,STOP,RULE_MAX_RETRIES_EXCEEDED,0
pay_syn_42_03974,payment_timed_out,netbanking,25099,250.99,0,0.5525,0,BLIND_RETRY_24H,0,RETRY_LINK_DELAYED,RULE_LOW_PROB_DELAYED_NUDGE,1
pay_syn_42_03975,payment_cancelled,netbanking,135748,1357.48,0,0.2103,0,BLIND_RETRY_24H,0,RETRY_LINK_DELAYED,RULE_LOW_PROB_DELAYED_NUDGE,0
pay_syn_42_03976,authentication_failed,card,120935,1209.35,1,0.418,1,BLIND_RETRY_24H,0,RETRY_LINK_DELAYED,RULE_LOW_PROB_DELAYED_NUDGE,0
pay_syn_42_03977,gateway_technical_error,upi,388382,3883.82,0,0.735,1,BLIND_RETRY_24H,0,RETRY_LINK_NOW,RULE_HIGH_PROB_IMMEDIATE_RETRY,1
pay_syn_42_03978,gateway_technical_error,card,207744,2077.44,0,0.665,0,BLIND_RETRY_24H,0,RETRY_LINK_NOW,RULE_HIGH_PROB_IMMEDIATE_RETRY,0
pay_syn_42_03979,insufficient_funds,upi,156758,1567.58,0,0.3632,0,BLIND_RETRY_24H,1,RETRY_LINK_DELAYED,RULE_LOW_PROB_DELAYED_NUDGE,0
pay_syn_42_03980,payment_cancelled,upi,20062,200.62,0,0.2685,1,BLIND_RETRY_24H,0,RETRY_LINK_NOW,RULE_HIGH_PROB_IMMEDIATE_RETRY,0
pay_syn_42_03981,fraud_suspected,netbanking,1148065,11480.65,0,0.0,0,BLIND_RETRY_24H,0,ESCALATE_HUMAN,RULE_HARD_DECLINE_COMPLIANCE,0
pay_syn_42_03982,payment_timed_out,wallet,285165,2851.65,0,0.663,0,BLIND_RETRY_24H,0,RETRY_LINK_NOW,RULE_HIGH_PROB_IMMEDIATE_RETRY,1
pay_syn_42_03983,card_expired,upi,61251,612.51,0,0.0,0,BLIND_RETRY_24H,0,ESCALATE_HUMAN,RULE_HARD_DECLINE_COMPLIANCE,0
pay_syn_42_03984,insufficient_funds,card,152361,1523.61,0,0.3289,0,BLIND_RETRY_24H,0,RETRY_LINK_DELAYED,RULE_LOW_PROB_DELAYED_NUDGE,0
pay_syn_42_03985,payment_cancelled,card,87759,877.59,0,0.2383,0,BLIND_RETRY_24H,0,RETRY_LINK_DELAYED,RULE_LOW_PROB_DELAYED_NUDGE,1
pay_syn_42_03986,gateway_technical_error,wallet,106812,1068.12,0,0.714,1,BLIND_RETRY_24H,0,RETRY_LINK_NOW,RULE_HIGH_PROB_IMMEDIATE_RETRY,1
pay_syn_42_03987,insufficient_funds,upi,504625,5046.25,1,0.2695,0,BLIND_RETRY_24H,1,RETRY_LINK_DELAYED,RULE_LOW_PROB_DELAYED_NUDGE,0
pay_syn_42_03988,insufficient_funds,card,47796,477.96,2,0.2151,0,BLIND_RETRY_24H,0,STOP,RULE_MAX_RETRIES_EXCEEDED,0
pay_syn_42_03989,invalid_otp,card,299616,2996.16,1,0.456,0,BLIND_RETRY_24H,0,RETRY_LINK_DELAYED,RULE_LOW_PROB_DELAYED_NUDGE,0
pay_syn_42_03990,invalid_otp,card,532395,5323.95,0,0.57,1,BLIND_RETRY_24H,0,RETRY_LINK_NOW,RULE_HIGH_PROB_IMMEDIATE_RETRY,0
pay_syn_42_03991,payment_timed_out,upi,247649,2476.49,0,0.6825,0,BLIND_RETRY_24H,1,RETRY_LINK_NOW,RULE_HIGH_PROB_IMMEDIATE_RETRY,1
pay_syn_42_03992,payment_cancelled,wallet,112763,1127.63,0,0.2541,0,BLIND_RETRY_24H,0,RETRY_LINK_DELAYED,RULE_LOW_PROB_DELAYED_NUDGE,1
pay_syn_42_03993,gateway_technical_error,card,56832,568.32,0,0.665,1,BLIND_RETRY_24H,0,RETRY_LINK_NOW,RULE_HIGH_PROB_IMMEDIATE_RETRY,1
pay_syn_42_03994,authentication_failed,upi,65388,653.88,0,0.5775,1,BLIND_RETRY_24H,1,RETRY_LINK_NOW,RULE_HIGH_PROB_IMMEDIATE_RETRY,1
pay_syn_42_03995,gateway_technical_error,card,155913,1559.13,0,0.665,1,BLIND_RETRY_24H,0,RETRY_LINK_NOW,RULE_HIGH_PROB_IMMEDIATE_RETRY,1
pay_syn_42_03996,insufficient_funds,card,16822,168.22,0,0.3382,0,BLIND_RETRY_24H,0,RETRY_LINK_NOW,RULE_HIGH_PROB_IMMEDIATE_RETRY,0
pay_syn_42_03997,authentication_failed,netbanking,141993,1419.93,0,0.4675,0,BLIND_RETRY_24H,0,RETRY_LINK_NOW,RULE_HIGH_PROB_IMMEDIATE_RETRY,1
pay_syn_42_03998,insufficient_funds,upi,346968,3469.68,1,0.2791,0,BLIND_RETRY_24H,0,RETRY_LINK_DELAYED,RULE_LOW_PROB_DELAYED_NUDGE,0
pay_syn_42_03999,card_blocked,upi,26866,268.66,0,0.0,0,BLIND_RETRY_24H,0,ESCALATE_HUMAN,RULE_HARD_DECLINE_COMPLIANCE,0
pay_syn_42_04000,payment_cancelled,upi,496608,4966.08,0,0.2325,0,BLIND_RETRY_24H,0,RETRY_LINK_DELAYED,RULE_LOW_PROB_DELAYED_NUDGE,0
pay_syn_42_04001,card_expired,upi,2641992,26419.92,0,0.0,0,BLIND_RETRY_24H,0,ESCALATE_HUMAN,RULE_HARD_DECLINE_COMPLIANCE,0
pay_syn_42_04002,payment_cancelled,upi,124873,1248.73,1,0.2085,0,BLIND_RETRY_24H,0,RETRY_LINK_DELAYED,RULE_LOW_PROB_DELAYED_NUDGE,0
pay_syn_42_04003,card_expired,upi,105151,1051.51,0,0.0,0,BLIND_RETRY_24H,0,ESCALATE_HUMAN,RULE_HARD_DECLINE_COMPLIANCE,0
pay_syn_42_04004,stolen_card,card,116427,1164.27,0,0.0,0,BLIND_RETRY_24H,0,ESCALATE_HUMAN,RULE_HARD_DECLINE_COMPLIANCE,0
pay_syn_42_04005,payment_cancelled,card,149953,1499.53,0,0.2341,0,BLIND_RETRY_24H,0,RETRY_LINK_DELAYED,RULE_LOW_PROB_DELAYED_NUDGE,0
pay_syn_42_04006,insufficient_funds,upi,96529,965.29,2,0.2354,0,BLIND_RETRY_24H,0,STOP,RULE_MAX_RETRIES_EXCEEDED,0
pay_syn_42_04007,gateway_technical_error,netbanking,15942,159.42,1,0.476,0,BLIND_RETRY_24H,0,RETRY_LINK_NOW,RULE_HIGH_PROB_IMMEDIATE_RETRY,1
pay_syn_42_04008,payment_cancelled,card,113649,1136.49,0,0.2366,0,BLIND_RETRY_24H,0,RETRY_LINK_DELAYED,RULE_LOW_PROB_DELAYED_NUDGE,0
pay_syn_42_04009,payment_cancelled,upi,45613,456.13,2,0.1706,0,BLIND_RETRY_24H,0,STOP,RULE_MAX_RETRIES_EXCEEDED,0
pay_syn_42_04010,payment_timed_out,upi,160310,1603.1,0,0.6825,1,BLIND_RETRY_24H,1,RETRY_LINK_NOW,RULE_HIGH_PROB_IMMEDIATE_RETRY,1
pay_syn_42_04011,authentication_failed,wallet,568441,5684.41,0,0.561,1,BLIND_RETRY_24H,1,RETRY_LINK_NOW,RULE_HIGH_PROB_IMMEDIATE_RETRY,1
pay_syn_42_04012,payment_cancelled,upi,47172,471.72,1,0.2132,0,BLIND_RETRY_24H,0,RETRY_LINK_DELAYED,RULE_LOW_PROB_DELAYED_NUDGE,0
pay_syn_42_04013,insufficient_funds,upi,921432,9214.32,0,0.3054,1,BLIND_RETRY_24H,0,RETRY_LINK_DELAYED,RULE_LOW_PROB_DELAYED_NUDGE,1
pay_syn_42_04014,invalid_otp,card,89635,896.35,1,0.456,0,BLIND_RETRY_24H,1,RETRY_LINK_NOW,RULE_HIGH_PROB_IMMEDIATE_RETRY,1
pay_syn_42_04015,card_expired,upi,53137,531.37,0,0.0,0,BLIND_RETRY_24H,0,ESCALATE_HUMAN,RULE_HARD_DECLINE_COMPLIANCE,0
pay_syn_42_04016,payment_cancelled,card,285253,2852.53,0,0.2248,0,BLIND_RETRY_24H,0,RETRY_LINK_DELAYED,RULE_LOW_PROB_DELAYED_NUDGE,1
pay_syn_42_04017,payment_cancelled,upi,79185,791.85,1,0.2113,0,BLIND_RETRY_24H,0,RETRY_LINK_DELAYED,RULE_LOW_PROB_DELAYED_NUDGE,1
pay_syn_42_04018,insufficient_funds,upi,127530,1275.3,0,0.3654,0,BLIND_RETRY_24H,0,RETRY_LINK_NOW,RULE_HIGH_PROB_IMMEDIATE_RETRY,0
pay_syn_42_04019,payment_timed_out,upi,137387,1373.87,0,0.6825,0,BLIND_RETRY_24H,0,RETRY_LINK_NOW,RULE_HIGH_PROB_IMMEDIATE_RETRY,1
pay_syn_42_04020,insufficient_funds,upi,266349,2663.49,1,0.2839,0,BLIND_RETRY_24H,0,RETRY_LINK_DELAYED,RULE_LOW_PROB_DELAYED_NUDGE,0
pay_syn_42_04021,card_expired,card,123425,1234.25,2,0.0,0,BLIND_RETRY_24H,0,STOP,RULE_MAX_RETRIES_EXCEEDED,0
pay_syn_42_04022,invalid_otp,upi,109334,1093.34,0,0.63,0,BLIND_RETRY_24H,1,RETRY_LINK_NOW,RULE_HIGH_PROB_IMMEDIATE_RETRY,0
pay_syn_42_04023,card_expired,card,87179,871.79,0,0.0,0,BLIND_RETRY_24H,0,ESCALATE_HUMAN,RULE_HARD_DECLINE_COMPLIANCE,0
pay_syn_42_04024,payment_cancelled,upi,236317,2363.17,0,0.2522,1,BLIND_RETRY_24H,0,RETRY_LINK_DELAYED,RULE_LOW_PROB_DELAYED_NUDGE,0
pay_syn_42_04025,insufficient_funds,upi,74935,749.35,0,0.3694,0,BLIND_RETRY_24H,0,RETRY_LINK_DELAYED,RULE_LOW_PROB_DELAYED_NUDGE,0
pay_syn_42_04026,insufficient_funds,card,593354,5933.54,0,0.2988,0,BLIND_RETRY_24H,0,RETRY_LINK_DELAYED,RULE_LOW_PROB_DELAYED_NUDGE,0
pay_syn_42_04027,payment_timed_out,card,139089,1390.89,0,0.6175,1,BLIND_RETRY_24H,0,RETRY_LINK_NOW,RULE_HIGH_PROB_IMMEDIATE_RETRY,1
pay_syn_42_04028,invalid_otp,netbanking,21083,210.83,0,0.51,1,BLIND_RETRY_24H,1,RETRY_LINK_NOW,RULE_HIGH_PROB_IMMEDIATE_RETRY,1
pay_syn_42_04029,card_blocked,card,188315,1883.15,1,0.0,0,BLIND_RETRY_24H,0,ESCALATE_HUMAN,RULE_HARD_DECLINE_COMPLIANCE,0
pay_syn_42_04030,invalid_otp,upi,226047,2260.47,0,0.63,1,BLIND_RETRY_24H,0,RETRY_LINK_NOW,RULE_HIGH_PROB_IMMEDIATE_RETRY,1
pay_syn_42_04031,risk_check_failed,upi,602112,6021.12,0,0.0,0,BLIND_RETRY_24H,0,ESCALATE_HUMAN,RULE_HARD_DECLINE_COMPLIANCE,0
pay_syn_42_04032,insufficient_funds,card,59496,594.96,0,0.3353,0,BLIND_RETRY_24H,0,RETRY_LINK_DELAYED,RULE_LOW_PROB_DELAYED_NUDGE,0
pay_syn_42_04033,authentication_failed,card,51062,510.62,2,0.3344,0,BLIND_RETRY_24H,1,STOP,RULE_MAX_RETRIES_EXCEEDED,0
pay_syn_42_04034,payment_timed_out,upi,276973,2769.73,0,0.6825,1,BLIND_RETRY_24H,0,RETRY_LINK_NOW,RULE_HIGH_PROB_IMMEDIATE_RETRY,0
pay_syn_42_04035,payment_timed_out,upi,483926,4839.26,0,0.6825,1,BLIND_RETRY_24H,1,RETRY_LINK_NOW,RULE_HIGH_PROB_IMMEDIATE_RETRY,1
pay_syn_42_04036,gateway_technical_error,card,57104,571.04,1,0.532,1,BLIND_RETRY_24H,0,RETRY_LINK_NOW,RULE_HIGH_PROB_IMMEDIATE_RETRY,0
pay_syn_42_04037,invalid_otp,upi,180707,1807.07,0,0.63,1,BLIND_RETRY_24H,0,RETRY_LINK_NOW,RULE_HIGH_PROB_IMMEDIATE_RETRY,1
pay_syn_42_04038,invalid_otp,card,125765,1257.65,0,0.57,0,BLIND_RETRY_24H,0,RETRY_LINK_NOW,RULE_HIGH_PROB_IMMEDIATE_RETRY,0
pay_syn_42_04039,insufficient_funds,netbanking,59192,591.92,2,0.192,0,BLIND_RETRY_24H,0,STOP,RULE_MAX_RETRIES_EXCEEDED,0
pay_syn_42_04040,payment_cancelled,card,117898,1178.98,2,0.1512,0,BLIND_RETRY_24H,0,STOP,RULE_MAX_RETRIES_EXCEEDED,0
pay_syn_42_04041,payment_cancelled,upi,441933,4419.33,0,0.2366,0,BLIND_RETRY_24H,0,RETRY_LINK_DELAYED,RULE_LOW_PROB_DELAYED_NUDGE,1
pay_syn_42_04042,card_expired,netbanking,139746,1397.46,0,0.0,0,BLIND_RETRY_24H,0,ESCALATE_HUMAN,RULE_HARD_DECLINE_COMPLIANCE,0
pay_syn_42_04043,invalid_otp,netbanking,111292,1112.92,0,0.51,0,BLIND_RETRY_24H,0,RETRY_LINK_NOW,RULE_HIGH_PROB_IMMEDIATE_RETRY,0
pay_syn_42_04044,card_expired,wallet,260193,2601.93,0,0.0,0,BLIND_RETRY_24H,0,ESCALATE_HUMAN,RULE_HARD_DECLINE_COMPLIANCE,0
pay_syn_42_04045,authentication_failed,upi,494329,4943.29,2,0.3696,1,BLIND_RETRY_24H,0,STOP,RULE_MAX_RETRIES_EXCEEDED,0
pay_syn_42_04046,payment_cancelled,upi,46347,463.47,0,0.2666,0,BLIND_RETRY_24H,0,RETRY_LINK_DELAYED,RULE_LOW_PROB_DELAYED_NUDGE,1
pay_syn_42_04047,invalid_otp,card,189294,1892.94,0,0.57,1,BLIND_RETRY_24H,0,RETRY_LINK_NOW,RULE_HIGH_PROB_IMMEDIATE_RETRY,1
pay_syn_42_04048,payment_cancelled,card,90248,902.48,0,0.2382,0,BLIND_RETRY_24H,0,RETRY_LINK_DELAYED,RULE_LOW_PROB_DELAYED_NUDGE,0
pay_syn_42_04049,insufficient_funds,wallet,140436,1404.36,0,0.354,0,BLIND_RETRY_24H,0,RETRY_LINK_DELAYED,RULE_LOW_PROB_DELAYED_NUDGE,0
pay_syn_42_04050,insufficient_funds,upi,285134,2851.34,0,0.3535,0,BLIND_RETRY_24H,0,RETRY_LINK_DELAYED,RULE_LOW_PROB_DELAYED_NUDGE,0
pay_syn_42_04051,authentication_failed,upi,98096,980.96,2,0.3696,0,BLIND_RETRY_24H,0,STOP,RULE_MAX_RETRIES_EXCEEDED,0
pay_syn_42_04052,payment_timed_out,upi,14438,144.38,0,0.6825,0,BLIND_RETRY_24H,0,RETRY_LINK_NOW,RULE_HIGH_PROB_IMMEDIATE_RETRY,1
pay_syn_42_04053,gateway_technical_error,upi,122404,1224.04,1,0.588,0,BLIND_RETRY_24H,0,RETRY_LINK_NOW,RULE_HIGH_PROB_IMMEDIATE_RETRY,1
pay_syn_42_04054,payment_timed_out,card,398507,3985.07,0,0.6175,0,BLIND_RETRY_24H,0,RETRY_LINK_NOW,RULE_HIGH_PROB_IMMEDIATE_RETRY,1
pay_syn_42_04055,insufficient_funds,upi,219771,2197.71,2,0.2294,0,BLIND_RETRY_24H,0,STOP,RULE_MAX_RETRIES_EXCEEDED,0
pay_syn_42_04056,payment_cancelled,card,119417,1194.17,0,0.2362,0,BLIND_RETRY_24H,1,RETRY_LINK_DELAYED,RULE_LOW_PROB_DELAYED_NUDGE,0
pay_syn_42_04057,insufficient_funds,netbanking,156184,1561.84,2,0.1882,0,BLIND_RETRY_24H,0,STOP,RULE_MAX_RETRIES_EXCEEDED,0
pay_syn_42_04058,payment_timed_out,upi,143875,1438.75,0,0.6825,0,BLIND_RETRY_24H,1,RETRY_LINK_NOW,RULE_HIGH_PROB_IMMEDIATE_RETRY,1
pay_syn_42_04059,insufficient_funds,upi,19676,196.76,0,0.3736,0,BLIND_RETRY_24H,0,RETRY_LINK_NOW,RULE_HIGH_PROB_IMMEDIATE_RETRY,1
pay_syn_42_04060,card_expired,netbanking,159162,1591.62,0,0.0,0,BLIND_RETRY_24H,0,ESCALATE_HUMAN,RULE_HARD_DECLINE_COMPLIANCE,0
pay_syn_42_04061,authentication_failed,card,33116,331.16,0,0.5225,1,BLIND_RETRY_24H,0,RETRY_LINK_NOW,RULE_HIGH_PROB_IMMEDIATE_RETRY,0
pay_syn_42_04062,gateway_technical_error,card,477029,4770.29,0,0.665,1,BLIND_RETRY_24H,1,RETRY_LINK_NOW,RULE_HIGH_PROB_IMMEDIATE_RETRY,0
pay_syn_42_04063,invalid_otp,upi,32375,323.75,2,0.4032,0,BLIND_RETRY_24H,0,STOP,RULE_MAX_RETRIES_EXCEEDED,0
pay_syn_42_04064,insufficient_funds,upi,85605,856.05,1,0.2949,0,BLIND_RETRY_24H,0,RETRY_LINK_DELAYED,RULE_LOW_PROB_DELAYED_NUDGE,0
pay_syn_42_04065,payment_cancelled,upi,69887,698.87,0,0.2648,0,BLIND_RETRY_24H,0,RETRY_LINK_DELAYED,RULE_LOW_PROB_DELAYED_NUDGE,0
pay_syn_42_04066,payment_cancelled,upi,741098,7410.98,0,0.214,0,BLIND_RETRY_24H,1,RETRY_LINK_DELAYED,RULE_LOW_PROB_DELAYED_NUDGE,0
pay_syn_42_04067,insufficient_funds,upi,452504,4525.04,0,0.3409,0,BLIND_RETRY_24H,1,RETRY_LINK_DELAYED,RULE_LOW_PROB_DELAYED_NUDGE,1
pay_syn_42_04068,gateway_technical_error,netbanking,10972,109.72,0,0.595,1,BLIND_RETRY_24H,0,RETRY_LINK_NOW,RULE_HIGH_PROB_IMMEDIATE_RETRY,1
pay_syn_42_04069,stolen_card,upi,132180,1321.8,0,0.0,0,BLIND_RETRY_24H,0,ESCALATE_HUMAN,RULE_HARD_DECLINE_COMPLIANCE,0
pay_syn_42_04070,insufficient_funds,upi,39039,390.39,0,0.3721,1,BLIND_RETRY_24H,0,RETRY_LINK_DELAYED,RULE_LOW_PROB_DELAYED_NUDGE,1
pay_syn_42_04071,gateway_technical_error,upi,159833,1598.33,0,0.735,1,BLIND_RETRY_24H,0,RETRY_LINK_NOW,RULE_HIGH_PROB_IMMEDIATE_RETRY,0
pay_syn_42_04072,card_expired,upi,277523,2775.23,0,0.0,0,BLIND_RETRY_24H,0,ESCALATE_HUMAN,RULE_HARD_DECLINE_COMPLIANCE,0
pay_syn_42_04073,invalid_otp,upi,175395,1753.95,2,0.4032,0,BLIND_RETRY_24H,0,STOP,RULE_MAX_RETRIES_EXCEEDED,0
pay_syn_42_04074,insufficient_funds,upi,297939,2979.39,1,0.282,0,BLIND_RETRY_24H,0,RETRY_LINK_DELAYED,RULE_LOW_PROB_DELAYED_NUDGE,0
pay_syn_42_04075,authentication_failed,upi,100953,1009.53,0,0.5775,1,BLIND_RETRY_24H,0,RETRY_LINK_NOW,RULE_HIGH_PROB_IMMEDIATE_RETRY,1
pay_syn_42_04076,risk_check_failed,upi,181766,1817.66,0,0.0,0,BLIND_RETRY_24H,0,ESCALATE_HUMAN,RULE_HARD_DECLINE_COMPLIANCE,0
pay_syn_42_04077,payment_timed_out,wallet,285557,2855.57,0,0.663,1,BLIND_RETRY_24H,0,RETRY_LINK_NOW,RULE_HIGH_PROB_IMMEDIATE_RETRY,0
pay_syn_42_04078,gateway_technical_error,upi,82224,822.24,0,0.735,1,BLIND_RETRY_24H,1,RETRY_LINK_NOW,RULE_HIGH_PROB_IMMEDIATE_RETRY,0
pay_syn_42_04079,card_expired,upi,52363,523.63,1,0.0,0,BLIND_RETRY_24H,0,ESCALATE_HUMAN,RULE_HARD_DECLINE_COMPLIANCE,0
pay_syn_42_04080,card_blocked,upi,66017,660.17,0,0.0,0,BLIND_RETRY_24H,0,ESCALATE_HUMAN,RULE_HARD_DECLINE_COMPLIANCE,0
pay_syn_42_04081,payment_timed_out,upi,117683,1176.83,0,0.6825,1,BLIND_RETRY_24H,0,RETRY_LINK_NOW,RULE_HIGH_PROB_IMMEDIATE_RETRY,1
pay_syn_42_04082,card_expired,netbanking,136176,1361.76,0,0.0,0,BLIND_RETRY_24H,0,ESCALATE_HUMAN,RULE_HARD_DECLINE_COMPLIANCE,0
pay_syn_42_04083,insufficient_funds,netbanking,193896,1938.96,0,0.2918,0,BLIND_RETRY_24H,0,RETRY_LINK_DELAYED,RULE_LOW_PROB_DELAYED_NUDGE,0
pay_syn_42_04084,card_expired,upi,59542,595.42,0,0.0,0,BLIND_RETRY_24H,0,ESCALATE_HUMAN,RULE_HARD_DECLINE_COMPLIANCE,0
pay_syn_42_04085,payment_cancelled,upi,295450,2954.5,0,0.2477,0,BLIND_RETRY_24H,0,RETRY_LINK_DELAYED,RULE_LOW_PROB_DELAYED_NUDGE,0
pay_syn_42_04086,authentication_failed,netbanking,991445,9914.45,2,0.2992,0,BLIND_RETRY_24H,1,STOP,RULE_MAX_RETRIES_EXCEEDED,0
pay_syn_42_04087,payment_cancelled,upi,70427,704.27,0,0.2647,0,BLIND_RETRY_24H,0,RETRY_LINK_DELAYED,RULE_LOW_PROB_DELAYED_NUDGE,0
pay_syn_42_04088,invalid_otp,upi,1988273,19882.73,0,0.63,1,BLIND_RETRY_24H,0,ESCALATE_HUMAN,RULE_HIGH_AMOUNT_ESCALATION,0
pay_syn_42_04089,card_expired,upi,1187270,11872.7,0,0.0,0,BLIND_RETRY_24H,0,ESCALATE_HUMAN,RULE_HARD_DECLINE_COMPLIANCE,0
pay_syn_42_04090,risk_check_failed,netbanking,135705,1357.05,2,0.0,0,BLIND_RETRY_24H,0,STOP,RULE_MAX_RETRIES_EXCEEDED,0
pay_syn_42_04091,bank_account_invalid,upi,113927,1139.27,0,0.0,0,BLIND_RETRY_24H,0,ESCALATE_HUMAN,RULE_HARD_DECLINE_COMPLIANCE,0
pay_syn_42_04092,authentication_failed,upi,65048,650.48,0,0.5775,1,BLIND_RETRY_24H,0,RETRY_LINK_NOW,RULE_HIGH_PROB_IMMEDIATE_RETRY,1
pay_syn_42_04093,invalid_otp,upi,350305,3503.05,0,0.63,0,BLIND_RETRY_24H,0,RETRY_LINK_NOW,RULE_HIGH_PROB_IMMEDIATE_RETRY,1
pay_syn_42_04094,payment_cancelled,upi,146013,1460.13,0,0.259,1,BLIND_RETRY_24H,0,RETRY_LINK_DELAYED,RULE_LOW_PROB_DELAYED_NUDGE,0
pay_syn_42_04095,invalid_otp,netbanking,163810,1638.1,2,0.3264,0,BLIND_RETRY_24H,0,STOP,RULE_MAX_RETRIES_EXCEEDED,0
pay_syn_42_04096,payment_cancelled,netbanking,53502,535.02,0,0.2153,0,BLIND_RETRY_24H,0,RETRY_LINK_DELAYED,RULE_LOW_PROB_DELAYED_NUDGE,0
pay_syn_42_04097,payment_cancelled,upi,362445,3624.45,0,0.2427,0,BLIND_RETRY_24H,1,RETRY_LINK_DELAYED,RULE_LOW_PROB_DELAYED_NUDGE,0
pay_syn_42_04098,insufficient_funds,upi,104483,1044.83,0,0.3672,0,BLIND_RETRY_24H,1,RETRY_LINK_DELAYED,RULE_LOW_PROB_DELAYED_NUDGE,1
pay_syn_42_04099,insufficient_funds,upi,41982,419.82,0,0.3719,0,BLIND_RETRY_24H,0,RETRY_LINK_DELAYED,RULE_LOW_PROB_DELAYED_NUDGE,0
pay_syn_42_04100,insufficient_funds,upi,124395,1243.95,0,0.3657,0,BLIND_RETRY_24H,1,RETRY_LINK_DELAYED,RULE_LOW_PROB_DELAYED_NUDGE,0
pay_syn_42_04101,authentication_failed,upi,57109,571.09,2,0.3696,1,BLIND_RETRY_24H,0,STOP,RULE_MAX_RETRIES_EXCEEDED,0
pay_syn_42_04102,invalid_otp,upi,603242,6032.42,0,0.63,1,BLIND_RETRY_24H,0,RETRY_LINK_NOW,RULE_HIGH_PROB_IMMEDIATE_RETRY,0
pay_syn_42_04103,gateway_technical_error,upi,1165638,11656.38,0,0.735,1,BLIND_RETRY_24H,0,ESCALATE_HUMAN,RULE_HIGH_AMOUNT_ESCALATION,1
pay_syn_42_04104,insufficient_funds,upi,128298,1282.98,2,0.2338,0,BLIND_RETRY_24H,0,STOP,RULE_MAX_RETRIES_EXCEEDED,0
pay_syn_42_04105,payment_cancelled,card,437099,4370.99,0,0.2144,0,BLIND_RETRY_24H,0,RETRY_LINK_DELAYED,RULE_LOW_PROB_DELAYED_NUDGE,1
pay_syn_42_04106,authentication_failed,upi,423867,4238.67,2,0.3696,0,BLIND_RETRY_24H,0,STOP,RULE_MAX_RETRIES_EXCEEDED,0
pay_syn_42_04107,invalid_otp,upi,5195,51.95,1,0.504,1,BLIND_RETRY_24H,0,RETRY_LINK_NOW,RULE_HIGH_PROB_IMMEDIATE_RETRY,1
pay_syn_42_04108,insufficient_funds,card,66123,661.23,1,0.2679,0,BLIND_RETRY_24H,1,RETRY_LINK_DELAYED,RULE_LOW_PROB_DELAYED_NUDGE,0
pay_syn_42_04109,authentication_failed,upi,153221,1532.21,0,0.5775,1,BLIND_RETRY_24H,0,RETRY_LINK_NOW,RULE_HIGH_PROB_IMMEDIATE_RETRY,1
pay_syn_42_04110,payment_timed_out,wallet,84483,844.83,0,0.663,1,BLIND_RETRY_24H,0,RETRY_LINK_NOW,RULE_HIGH_PROB_IMMEDIATE_RETRY,0
pay_syn_42_04111,payment_cancelled,card,60968,609.68,1,0.1921,0,BLIND_RETRY_24H,0,RETRY_LINK_DELAYED,RULE_LOW_PROB_DELAYED_NUDGE,0
pay_syn_42_04112,authentication_failed,upi,459925,4599.25,0,0.5775,1,BLIND_RETRY_24H,0,RETRY_LINK_NOW,RULE_HIGH_PROB_IMMEDIATE_RETRY,1
pay_syn_42_04113,insufficient_funds,netbanking,81048,810.48,0,0.2987,0,BLIND_RETRY_24H,1,RETRY_LINK_DELAYED,RULE_LOW_PROB_DELAYED_NUDGE,0
pay_syn_42_04114,stolen_card,netbanking,194476,1944.76,0,0.0,0,BLIND_RETRY_24H,0,ESCALATE_HUMAN,RULE_HARD_DECLINE_COMPLIANCE,0
pay_syn_42_04115,gateway_technical_error,upi,412078,4120.78,0,0.735,0,BLIND_RETRY_24H,0,RETRY_LINK_NOW,RULE_HIGH_PROB_IMMEDIATE_RETRY,1
pay_syn_42_04116,insufficient_funds,upi,650291,6502.91,2,0.2086,1,BLIND_RETRY_24H,0,STOP,RULE_MAX_RETRIES_EXCEEDED,0
pay_syn_42_04117,payment_timed_out,card,42191,421.91,2,0.3952,1,BLIND_RETRY_24H,0,STOP,RULE_MAX_RETRIES_EXCEEDED,0
pay_syn_42_04118,gateway_technical_error,upi,45965,459.65,1,0.588,1,BLIND_RETRY_24H,0,RETRY_LINK_NOW,RULE_HIGH_PROB_IMMEDIATE_RETRY,0
pay_syn_42_04119,payment_cancelled,wallet,171354,1713.54,2,0.1598,0,BLIND_RETRY_24H,0,STOP,RULE_MAX_RETRIES_EXCEEDED,0
pay_syn_42_04120,payment_cancelled,upi,15741,157.41,1,0.2151,0,BLIND_RETRY_24H,0,RETRY_LINK_DELAYED,RULE_LOW_PROB_DELAYED_NUDGE,0
pay_syn_42_04121,gateway_technical_error,upi,48249,482.49,0,0.735,1,BLIND_RETRY_24H,0,RETRY_LINK_NOW,RULE_HIGH_PROB_IMMEDIATE_RETRY,0
pay_syn_42_04122,insufficient_funds,netbanking,525939,5259.39,0,0.2714,0,BLIND_RETRY_24H,0,RETRY_LINK_DELAYED,RULE_LOW_PROB_DELAYED_NUDGE,0
pay_syn_42_04123,insufficient_funds,card,269421,2694.21,0,0.3209,0,BLIND_RETRY_24H,0,RETRY_LINK_DELAYED,RULE_LOW_PROB_DELAYED_NUDGE,0
pay_syn_42_04124,payment_timed_out,card,117681,1176.81,1,0.494,1,BLIND_RETRY_24H,0,RETRY_LINK_NOW,RULE_HIGH_PROB_IMMEDIATE_RETRY,0
pay_syn_42_04125,payment_timed_out,card,225769,2257.69,0,0.6175,1,BLIND_RETRY_24H,0,RETRY_LINK_NOW,RULE_HIGH_PROB_IMMEDIATE_RETRY,1
pay_syn_42_04126,invalid_otp,upi,291712,2917.12,1,0.504,0,BLIND_RETRY_24H,0,RETRY_LINK_NOW,RULE_HIGH_PROB_IMMEDIATE_RETRY,0
pay_syn_42_04127,payment_cancelled,upi,29495,294.95,0,0.2678,0,BLIND_RETRY_24H,0,RETRY_LINK_DELAYED,RULE_LOW_PROB_DELAYED_NUDGE,0
pay_syn_42_04128,insufficient_funds,upi,79552,795.52,0,0.369,0,BLIND_RETRY_24H,0,RETRY_LINK_DELAYED,RULE_LOW_PROB_DELAYED_NUDGE,0
pay_syn_42_04129,authentication_failed,card,1814619,18146.19,0,0.5225,0,BLIND_RETRY_24H,0,ESCALATE_HUMAN,RULE_HIGH_AMOUNT_ESCALATION,0
pay_syn_42_04130,insufficient_funds,upi,621659,6216.59,1,0.2625,0,BLIND_RETRY_24H,1,RETRY_LINK_DELAYED,RULE_LOW_PROB_DELAYED_NUDGE,0
pay_syn_42_04131,authentication_failed,upi,174757,1747.57,0,0.5775,0,BLIND_RETRY_24H,1,RETRY_LINK_NOW,RULE_HIGH_PROB_IMMEDIATE_RETRY,1
pay_syn_42_04132,stolen_card,upi,186599,1865.99,0,0.0,0,BLIND_RETRY_24H,0,ESCALATE_HUMAN,RULE_HARD_DECLINE_COMPLIANCE,0
pay_syn_42_04133,card_lost_or_stolen,upi,128660,1286.6,0,0.0,0,BLIND_RETRY_24H,0,ESCALATE_HUMAN,RULE_HARD_DECLINE_COMPLIANCE,0
pay_syn_42_04134,invalid_otp,upi,19803,198.03,0,0.63,1,BLIND_RETRY_24H,0,RETRY_LINK_NOW,RULE_HIGH_PROB_IMMEDIATE_RETRY,1
pay_syn_42_04135,gateway_technical_error,card,69256,692.56,1,0.532,1,BLIND_RETRY_24H,0,RETRY_LINK_NOW,RULE_HIGH_PROB_IMMEDIATE_RETRY,0
pay_syn_42_04136,card_blocked,upi,210727,2107.27,0,0.0,0,BLIND_RETRY_24H,0,ESCALATE_HUMAN,RULE_HARD_DECLINE_COMPLIANCE,0
pay_syn_42_04137,gateway_technical_error,wallet,81531,815.31,0,0.714,1,BLIND_RETRY_24H,0,RETRY_LINK_NOW,RULE_HIGH_PROB_IMMEDIATE_RETRY,1
pay_syn_42_04138,gateway_technical_error,upi,43716,437.16,1,0.588,1,BLIND_RETRY_24H,0,RETRY_LINK_NOW,RULE_HIGH_PROB_IMMEDIATE_RETRY,1
pay_syn_42_04139,payment_timed_out,card,49746,497.46,1,0.494,0,BLIND_RETRY_24H,0,RETRY_LINK_NOW,RULE_HIGH_PROB_IMMEDIATE_RETRY,1
pay_syn_42_04140,payment_timed_out,card,638305,6383.05,0,0.6175,1,BLIND_RETRY_24H,0,RETRY_LINK_NOW,RULE_HIGH_PROB_IMMEDIATE_RETRY,1
pay_syn_42_04141,payment_timed_out,upi,77035,770.35,0,0.6825,1,BLIND_RETRY_24H,0,RETRY_LINK_NOW,RULE_HIGH_PROB_IMMEDIATE_RETRY,1
pay_syn_42_04142,card_lost_or_stolen,card,489883,4898.83,0,0.0,0,BLIND_RETRY_24H,0,ESCALATE_HUMAN,RULE_HARD_DECLINE_COMPLIANCE,0
pay_syn_42_04143,payment_timed_out,upi,187572,1875.72,0,0.6825,1,BLIND_RETRY_24H,1,RETRY_LINK_NOW,RULE_HIGH_PROB_IMMEDIATE_RETRY,0
pay_syn_42_04144,stolen_card,upi,103881,1038.81,2,0.0,0,BLIND_RETRY_24H,0,STOP,RULE_MAX_RETRIES_EXCEEDED,0
pay_syn_42_04145,bank_account_invalid,upi,58077,580.77,0,0.0,0,BLIND_RETRY_24H,0,ESCALATE_HUMAN,RULE_HARD_DECLINE_COMPLIANCE,0
pay_syn_42_04146,insufficient_funds,upi,277946,2779.46,0,0.354,0,BLIND_RETRY_24H,0,RETRY_LINK_DELAYED,RULE_LOW_PROB_DELAYED_NUDGE,0
pay_syn_42_04147,invalid_otp,upi,419569,4195.69,0,0.63,1,BLIND_RETRY_24H,1,RETRY_LINK_NOW,RULE_HIGH_PROB_IMMEDIATE_RETRY,1
pay_syn_42_04148,payment_timed_out,card,310458,3104.58,0,0.6175,0,BLIND_RETRY_24H,0,RETRY_LINK_NOW,RULE_HIGH_PROB_IMMEDIATE_RETRY,1
pay_syn_42_04149,card_expired,upi,32556,325.56,0,0.0,0,BLIND_RETRY_24H,0,ESCALATE_HUMAN,RULE_HARD_DECLINE_COMPLIANCE,0
pay_syn_42_04150,authentication_failed,upi,76813,768.13,0,0.5775,0,BLIND_RETRY_24H,0,RETRY_LINK_NOW,RULE_HIGH_PROB_IMMEDIATE_RETRY,1
pay_syn_42_04151,fraud_suspected,upi,86889,868.89,0,0.0,0,BLIND_RETRY_24H,0,ESCALATE_HUMAN,RULE_HARD_DECLINE_COMPLIANCE,0
pay_syn_42_04152,invalid_otp,upi,16400,164.0,0,0.63,1,BLIND_RETRY_24H,1,RETRY_LINK_NOW,RULE_HIGH_PROB_IMMEDIATE_RETRY,1
pay_syn_42_04153,payment_timed_out,netbanking,223205,2232.05,0,0.5525,1,BLIND_RETRY_24H,0,RETRY_LINK_DELAYED,RULE_LOW_PROB_DELAYED_NUDGE,1
pay_syn_42_04154,payment_timed_out,upi,261769,2617.69,0,0.6825,0,BLIND_RETRY_24H,0,RETRY_LINK_NOW,RULE_HIGH_PROB_IMMEDIATE_RETRY,1
pay_syn_42_04155,invalid_otp,upi,251415,2514.15,1,0.504,0,BLIND_RETRY_24H,0,RETRY_LINK_DELAYED,RULE_LOW_PROB_DELAYED_NUDGE,1
pay_syn_42_04156,payment_cancelled,upi,207300,2073.0,0,0.2544,0,BLIND_RETRY_24H,1,RETRY_LINK_DELAYED,RULE_LOW_PROB_DELAYED_NUDGE,1
pay_syn_42_04157,insufficient_funds,upi,94961,949.61,0,0.3679,0,BLIND_RETRY_24H,0,RETRY_LINK_DELAYED,RULE_LOW_PROB_DELAYED_NUDGE,0
pay_syn_42_04158,insufficient_funds,netbanking,55803,558.03,2,0.1921,0,BLIND_RETRY_24H,0,STOP,RULE_MAX_RETRIES_EXCEEDED,0
pay_syn_42_04159,insufficient_funds,upi,94606,946.06,0,0.3679,0,BLIND_RETRY_24H,0,RETRY_LINK_DELAYED,RULE_LOW_PROB_DELAYED_NUDGE,0
pay_syn_42_04160,authentication_failed,card,189272,1892.72,0,0.5225,0,BLIND_RETRY_24H,0,RETRY_LINK_NOW,RULE_HIGH_PROB_IMMEDIATE_RETRY,1
pay_syn_42_04161,insufficient_funds,upi,549215,5492.15,2,0.2135,0,BLIND_RETRY_24H,0,STOP,RULE_MAX_RETRIES_EXCEEDED,0
pay_syn_42_04162,authentication_failed,netbanking,145944,1459.44,0,0.4675,1,BLIND_RETRY_24H,1,RETRY_LINK_NOW,RULE_HIGH_PROB_IMMEDIATE_RETRY,0
pay_syn_42_04163,authentication_failed,upi,140595,1405.95,0,0.5775,1,BLIND_RETRY_24H,0,RETRY_LINK_NOW,RULE_HIGH_PROB_IMMEDIATE_RETRY,0
pay_syn_42_04164,insufficient_funds,upi,17780,177.8,2,0.2392,0,BLIND_RETRY_24H,0,STOP,RULE_MAX_RETRIES_EXCEEDED,0
pay_syn_42_04165,risk_check_failed,netbanking,203752,2037.52,0,0.0,0,BLIND_RETRY_24H,0,ESCALATE_HUMAN,RULE_HARD_DECLINE_COMPLIANCE,0
pay_syn_42_04166,gateway_technical_error,card,601541,6015.41,0,0.665,1,BLIND_RETRY_24H,0,RETRY_LINK_NOW,RULE_HIGH_PROB_IMMEDIATE_RETRY,0
pay_syn_42_04167,authentication_failed,card,118696,1186.96,0,0.5225,0,BLIND_RETRY_24H,1,RETRY_LINK_NOW,RULE_HIGH_PROB_IMMEDIATE_RETRY,0
pay_syn_42_04168,payment_timed_out,upi,109390,1093.9,1,0.546,1,BLIND_RETRY_24H,1,RETRY_LINK_NOW,RULE_HIGH_PROB_IMMEDIATE_RETRY,1
pay_syn_42_04169,invalid_otp,netbanking,88621,886.21,0,0.51,1,BLIND_RETRY_24H,0,RETRY_LINK_NOW,RULE_HIGH_PROB_IMMEDIATE_RETRY,1
pay_syn_42_04170,invalid_otp,card,289115,2891.15,0,0.57,1,BLIND_RETRY_24H,1,RETRY_LINK_NOW,RULE_HIGH_PROB_IMMEDIATE_RETRY,1
pay_syn_42_04171,invalid_otp,upi,17029,170.29,0,0.63,1,BLIND_RETRY_24H,1,RETRY_LINK_NOW,RULE_HIGH_PROB_IMMEDIATE_RETRY,1
pay_syn_42_04172,invalid_otp,card,490489,4904.89,0,0.57,0,BLIND_RETRY_24H,0,RETRY_LINK_NOW,RULE_HIGH_PROB_IMMEDIATE_RETRY,0
pay_syn_42_04173,payment_timed_out,upi,104353,1043.53,0,0.6825,1,BLIND_RETRY_24H,0,RETRY_LINK_NOW,RULE_HIGH_PROB_IMMEDIATE_RETRY,1
pay_syn_42_04174,card_expired,card,207974,2079.74,0,0.0,0,BLIND_RETRY_24H,0,ESCALATE_HUMAN,RULE_HARD_DECLINE_COMPLIANCE,0
pay_syn_42_04175,card_expired,upi,316602,3166.02,1,0.0,0,BLIND_RETRY_24H,0,ESCALATE_HUMAN,RULE_HARD_DECLINE_COMPLIANCE,0
pay_syn_42_04176,invalid_otp,card,49138,491.38,0,0.57,1,BLIND_RETRY_24H,0,RETRY_LINK_NOW,RULE_HIGH_PROB_IMMEDIATE_RETRY,1
pay_syn_42_04177,payment_timed_out,upi,131040,1310.4,0,0.6825,1,BLIND_RETRY_24H,0,RETRY_LINK_NOW,RULE_HIGH_PROB_IMMEDIATE_RETRY,1
pay_syn_42_04178,invalid_otp,card,101977,1019.77,1,0.456,1,BLIND_RETRY_24H,0,RETRY_LINK_NOW,RULE_HIGH_PROB_IMMEDIATE_RETRY,0
pay_syn_42_04179,insufficient_funds,upi,38468,384.68,0,0.3722,0,BLIND_RETRY_24H,0,RETRY_LINK_DELAYED,RULE_LOW_PROB_DELAYED_NUDGE,0
pay_syn_42_04180,insufficient_funds,upi,415513,4155.13,0,0.3436,1,BLIND_RETRY_24H,0,RETRY_LINK_DELAYED,RULE_LOW_PROB_DELAYED_NUDGE,1
pay_syn_42_04181,authentication_failed,upi,93525,935.25,0,0.5775,1,BLIND_RETRY_24H,0,RETRY_LINK_NOW,RULE_HIGH_PROB_IMMEDIATE_RETRY,1
pay_syn_42_04182,insufficient_funds,upi,36944,369.44,0,0.3723,0,BLIND_RETRY_24H,0,RETRY_LINK_DELAYED,RULE_LOW_PROB_DELAYED_NUDGE,0
pay_syn_42_04183,payment_timed_out,card,139924,1399.24,0,0.6175,1,BLIND_RETRY_24H,0,RETRY_LINK_NOW,RULE_HIGH_PROB_IMMEDIATE_RETRY,1
pay_syn_42_04184,payment_timed_out,upi,28001,280.01,1,0.546,0,BLIND_RETRY_24H,0,RETRY_LINK_NOW,RULE_HIGH_PROB_IMMEDIATE_RETRY,0
pay_syn_42_04185,payment_timed_out,upi,81559,815.59,0,0.6825,1,BLIND_RETRY_24H,1,RETRY_LINK_NOW,RULE_HIGH_PROB_IMMEDIATE_RETRY,0
pay_syn_42_04186,card_expired,upi,185075,1850.75,2,0.0,0,BLIND_RETRY_24H,0,STOP,RULE_MAX_RETRIES_EXCEEDED,0
pay_syn_42_04187,invalid_otp,netbanking,25335,253.35,0,0.51,0,BLIND_RETRY_24H,1,RETRY_LINK_NOW,RULE_HIGH_PROB_IMMEDIATE_RETRY,0
pay_syn_42_04188,payment_cancelled,card,268105,2681.05,0,0.226,0,BLIND_RETRY_24H,0,RETRY_LINK_DELAYED,RULE_LOW_PROB_DELAYED_NUDGE,1
pay_syn_42_04189,payment_cancelled,upi,148072,1480.72,0,0.2589,0,BLIND_RETRY_24H,0,RETRY_LINK_DELAYED,RULE_LOW_PROB_DELAYED_NUDGE,0
pay_syn_42_04190,card_expired,upi,318760,3187.6,1,0.0,0,BLIND_RETRY_24H,0,ESCALATE_HUMAN,RULE_HARD_DECLINE_COMPLIANCE,0
pay_syn_42_04191,invalid_otp,netbanking,314589,3145.89,0,0.51,1,BLIND_RETRY_24H,0,RETRY_LINK_NOW,RULE_HIGH_PROB_IMMEDIATE_RETRY,0
pay_syn_42_04192,payment_timed_out,upi,78656,786.56,1,0.546,0,BLIND_RETRY_24H,0,RETRY_LINK_NOW,RULE_HIGH_PROB_IMMEDIATE_RETRY,1
pay_syn_42_04193,invalid_otp,netbanking,80930,809.3,0,0.51,0,BLIND_RETRY_24H,0,RETRY_LINK_NOW,RULE_HIGH_PROB_IMMEDIATE_RETRY,0
pay_syn_42_04194,payment_cancelled,upi,225943,2259.43,0,0.253,0,BLIND_RETRY_24H,0,RETRY_LINK_DELAYED,RULE_LOW_PROB_DELAYED_NUDGE,0
pay_syn_42_04195,invalid_otp,upi,41923,419.23,0,0.63,0,BLIND_RETRY_24H,0,RETRY_LINK_NOW,RULE_HIGH_PROB_IMMEDIATE_RETRY,0
pay_syn_42_04196,card_expired,upi,42197,421.97,0,0.0,0,BLIND_RETRY_24H,0,ESCALATE_HUMAN,RULE_HARD_DECLINE_COMPLIANCE,0
pay_syn_42_04197,authentication_failed,card,67963,679.63,0,0.5225,1,BLIND_RETRY_24H,1,RETRY_LINK_NOW,RULE_HIGH_PROB_IMMEDIATE_RETRY,0
pay_syn_42_04198,insufficient_funds,upi,30405,304.05,2,0.2386,1,BLIND_RETRY_24H,0,STOP,RULE_MAX_RETRIES_EXCEEDED,0
pay_syn_42_04199,insufficient_funds,netbanking,36538,365.38,2,0.1929,0,BLIND_RETRY_24H,0,STOP,RULE_MAX_RETRIES_EXCEEDED,0
pay_syn_42_04200,insufficient_funds,upi,37734,377.34,0,0.3722,0,BLIND_RETRY_24H,0,RETRY_LINK_DELAYED,RULE_LOW_PROB_DELAYED_NUDGE,0
pay_syn_42_04201,payment_cancelled,upi,93885,938.85,0,0.263,0,BLIND_RETRY_24H,0,RETRY_LINK_DELAYED,RULE_LOW_PROB_DELAYED_NUDGE,0
pay_syn_42_04202,invalid_otp,upi,89430,894.3,0,0.63,1,BLIND_RETRY_24H,1,RETRY_LINK_NOW,RULE_HIGH_PROB_IMMEDIATE_RETRY,1
pay_syn_42_04203,insufficient_funds,card,380076,3800.76,2,0.2005,0,BLIND_RETRY_24H,0,STOP,RULE_MAX_RETRIES_EXCEEDED,0
pay_syn_42_04204,insufficient_funds,upi,95666,956.66,1,0.2943,0,BLIND_RETRY_24H,0,RETRY_LINK_DELAYED,RULE_LOW_PROB_DELAYED_NUDGE,0
pay_syn_42_04205,fraud_suspected,netbanking,120607,1206.07,0,0.0,0,BLIND_RETRY_24H,0,ESCALATE_HUMAN,RULE_HARD_DECLINE_COMPLIANCE,0
pay_syn_42_04206,card_expired,wallet,898538,8985.38,1,0.0,0,BLIND_RETRY_24H,0,ESCALATE_HUMAN,RULE_HARD_DECLINE_COMPLIANCE,0
pay_syn_42_04207,gateway_technical_error,upi,11328,113.28,0,0.735,1,BLIND_RETRY_24H,0,RETRY_LINK_NOW,RULE_HIGH_PROB_IMMEDIATE_RETRY,1
pay_syn_42_04208,invalid_otp,upi,166062,1660.62,2,0.4032,0,BLIND_RETRY_24H,0,STOP,RULE_MAX_RETRIES_EXCEEDED,0
pay_syn_42_04209,payment_cancelled,card,104519,1045.19,2,0.1518,0,BLIND_RETRY_24H,0,STOP,RULE_MAX_RETRIES_EXCEEDED,0
pay_syn_42_04210,invalid_otp,card,185393,1853.93,2,0.3648,0,BLIND_RETRY_24H,1,STOP,RULE_MAX_RETRIES_EXCEEDED,0
pay_syn_42_04211,gateway_technical_error,card,72439,724.39,1,0.532,1,BLIND_RETRY_24H,1,RETRY_LINK_NOW,RULE_HIGH_PROB_IMMEDIATE_RETRY,0
pay_syn_42_04212,gateway_technical_error,netbanking,95025,950.25,0,0.595,1,BLIND_RETRY_24H,0,RETRY_LINK_NOW,RULE_HIGH_PROB_IMMEDIATE_RETRY,0
pay_syn_42_04213,payment_timed_out,card,517576,5175.76,0,0.6175,0,BLIND_RETRY_24H,0,RETRY_LINK_NOW,RULE_HIGH_PROB_IMMEDIATE_RETRY,1
pay_syn_42_04214,invalid_otp,upi,222427,2224.27,1,0.504,0,BLIND_RETRY_24H,0,RETRY_LINK_NOW,RULE_HIGH_PROB_IMMEDIATE_RETRY,1
pay_syn_42_04215,authentication_failed,netbanking,100145,1001.45,0,0.4675,0,BLIND_RETRY_24H,0,RETRY_LINK_NOW,RULE_HIGH_PROB_IMMEDIATE_RETRY,1
pay_syn_42_04216,payment_timed_out,upi,57156,571.56,0,0.6825,1,BLIND_RETRY_24H,0,RETRY_LINK_NOW,RULE_HIGH_PROB_IMMEDIATE_RETRY,1
pay_syn_42_04217,invalid_otp,upi,41774,417.74,1,0.504,0,BLIND_RETRY_24H,1,RETRY_LINK_DELAYED,RULE_LOW_PROB_DELAYED_NUDGE,0
pay_syn_42_04218,payment_cancelled,upi,77256,772.56,0,0.2642,0,BLIND_RETRY_24H,0,RETRY_LINK_DELAYED,RULE_LOW_PROB_DELAYED_NUDGE,0
pay_syn_42_04219,insufficient_funds,upi,6336,63.36,2,0.2397,0,BLIND_RETRY_24H,0,STOP,RULE_MAX_RETRIES_EXCEEDED,0
pay_syn_42_04220,insufficient_funds,card,109929,1099.29,0,0.3318,1,BLIND_RETRY_24H,0,RETRY_LINK_DELAYED,RULE_LOW_PROB_DELAYED_NUDGE,1
pay_syn_42_04221,invalid_otp,netbanking,893975,8939.75,0,0.51,0,BLIND_RETRY_24H,0,RETRY_LINK_NOW,RULE_HIGH_PROB_IMMEDIATE_RETRY,1
pay_syn_42_04222,gateway_technical_error,card,153154,1531.54,0,0.665,0,BLIND_RETRY_24H,0,RETRY_LINK_NOW,RULE_HIGH_PROB_IMMEDIATE_RETRY,1
pay_syn_42_04223,invalid_otp,card,64286,642.86,1,0.456,1,BLIND_RETRY_24H,0,RETRY_LINK_NOW,RULE_HIGH_PROB_IMMEDIATE_RETRY,0
pay_syn_42_04224,payment_cancelled,upi,11374,113.74,0,0.2692,0,BLIND_RETRY_24H,0,RETRY_LINK_DELAYED,RULE_LOW_PROB_DELAYED_NUDGE,1
pay_syn_42_04225,stolen_card,card,55537,555.37,0,0.0,0,BLIND_RETRY_24H,0,ESCALATE_HUMAN,RULE_HARD_DECLINE_COMPLIANCE,0
pay_syn_42_04226,authentication_failed,upi,77365,773.65,1,0.462,0,BLIND_RETRY_24H,0,RETRY_LINK_NOW,RULE_HIGH_PROB_IMMEDIATE_RETRY,0
pay_syn_42_04227,bank_account_invalid,upi,170093,1700.93,0,0.0,0,BLIND_RETRY_24H,0,ESCALATE_HUMAN,RULE_HARD_DECLINE_COMPLIANCE,0
pay_syn_42_04228,invalid_otp,upi,80332,803.32,0,0.63,1,BLIND_RETRY_24H,0,RETRY_LINK_NOW,RULE_HIGH_PROB_IMMEDIATE_RETRY,0
pay_syn_42_04229,payment_cancelled,card,952044,9520.44,0,0.1792,0,BLIND_RETRY_24H,0,RETRY_LINK_DELAYED,RULE_LOW_PROB_DELAYED_NUDGE,0
pay_syn_42_04230,gateway_technical_error,upi,102038,1020.38,0,0.735,1,BLIND_RETRY_24H,1,RETRY_LINK_NOW,RULE_HIGH_PROB_IMMEDIATE_RETRY,0
pay_syn_42_04231,payment_cancelled,card,395976,3959.76,1,0.1738,0,BLIND_RETRY_24H,0,RETRY_LINK_DELAYED,RULE_LOW_PROB_DELAYED_NUDGE,0
pay_syn_42_04232,gateway_technical_error,upi,23406,234.06,1,0.588,0,BLIND_RETRY_24H,0,RETRY_LINK_DELAYED,RULE_LOW_PROB_DELAYED_NUDGE,1
pay_syn_42_04233,card_expired,card,123593,1235.93,0,0.0,0,BLIND_RETRY_24H,0,ESCALATE_HUMAN,RULE_HARD_DECLINE_COMPLIANCE,0
pay_syn_42_04234,insufficient_funds,card,56124,561.24,0,0.3355,1,BLIND_RETRY_24H,0,RETRY_LINK_DELAYED,RULE_LOW_PROB_DELAYED_NUDGE,0
pay_syn_42_04235,card_expired,card,409504,4095.04,0,0.0,0,BLIND_RETRY_24H,0,ESCALATE_HUMAN,RULE_HARD_DECLINE_COMPLIANCE,0
pay_syn_42_04236,gateway_technical_error,card,85944,859.44,0,0.665,1,BLIND_RETRY_24H,0,RETRY_LINK_NOW,RULE_HIGH_PROB_IMMEDIATE_RETRY,1
pay_syn_42_04237,payment_cancelled,upi,536115,5361.15,0,0.2295,1,BLIND_RETRY_24H,1,RETRY_LINK_DELAYED,RULE_LOW_PROB_DELAYED_NUDGE,1
pay_syn_42_04238,card_blocked,upi,263946,2639.46,1,0.0,0,BLIND_RETRY_24H,0,ESCALATE_HUMAN,RULE_HARD_DECLINE_COMPLIANCE,0
pay_syn_42_04239,payment_timed_out,upi,74852,748.52,0,0.6825,1,BLIND_RETRY_24H,0,RETRY_LINK_NOW,RULE_HIGH_PROB_IMMEDIATE_RETRY,1
pay_syn_42_04240,invalid_otp,upi,41022,410.22,0,0.63,1,BLIND_RETRY_24H,0,RETRY_LINK_NOW,RULE_HIGH_PROB_IMMEDIATE_RETRY,0
pay_syn_42_04241,payment_timed_out,wallet,59605,596.05,0,0.663,1,BLIND_RETRY_24H,0,RETRY_LINK_NOW,RULE_HIGH_PROB_IMMEDIATE_RETRY,1
pay_syn_42_04242,payment_timed_out,upi,95143,951.43,0,0.6825,1,BLIND_RETRY_24H,0,RETRY_LINK_NOW,RULE_HIGH_PROB_IMMEDIATE_RETRY,0
pay_syn_42_04243,card_expired,upi,261984,2619.84,0,0.0,0,BLIND_RETRY_24H,0,ESCALATE_HUMAN,RULE_HARD_DECLINE_COMPLIANCE,0
pay_syn_42_04244,gateway_technical_error,upi,128188,1281.88,0,0.735,0,BLIND_RETRY_24H,0,RETRY_LINK_NOW,RULE_HIGH_PROB_IMMEDIATE_RETRY,1
pay_syn_42_04245,payment_timed_out,upi,321125,3211.25,2,0.4368,0,BLIND_RETRY_24H,0,STOP,RULE_MAX_RETRIES_EXCEEDED,0
pay_syn_42_04246,insufficient_funds,card,590792,5907.92,0,0.2989,0,BLIND_RETRY_24H,0,RETRY_LINK_DELAYED,RULE_LOW_PROB_DELAYED_NUDGE,0
pay_syn_42_04247,payment_timed_out,upi,135702,1357.02,2,0.4368,0,BLIND_RETRY_24H,0,STOP,RULE_MAX_RETRIES_EXCEEDED,0
pay_syn_42_04248,payment_timed_out,card,45538,455.38,0,0.6175,1,BLIND_RETRY_24H,1,RETRY_LINK_NOW,RULE_HIGH_PROB_IMMEDIATE_RETRY,1
pay_syn_42_04249,insufficient_funds,upi,195143,1951.43,0,0.3603,0,BLIND_RETRY_24H,0,RETRY_LINK_DELAYED,RULE_LOW_PROB_DELAYED_NUDGE,1
pay_syn_42_04250,invalid_otp,card,1103674,11036.74,1,0.456,1,BLIND_RETRY_24H,0,ESCALATE_HUMAN,RULE_HIGH_AMOUNT_ESCALATION,1
pay_syn_42_04251,authentication_failed,card,343139,3431.39,2,0.3344,0,BLIND_RETRY_24H,0,STOP,RULE_MAX_RETRIES_EXCEEDED,0
pay_syn_42_04252,payment_timed_out,card,179134,1791.34,0,0.6175,0,BLIND_RETRY_24H,1,RETRY_LINK_NOW,RULE_HIGH_PROB_IMMEDIATE_RETRY,0
pay_syn_42_04253,gateway_technical_error,upi,51555,515.55,1,0.588,1,BLIND_RETRY_24H,0,RETRY_LINK_NOW,RULE_HIGH_PROB_IMMEDIATE_RETRY,1
pay_syn_42_04254,insufficient_funds,card,105897,1058.97,0,0.3321,1,BLIND_RETRY_24H,0,RETRY_LINK_DELAYED,RULE_LOW_PROB_DELAYED_NUDGE,1
pay_syn_42_04255,payment_cancelled,card,24815,248.15,0,0.2426,0,BLIND_RETRY_24H,0,RETRY_LINK_DELAYED,RULE_LOW_PROB_DELAYED_NUDGE,0
pay_syn_42_04256,payment_cancelled,upi,38705,387.05,0,0.2671,0,BLIND_RETRY_24H,0,RETRY_LINK_DELAYED,RULE_LOW_PROB_DELAYED_NUDGE,0
pay_syn_42_04257,bank_account_invalid,upi,199681,1996.81,0,0.0,0,BLIND_RETRY_24H,0,ESCALATE_HUMAN,RULE_HARD_DECLINE_COMPLIANCE,0
pay_syn_42_04258,insufficient_funds,upi,20171,201.71,0,0.3735,1,BLIND_RETRY_24H,0,RETRY_LINK_NOW,RULE_HIGH_PROB_IMMEDIATE_RETRY,1
pay_syn_42_04259,payment_cancelled,upi,90303,903.03,1,0.2106,0,BLIND_RETRY_24H,0,RETRY_LINK_DELAYED,RULE_LOW_PROB_DELAYED_NUDGE,0
pay_syn_42_04260,authentication_failed,upi,34810,348.1,1,0.462,0,BLIND_RETRY_24H,0,RETRY_LINK_NOW,RULE_HIGH_PROB_IMMEDIATE_RETRY,1
pay_syn_42_04261,invalid_otp,wallet,40573,405.73,0,0.612,0,BLIND_RETRY_24H,1,RETRY_LINK_NOW,RULE_HIGH_PROB_IMMEDIATE_RETRY,1
pay_syn_42_04262,insufficient_funds,upi,138406,1384.06,0,0.3646,0,BLIND_RETRY_24H,0,RETRY_LINK_DELAYED,RULE_LOW_PROB_DELAYED_NUDGE,0
pay_syn_42_04263,authentication_failed,upi,59688,596.88,2,0.3696,0,BLIND_RETRY_24H,0,STOP,RULE_MAX_RETRIES_EXCEEDED,0
pay_syn_42_04264,payment_cancelled,wallet,28739,287.39,0,0.2602,0,BLIND_RETRY_24H,0,RETRY_LINK_NOW,RULE_HIGH_PROB_IMMEDIATE_RETRY,0
pay_syn_42_04265,card_expired,upi,72189,721.89,0,0.0,0,BLIND_RETRY_24H,0,ESCALATE_HUMAN,RULE_HARD_DECLINE_COMPLIANCE,0
pay_syn_42_04266,payment_cancelled,upi,27816,278.16,0,0.268,0,BLIND_RETRY_24H,0,RETRY_LINK_DELAYED,RULE_LOW_PROB_DELAYED_NUDGE,1
pay_syn_42_04267,gateway_technical_error,upi,495498,4954.98,2,0.4704,0,BLIND_RETRY_24H,0,STOP,RULE_MAX_RETRIES_EXCEEDED,0
pay_syn_42_04268,insufficient_funds,upi,279048,2790.48,0,0.354,0,BLIND_RETRY_24H,1,RETRY_LINK_DELAYED,RULE_LOW_PROB_DELAYED_NUDGE,1
pay_syn_42_04269,payment_cancelled,card,277606,2776.06,0,0.2254,0,BLIND_RETRY_24H,0,RETRY_LINK_DELAYED,RULE_LOW_PROB_DELAYED_NUDGE,1
pay_syn_42_04270,insufficient_funds,upi,54178,541.78,0,0.371,1,BLIND_RETRY_24H,0,RETRY_LINK_DELAYED,RULE_LOW_PROB_DELAYED_NUDGE,1
pay_syn_42_04271,invalid_otp,upi,207145,2071.45,0,0.63,0,BLIND_RETRY_24H,0,RETRY_LINK_NOW,RULE_HIGH_PROB_IMMEDIATE_RETRY,1
pay_syn_42_04272,gateway_technical_error,upi,161441,1614.41,0,0.735,1,BLIND_RETRY_24H,0,RETRY_LINK_NOW,RULE_HIGH_PROB_IMMEDIATE_RETRY,1
pay_syn_42_04273,card_blocked,upi,58345,583.45,0,0.0,0,BLIND_RETRY_24H,0,ESCALATE_HUMAN,RULE_HARD_DECLINE_COMPLIANCE,0
pay_syn_42_04274,authentication_failed,card,119729,1197.29,0,0.5225,0,BLIND_RETRY_24H,0,RETRY_LINK_NOW,RULE_HIGH_PROB_IMMEDIATE_RETRY,1
pay_syn_42_04275,stolen_card,upi,23739,237.39,2,0.0,0,BLIND_RETRY_24H,0,STOP,RULE_MAX_RETRIES_EXCEEDED,0
pay_syn_42_04276,gateway_technical_error,wallet,42082,420.82,0,0.714,0,BLIND_RETRY_24H,0,RETRY_LINK_NOW,RULE_HIGH_PROB_IMMEDIATE_RETRY,1
pay_syn_42_04277,invalid_otp,upi,116239,1162.39,0,0.63,1,BLIND_RETRY_24H,0,RETRY_LINK_NOW,RULE_HIGH_PROB_IMMEDIATE_RETRY,1
pay_syn_42_04278,payment_timed_out,netbanking,76509,765.09,1,0.442,0,BLIND_RETRY_24H,0,RETRY_LINK_DELAYED,RULE_LOW_PROB_DELAYED_NUDGE,0
pay_syn_42_04279,invalid_otp,upi,187475,1874.75,0,0.63,1,BLIND_RETRY_24H,1,RETRY_LINK_NOW,RULE_HIGH_PROB_IMMEDIATE_RETRY,1
pay_syn_42_04280,payment_timed_out,card,59921,599.21,0,0.6175,1,BLIND_RETRY_24H,0,RETRY_LINK_NOW,RULE_HIGH_PROB_IMMEDIATE_RETRY,1
pay_syn_42_04281,invalid_otp,upi,88630,886.3,0,0.63,1,BLIND_RETRY_24H,1,RETRY_LINK_NOW,RULE_HIGH_PROB_IMMEDIATE_RETRY,1
pay_syn_42_04282,invalid_otp,card,126938,1269.38,1,0.456,0,BLIND_RETRY_24H,0,RETRY_LINK_NOW,RULE_HIGH_PROB_IMMEDIATE_RETRY,0
pay_syn_42_04283,card_expired,upi,55092,550.92,2,0.0,0,BLIND_RETRY_24H,0,STOP,RULE_MAX_RETRIES_EXCEEDED,0
pay_syn_42_04284,gateway_technical_error,upi,87068,870.68,0,0.735,1,BLIND_RETRY_24H,1,RETRY_LINK_NOW,RULE_HIGH_PROB_IMMEDIATE_RETRY,1
pay_syn_42_04285,payment_timed_out,upi,160211,1602.11,0,0.6825,1,BLIND_RETRY_24H,0,RETRY_LINK_NOW,RULE_HIGH_PROB_IMMEDIATE_RETRY,0
pay_syn_42_04286,card_expired,upi,693637,6936.37,1,0.0,0,BLIND_RETRY_24H,0,ESCALATE_HUMAN,RULE_HARD_DECLINE_COMPLIANCE,0
pay_syn_42_04287,fraud_suspected,card,55419,554.19,0,0.0,0,BLIND_RETRY_24H,0,ESCALATE_HUMAN,RULE_HARD_DECLINE_COMPLIANCE,0
pay_syn_42_04288,insufficient_funds,upi,76886,768.86,0,0.3692,1,BLIND_RETRY_24H,0,RETRY_LINK_DELAYED,RULE_LOW_PROB_DELAYED_NUDGE,0
pay_syn_42_04289,gateway_technical_error,upi,2674501,26745.01,0,0.735,0,BLIND_RETRY_24H,0,ESCALATE_HUMAN,RULE_HIGH_AMOUNT_ESCALATION,1
pay_syn_42_04290,fraud_suspected,upi,339107,3391.07,0,0.0,0,BLIND_RETRY_24H,0,ESCALATE_HUMAN,RULE_HARD_DECLINE_COMPLIANCE,0
pay_syn_42_04291,payment_timed_out,card,450036,4500.36,0,0.6175,1,BLIND_RETRY_24H,0,RETRY_LINK_NOW,RULE_HIGH_PROB_IMMEDIATE_RETRY,1
pay_syn_42_04292,authentication_failed,upi,230122,2301.22,0,0.5775,1,BLIND_RETRY_24H,1,RETRY_LINK_NOW,RULE_HIGH_PROB_IMMEDIATE_RETRY,1
pay_syn_42_04293,gateway_technical_error,card,435998,4359.98,0,0.665,1,BLIND_RETRY_24H,0,RETRY_LINK_NOW,RULE_HIGH_PROB_IMMEDIATE_RETRY,1
pay_syn_42_04294,gateway_technical_error,upi,52388,523.88,0,0.735,1,BLIND_RETRY_24H,0,RETRY_LINK_NOW,RULE_HIGH_PROB_IMMEDIATE_RETRY,1
pay_syn_42_04295,card_expired,netbanking,387329,3873.29,0,0.0,0,BLIND_RETRY_24H,0,ESCALATE_HUMAN,RULE_HARD_DECLINE_COMPLIANCE,0
pay_syn_42_04296,authentication_failed,card,290669,2906.69,1,0.418,0,BLIND_RETRY_24H,0,RETRY_LINK_NOW,RULE_HIGH_PROB_IMMEDIATE_RETRY,0
pay_syn_42_04297,payment_timed_out,upi,40047,400.47,1,0.546,1,BLIND_RETRY_24H,1,RETRY_LINK_NOW,RULE_HIGH_PROB_IMMEDIATE_RETRY,0
pay_syn_42_04298,gateway_technical_error,upi,89983,899.83,0,0.735,1,BLIND_RETRY_24H,1,RETRY_LINK_NOW,RULE_HIGH_PROB_IMMEDIATE_RETRY,0
pay_syn_42_04299,invalid_otp,card,13766,137.66,0,0.57,1,BLIND_RETRY_24H,0,RETRY_LINK_NOW,RULE_HIGH_PROB_IMMEDIATE_RETRY,0
pay_syn_42_04300,payment_timed_out,upi,147784,1477.84,0,0.6825,1,BLIND_RETRY_24H,0,RETRY_LINK_NOW,RULE_HIGH_PROB_IMMEDIATE_RETRY,1
pay_syn_42_04301,risk_check_failed,card,378895,3788.95,0,0.0,0,BLIND_RETRY_24H,0,ESCALATE_HUMAN,RULE_HARD_DECLINE_COMPLIANCE,0
pay_syn_42_04302,payment_cancelled,card,72936,729.36,2,0.1532,0,BLIND_RETRY_24H,0,STOP,RULE_MAX_RETRIES_EXCEEDED,0
pay_syn_42_04303,insufficient_funds,upi,44722,447.22,1,0.2973,0,BLIND_RETRY_24H,0,RETRY_LINK_DELAYED,RULE_LOW_PROB_DELAYED_NUDGE,0
pay_syn_42_04304,payment_cancelled,upi,41782,417.82,1,0.2135,0,BLIND_RETRY_24H,0,RETRY_LINK_DELAYED,RULE_LOW_PROB_DELAYED_NUDGE,0
pay_syn_42_04305,invalid_otp,card,124922,1249.22,0,0.57,1,BLIND_RETRY_24H,0,RETRY_LINK_NOW,RULE_HIGH_PROB_IMMEDIATE_RETRY,0
pay_syn_42_04306,payment_cancelled,upi,227804,2278.04,0,0.2528,0,BLIND_RETRY_24H,1,RETRY_LINK_DELAYED,RULE_LOW_PROB_DELAYED_NUDGE,1
pay_syn_42_04307,payment_timed_out,upi,712915,7129.15,0,0.6825,1,BLIND_RETRY_24H,0,RETRY_LINK_NOW,RULE_HIGH_PROB_IMMEDIATE_RETRY,1
pay_syn_42_04308,payment_cancelled,upi,12782,127.82,0,0.2691,0,BLIND_RETRY_24H,0,RETRY_LINK_DELAYED,RULE_LOW_PROB_DELAYED_NUDGE,0
pay_syn_42_04309,card_expired,upi,606020,6060.2,0,0.0,0,BLIND_RETRY_24H,0,ESCALATE_HUMAN,RULE_HARD_DECLINE_COMPLIANCE,0
pay_syn_42_04310,insufficient_funds,upi,156595,1565.95,1,0.2906,1,BLIND_RETRY_24H,0,RETRY_LINK_DELAYED,RULE_LOW_PROB_DELAYED_NUDGE,0
pay_syn_42_04311,gateway_technical_error,upi,357781,3577.81,0,0.735,1,BLIND_RETRY_24H,1,RETRY_LINK_NOW,RULE_HIGH_PROB_IMMEDIATE_RETRY,1
pay_syn_42_04312,insufficient_funds,upi,271374,2713.74,0,0.3545,1,BLIND_RETRY_24H,0,RETRY_LINK_DELAYED,RULE_LOW_PROB_DELAYED_NUDGE,1
pay_syn_42_04313,gateway_technical_error,netbanking,133344,1333.44,0,0.595,1,BLIND_RETRY_24H,1,RETRY_LINK_NOW,RULE_HIGH_PROB_IMMEDIATE_RETRY,0
pay_syn_42_04314,card_expired,upi,128000,1280.0,0,0.0,0,BLIND_RETRY_24H,0,ESCALATE_HUMAN,RULE_HARD_DECLINE_COMPLIANCE,0
pay_syn_42_04315,invalid_otp,card,193480,1934.8,0,0.57,1,BLIND_RETRY_24H,0,RETRY_LINK_NOW,RULE_HIGH_PROB_IMMEDIATE_RETRY,1
pay_syn_42_04316,insufficient_funds,card,97362,973.62,0,0.3327,1,BLIND_RETRY_24H,1,RETRY_LINK_DELAYED,RULE_LOW_PROB_DELAYED_NUDGE,1
pay_syn_42_04317,invalid_otp,card,105787,1057.87,0,0.57,1,BLIND_RETRY_24H,0,RETRY_LINK_NOW,RULE_HIGH_PROB_IMMEDIATE_RETRY,0
pay_syn_42_04318,invalid_otp,upi,5000,50.0,0,0.63,1,BLIND_RETRY_24H,1,RETRY_LINK_NOW,RULE_HIGH_PROB_IMMEDIATE_RETRY,1
pay_syn_42_04319,card_expired,upi,240682,2406.82,0,0.0,0,BLIND_RETRY_24H,0,ESCALATE_HUMAN,RULE_HARD_DECLINE_COMPLIANCE,0
pay_syn_42_04320,gateway_technical_error,upi,55221,552.21,0,0.735,1,BLIND_RETRY_24H,0,RETRY_LINK_NOW,RULE_HIGH_PROB_IMMEDIATE_RETRY,1
pay_syn_42_04321,payment_timed_out,upi,399895,3998.95,2,0.4368,1,BLIND_RETRY_24H,0,STOP,RULE_MAX_RETRIES_EXCEEDED,0
pay_syn_42_04322,payment_timed_out,card,361374,3613.74,2,0.3952,0,BLIND_RETRY_24H,0,STOP,RULE_MAX_RETRIES_EXCEEDED,0
pay_syn_42_04323,invalid_otp,upi,77289,772.89,1,0.504,1,BLIND_RETRY_24H,0,RETRY_LINK_NOW,RULE_HIGH_PROB_IMMEDIATE_RETRY,0
pay_syn_42_04324,authentication_failed,upi,243411,2434.11,0,0.5775,1,BLIND_RETRY_24H,0,RETRY_LINK_NOW,RULE_HIGH_PROB_IMMEDIATE_RETRY,1
pay_syn_42_04325,insufficient_funds,upi,210202,2102.02,0,0.3592,0,BLIND_RETRY_24H,0,RETRY_LINK_DELAYED,RULE_LOW_PROB_DELAYED_NUDGE,1
pay_syn_42_04326,payment_cancelled,card,69458,694.58,0,0.2396,0,BLIND_RETRY_24H,0,RETRY_LINK_DELAYED,RULE_LOW_PROB_DELAYED_NUDGE,0
pay_syn_42_04327,gateway_technical_error,netbanking,264439,2644.39,0,0.595,0,BLIND_RETRY_24H,1,RETRY_LINK_NOW,RULE_HIGH_PROB_IMMEDIATE_RETRY,0
pay_syn_42_04328,payment_timed_out,card,664195,6641.95,0,0.6175,1,BLIND_RETRY_24H,0,RETRY_LINK_NOW,RULE_HIGH_PROB_IMMEDIATE_RETRY,1
pay_syn_42_04329,gateway_technical_error,card,416645,4166.45,0,0.665,1,BLIND_RETRY_24H,1,RETRY_LINK_NOW,RULE_HIGH_PROB_IMMEDIATE_RETRY,1
pay_syn_42_04330,gateway_technical_error,upi,28435,284.35,0,0.735,1,BLIND_RETRY_24H,0,RETRY_LINK_NOW,RULE_HIGH_PROB_IMMEDIATE_RETRY,0
pay_syn_42_04331,payment_timed_out,card,218503,2185.03,0,0.6175,1,BLIND_RETRY_24H,0,RETRY_LINK_NOW,RULE_HIGH_PROB_IMMEDIATE_RETRY,0
pay_syn_42_04332,invalid_otp,card,341452,3414.52,0,0.57,0,BLIND_RETRY_24H,1,RETRY_LINK_NOW,RULE_HIGH_PROB_IMMEDIATE_RETRY,0
pay_syn_42_04333,gateway_technical_error,card,65019,650.19,0,0.665,1,BLIND_RETRY_24H,0,RETRY_LINK_NOW,RULE_HIGH_PROB_IMMEDIATE_RETRY,1
pay_syn_42_04334,insufficient_funds,card,399986,3999.86,0,0.312,0,BLIND_RETRY_24H,0,RETRY_LINK_DELAYED,RULE_LOW_PROB_DELAYED_NUDGE,0
pay_syn_42_04335,gateway_technical_error,upi,57944,579.44,0,0.735,1,BLIND_RETRY_24H,0,RETRY_LINK_NOW,RULE_HIGH_PROB_IMMEDIATE_RETRY,1
pay_syn_42_04336,insufficient_funds,upi,96327,963.27,0,0.3678,0,BLIND_RETRY_24H,1,RETRY_LINK_DELAYED,RULE_LOW_PROB_DELAYED_NUDGE,1
pay_syn_42_04337,insufficient_funds,upi,60218,602.18,1,0.2964,1,BLIND_RETRY_24H,0,RETRY_LINK_DELAYED,RULE_LOW_PROB_DELAYED_NUDGE,0
pay_syn_42_04338,payment_timed_out,upi,51011,510.11,0,0.6825,0,BLIND_RETRY_24H,0,RETRY_LINK_NOW,RULE_HIGH_PROB_IMMEDIATE_RETRY,0
pay_syn_42_04339,bank_account_invalid,card,193138,1931.38,0,0.0,0,BLIND_RETRY_24H,0,ESCALATE_HUMAN,RULE_HARD_DECLINE_COMPLIANCE,0
pay_syn_42_04340,insufficient_funds,upi,30906,309.06,0,0.3727,1,BLIND_RETRY_24H,0,RETRY_LINK_DELAYED,RULE_LOW_PROB_DELAYED_NUDGE,0
pay_syn_42_04341,payment_timed_out,card,102038,1020.38,0,0.6175,0,BLIND_RETRY_24H,0,RETRY_LINK_NOW,RULE_HIGH_PROB_IMMEDIATE_RETRY,0
pay_syn_42_04342,invalid_otp,upi,193247,1932.47,0,0.63,0,BLIND_RETRY_24H,1,RETRY_LINK_NOW,RULE_HIGH_PROB_IMMEDIATE_RETRY,1
pay_syn_42_04343,invalid_otp,upi,61065,610.65,0,0.63,1,BLIND_RETRY_24H,0,RETRY_LINK_NOW,RULE_HIGH_PROB_IMMEDIATE_RETRY,0
pay_syn_42_04344,insufficient_funds,upi,489643,4896.43,0,0.338,0,BLIND_RETRY_24H,0,RETRY_LINK_DELAYED,RULE_LOW_PROB_DELAYED_NUDGE,0
pay_syn_42_04345,payment_timed_out,upi,110849,1108.49,1,0.546,1,BLIND_RETRY_24H,0,RETRY_LINK_NOW,RULE_HIGH_PROB_IMMEDIATE_RETRY,1
pay_syn_42_04346,payment_cancelled,card,651581,6515.81,0,0.1998,0,BLIND_RETRY_24H,0,RETRY_LINK_DELAYED,RULE_LOW_PROB_DELAYED_NUDGE,0
pay_syn_42_04347,insufficient_funds,card,811065,8110.65,1,0.2271,0,BLIND_RETRY_24H,0,RETRY_LINK_DELAYED,RULE_LOW_PROB_DELAYED_NUDGE,0
pay_syn_42_04348,insufficient_funds,netbanking,27741,277.41,1,0.2415,0,BLIND_RETRY_24H,0,RETRY_LINK_DELAYED,RULE_LOW_PROB_DELAYED_NUDGE,0
pay_syn_42_04349,invalid_otp,upi,201810,2018.1,0,0.63,1,BLIND_RETRY_24H,0,RETRY_LINK_NOW,RULE_HIGH_PROB_IMMEDIATE_RETRY,0
pay_syn_42_04350,insufficient_funds,netbanking,160864,1608.64,0,0.2938,0,BLIND_RETRY_24H,0,RETRY_LINK_DELAYED,RULE_LOW_PROB_DELAYED_NUDGE,0
pay_syn_42_04351,authentication_failed,upi,85871,858.71,0,0.5775,1,BLIND_RETRY_24H,0,RETRY_LINK_NOW,RULE_HIGH_PROB_IMMEDIATE_RETRY,1
pay_syn_42_04352,payment_timed_out,upi,134208,1342.08,0,0.6825,1,BLIND_RETRY_24H,0,RETRY_LINK_NOW,RULE_HIGH_PROB_IMMEDIATE_RETRY,1
pay_syn_42_04353,insufficient_funds,card,2640648,26406.48,0,0.1587,0,BLIND_RETRY_24H,0,ESCALATE_HUMAN,RULE_HIGH_AMOUNT_ESCALATION,0
pay_syn_42_04354,invalid_otp,card,237288,2372.88,2,0.3648,0,BLIND_RETRY_24H,0,STOP,RULE_MAX_RETRIES_EXCEEDED,0
pay_syn_42_04355,authentication_failed,upi,292296,2922.96,1,0.462,0,BLIND_RETRY_24H,0,RETRY_LINK_NOW,RULE_HIGH_PROB_IMMEDIATE_RETRY,1
pay_syn_42_04356,insufficient_funds,netbanking,114756,1147.56,0,0.2966,1,BLIND_RETRY_24H,0,RETRY_LINK_DELAYED,RULE_LOW_PROB_DELAYED_NUDGE,0
pay_syn_42_04357,gateway_technical_error,upi,204731,2047.31,0,0.735,1,BLIND_RETRY_24H,1,RETRY_LINK_NOW,RULE_HIGH_PROB_IMMEDIATE_RETRY,0
pay_syn_42_04358,gateway_technical_error,upi,54956,549.56,0,0.735,0,BLIND_RETRY_24H,0,RETRY_LINK_NOW,RULE_HIGH_PROB_IMMEDIATE_RETRY,1
pay_syn_42_04359,gateway_technical_error,upi,298932,2989.32,1,0.588,0,BLIND_RETRY_24H,0,RETRY_LINK_NOW,RULE_HIGH_PROB_IMMEDIATE_RETRY,0
pay_syn_42_04360,fraud_suspected,upi,619262,6192.62,0,0.0,0,BLIND_RETRY_24H,0,ESCALATE_HUMAN,RULE_HARD_DECLINE_COMPLIANCE,0
pay_syn_42_04361,insufficient_funds,wallet,326505,3265.05,1,0.2723,0,BLIND_RETRY_24H,1,RETRY_LINK_DELAYED,RULE_LOW_PROB_DELAYED_NUDGE,0
pay_syn_42_04362,invalid_otp,upi,60344,603.44,0,0.63,0,BLIND_RETRY_24H,0,RETRY_LINK_NOW,RULE_HIGH_PROB_IMMEDIATE_RETRY,0
pay_syn_42_04363,invalid_otp,upi,46794,467.94,0,0.63,1,BLIND_RETRY_24H,0,RETRY_LINK_NOW,RULE_HIGH_PROB_IMMEDIATE_RETRY,1
pay_syn_42_04364,payment_timed_out,upi,1714395,17143.95,2,0.4368,1,BLIND_RETRY_24H,0,STOP,RULE_MAX_RETRIES_EXCEEDED,0
pay_syn_42_04365,risk_check_failed,netbanking,568536,5685.36,0,0.0,0,BLIND_RETRY_24H,0,ESCALATE_HUMAN,RULE_HARD_DECLINE_COMPLIANCE,0
pay_syn_42_04366,insufficient_funds,netbanking,293538,2935.38,1,0.2285,1,BLIND_RETRY_24H,0,RETRY_LINK_DELAYED,RULE_LOW_PROB_DELAYED_NUDGE,0
pay_syn_42_04367,card_expired,netbanking,673205,6732.05,0,0.0,0,BLIND_RETRY_24H,0,ESCALATE_HUMAN,RULE_HARD_DECLINE_COMPLIANCE,0
pay_syn_42_04368,gateway_technical_error,card,129558,1295.58,0,0.665,1,BLIND_RETRY_24H,0,RETRY_LINK_NOW,RULE_HIGH_PROB_IMMEDIATE_RETRY,0
pay_syn_42_04369,card_expired,card,287327,2873.27,0,0.0,0,BLIND_RETRY_24H,0,ESCALATE_HUMAN,RULE_HARD_DECLINE_COMPLIANCE,0
pay_syn_42_04370,gateway_technical_error,upi,483280,4832.8,0,0.735,0,BLIND_RETRY_24H,1,RETRY_LINK_NOW,RULE_HIGH_PROB_IMMEDIATE_RETRY,1
pay_syn_42_04371,insufficient_funds,upi,97313,973.13,0,0.3677,0,BLIND_RETRY_24H,0,RETRY_LINK_DELAYED,RULE_LOW_PROB_DELAYED_NUDGE,0
pay_syn_42_04372,invalid_otp,upi,218323,2183.23,0,0.63,0,BLIND_RETRY_24H,0,RETRY_LINK_NOW,RULE_HIGH_PROB_IMMEDIATE_RETRY,1
pay_syn_42_04373,authentication_failed,upi,420514,4205.14,0,0.5775,1,BLIND_RETRY_24H,1,RETRY_LINK_NOW,RULE_HIGH_PROB_IMMEDIATE_RETRY,1
pay_syn_42_04374,card_expired,card,43670,436.7,2,0.0,0,BLIND_RETRY_24H,0,STOP,RULE_MAX_RETRIES_EXCEEDED,0
pay_syn_42_04375,card_expired,card,87592,875.92,0,0.0,0,BLIND_RETRY_24H,0,ESCALATE_HUMAN,RULE_HARD_DECLINE_COMPLIANCE,0
pay_syn_42_04376,payment_timed_out,upi,409181,4091.81,0,0.6825,1,BLIND_RETRY_24H,0,RETRY_LINK_NOW,RULE_HIGH_PROB_IMMEDIATE_RETRY,1
pay_syn_42_04377,fraud_suspected,upi,165697,1656.97,0,0.0,0,BLIND_RETRY_24H,0,ESCALATE_HUMAN,RULE_HARD_DECLINE_COMPLIANCE,0
pay_syn_42_04378,payment_cancelled,wallet,143033,1430.33,0,0.2518,0,BLIND_RETRY_24H,0,RETRY_LINK_DELAYED,RULE_LOW_PROB_DELAYED_NUDGE,0
pay_syn_42_04379,insufficient_funds,card,125687,1256.87,0,0.3307,1,BLIND_RETRY_24H,1,RETRY_LINK_DELAYED,RULE_LOW_PROB_DELAYED_NUDGE,0
pay_syn_42_04380,insufficient_funds,card,463118,4631.18,0,0.3077,0,BLIND_RETRY_24H,0,RETRY_LINK_DELAYED,RULE_LOW_PROB_DELAYED_NUDGE,1
pay_syn_42_04381,payment_cancelled,upi,48416,484.16,0,0.2664,0,BLIND_RETRY_24H,1,RETRY_LINK_DELAYED,RULE_LOW_PROB_DELAYED_NUDGE,1
pay_syn_42_04382,invalid_otp,card,81630,816.3,0,0.57,1,BLIND_RETRY_24H,1,RETRY_LINK_NOW,RULE_HIGH_PROB_IMMEDIATE_RETRY,1
pay_syn_42_04383,invalid_otp,netbanking,30658,306.58,1,0.408,0,BLIND_RETRY_24H,0,RETRY_LINK_NOW,RULE_HIGH_PROB_IMMEDIATE_RETRY,0
pay_syn_42_04384,insufficient_funds,upi,94218,942.18,0,0.3679,1,BLIND_RETRY_24H,0,RETRY_LINK_DELAYED,RULE_LOW_PROB_DELAYED_NUDGE,0
pay_syn_42_04385,invalid_otp,upi,156986,1569.86,0,0.63,1,BLIND_RETRY_24H,0,RETRY_LINK_NOW,RULE_HIGH_PROB_IMMEDIATE_RETRY,1
pay_syn_42_04386,risk_check_failed,card,17820,178.2,0,0.0,0,BLIND_RETRY_24H,0,ESCALATE_HUMAN,RULE_HARD_DECLINE_COMPLIANCE,0
pay_syn_42_04387,insufficient_funds,netbanking,55804,558.04,0,0.3002,1,BLIND_RETRY_24H,0,RETRY_LINK_DELAYED,RULE_LOW_PROB_DELAYED_NUDGE,0
pay_syn_42_04388,invalid_otp,wallet,165421,1654.21,0,0.612,1,BLIND_RETRY_24H,1,RETRY_LINK_NOW,RULE_HIGH_PROB_IMMEDIATE_RETRY,1
pay_syn_42_04389,payment_timed_out,upi,214471,2144.71,2,0.4368,1,BLIND_RETRY_24H,1,STOP,RULE_MAX_RETRIES_EXCEEDED,0
pay_syn_42_04390,insufficient_funds,upi,891403,8914.03,0,0.3077,0,BLIND_RETRY_24H,1,RETRY_LINK_DELAYED,RULE_LOW_PROB_DELAYED_NUDGE,0
pay_syn_42_04391,insufficient_funds,netbanking,252698,2526.98,0,0.2882,1,BLIND_RETRY_24H,1,RETRY_LINK_DELAYED,RULE_LOW_PROB_DELAYED_NUDGE,0
pay_syn_42_04392,bank_account_invalid,wallet,110122,1101.22,0,0.0,0,BLIND_RETRY_24H,0,ESCALATE_HUMAN,RULE_HARD_DECLINE_COMPLIANCE,0
pay_syn_42_04393,invalid_otp,card,152439,1524.39,1,0.456,1,BLIND_RETRY_24H,0,RETRY_LINK_NOW,RULE_HIGH_PROB_IMMEDIATE_RETRY,1
pay_syn_42_04394,card_expired,upi,158216,1582.16,2,0.0,0,BLIND_RETRY_24H,0,STOP,RULE_MAX_RETRIES_EXCEEDED,0
pay_syn_42_04395,payment_cancelled,card,81765,817.65,0,0.2387,0,BLIND_RETRY_24H,0,RETRY_LINK_DELAYED,RULE_LOW_PROB_DELAYED_NUDGE,0
pay_syn_42_04396,payment_cancelled,netbanking,173313,1733.13,2,0.1331,0,BLIND_RETRY_24H,0,STOP,RULE_MAX_RETRIES_EXCEEDED,0
pay_syn_42_04397,insufficient_funds,upi,77774,777.74,0,0.3692,0,BLIND_RETRY_24H,0,RETRY_LINK_DELAYED,RULE_LOW_PROB_DELAYED_NUDGE,1
pay_syn_42_04398,payment_timed_out,upi,183029,1830.29,2,0.4368,0,BLIND_RETRY_24H,1,STOP,RULE_MAX_RETRIES_EXCEEDED,0
pay_syn_42_04399,payment_cancelled,card,125549,1255.49,1,0.1886,1,BLIND_RETRY_24H,0,RETRY_LINK_DELAYED,RULE_LOW_PROB_DELAYED_NUDGE,0
pay_syn_42_04400,authentication_failed,upi,105045,1050.45,1,0.462,0,BLIND_RETRY_24H,1,RETRY_LINK_NOW,RULE_HIGH_PROB_IMMEDIATE_RETRY,1
pay_syn_42_04401,invalid_otp,netbanking,108250,1082.5,0,0.51,0,BLIND_RETRY_24H,1,RETRY_LINK_NOW,RULE_HIGH_PROB_IMMEDIATE_RETRY,0
pay_syn_42_04402,payment_cancelled,upi,303827,3038.27,0,0.2471,1,BLIND_RETRY_24H,0,RETRY_LINK_DELAYED,RULE_LOW_PROB_DELAYED_NUDGE,0
pay_syn_42_04403,invalid_otp,card,271390,2713.9,0,0.57,1,BLIND_RETRY_24H,1,RETRY_LINK_NOW,RULE_HIGH_PROB_IMMEDIATE_RETRY,1
pay_syn_42_04404,insufficient_funds,upi,99496,994.96,1,0.294,0,BLIND_RETRY_24H,0,RETRY_LINK_DELAYED,RULE_LOW_PROB_DELAYED_NUDGE,0
pay_syn_42_04405,card_expired,upi,290399,2903.99,0,0.0,0,BLIND_RETRY_24H,0,ESCALATE_HUMAN,RULE_HARD_DECLINE_COMPLIANCE,0
pay_syn_42_04406,payment_cancelled,upi,122954,1229.54,0,0.2608,1,BLIND_RETRY_24H,0,RETRY_LINK_DELAYED,RULE_LOW_PROB_DELAYED_NUDGE,0
pay_syn_42_04407,payment_timed_out,upi,124990,1249.9,2,0.4368,1,BLIND_RETRY_24H,0,STOP,RULE_MAX_RETRIES_EXCEEDED,0
pay_syn_42_04408,payment_timed_out,upi,81839,818.39,1,0.546,0,BLIND_RETRY_24H,1,RETRY_LINK_NOW,RULE_HIGH_PROB_IMMEDIATE_RETRY,1
pay_syn_42_04409,insufficient_funds,upi,772534,7725.34,1,0.2533,0,BLIND_RETRY_24H,0,RETRY_LINK_DELAYED,RULE_LOW_PROB_DELAYED_NUDGE,1
pay_syn_42_04410,gateway_technical_error,upi,671253,6712.53,0,0.735,1,BLIND_RETRY_24H,0,RETRY_LINK_NOW,RULE_HIGH_PROB_IMMEDIATE_RETRY,1
pay_syn_42_04411,payment_timed_out,card,65477,654.77,0,0.6175,1,BLIND_RETRY_24H,1,RETRY_LINK_NOW,RULE_HIGH_PROB_IMMEDIATE_RETRY,1
pay_syn_42_04412,payment_timed_out,netbanking,93513,935.13,0,0.5525,0,BLIND_RETRY_24H,1,RETRY_LINK_DELAYED,RULE_LOW_PROB_DELAYED_NUDGE,0
pay_syn_42_04413,invalid_otp,upi,199071,1990.71,0,0.63,0,BLIND_RETRY_24H,0,RETRY_LINK_NOW,RULE_HIGH_PROB_IMMEDIATE_RETRY,0
pay_syn_42_04414,invalid_otp,upi,242953,2429.53,0,0.63,1,BLIND_RETRY_24H,0,RETRY_LINK_NOW,RULE_HIGH_PROB_IMMEDIATE_RETRY,1
pay_syn_42_04415,invalid_otp,upi,44555,445.55,0,0.63,1,BLIND_RETRY_24H,0,RETRY_LINK_NOW,RULE_HIGH_PROB_IMMEDIATE_RETRY,1
pay_syn_42_04416,insufficient_funds,upi,52290,522.9,0,0.3711,1,BLIND_RETRY_24H,0,RETRY_LINK_DELAYED,RULE_LOW_PROB_DELAYED_NUDGE,1
pay_syn_42_04417,gateway_technical_error,upi,5826,58.26,0,0.735,1,BLIND_RETRY_24H,0,RETRY_LINK_NOW,RULE_HIGH_PROB_IMMEDIATE_RETRY,1
pay_syn_42_04418,insufficient_funds,card,243826,2438.26,0,0.3227,0,BLIND_RETRY_24H,1,RETRY_LINK_DELAYED,RULE_LOW_PROB_DELAYED_NUDGE,1
pay_syn_42_04419,authentication_failed,upi,28206,282.06,0,0.5775,1,BLIND_RETRY_24H,0,RETRY_LINK_NOW,RULE_HIGH_PROB_IMMEDIATE_RETRY,1
pay_syn_42_04420,insufficient_funds,upi,66047,660.47,2,0.2368,0,BLIND_RETRY_24H,0,STOP,RULE_MAX_RETRIES_EXCEEDED,0
pay_syn_42_04421,authentication_failed,upi,345025,3450.25,0,0.5775,0,BLIND_RETRY_24H,1,RETRY_LINK_NOW,RULE_HIGH_PROB_IMMEDIATE_RETRY,0
pay_syn_42_04422,authentication_failed,netbanking,326588,3265.88,0,0.4675,1,BLIND_RETRY_24H,0,RETRY_LINK_NOW,RULE_HIGH_PROB_IMMEDIATE_RETRY,0
pay_syn_42_04423,insufficient_funds,upi,718315,7183.15,1,0.2566,0,BLIND_RETRY_24H,0,RETRY_LINK_DELAYED,RULE_LOW_PROB_DELAYED_NUDGE,0
pay_syn_42_04424,insufficient_funds,netbanking,1085970,10859.7,0,0.2372,0,BLIND_RETRY_24H,0,ESCALATE_HUMAN,RULE_HIGH_AMOUNT_ESCALATION,0
pay_syn_42_04425,payment_cancelled,upi,2993077,29930.77,2,0.0336,0,BLIND_RETRY_24H,0,STOP,RULE_MAX_RETRIES_EXCEEDED,0
pay_syn_42_04426,gateway_technical_error,upi,90721,907.21,1,0.588,1,BLIND_RETRY_24H,0,RETRY_LINK_NOW,RULE_HIGH_PROB_IMMEDIATE_RETRY,0
pay_syn_42_04427,card_expired,upi,70608,706.08,0,0.0,0,BLIND_RETRY_24H,0,ESCALATE_HUMAN,RULE_HARD_DECLINE_COMPLIANCE,0
pay_syn_42_04428,gateway_technical_error,upi,207756,2077.56,1,0.588,0,BLIND_RETRY_24H,1,RETRY_LINK_NOW,RULE_HIGH_PROB_IMMEDIATE_RETRY,0
pay_syn_42_04429,payment_cancelled,netbanking,31354,313.54,0,0.2167,0,BLIND_RETRY_24H,0,RETRY_LINK_DELAYED,RULE_LOW_PROB_DELAYED_NUDGE,0
pay_syn_42_04430,authentication_failed,upi,103006,1030.06,0,0.5775,0,BLIND_RETRY_24H,0,RETRY_LINK_NOW,RULE_HIGH_PROB_IMMEDIATE_RETRY,0
pay_syn_42_04431,invalid_otp,netbanking,156518,1565.18,0,0.51,1,BLIND_RETRY_24H,0,RETRY_LINK_NOW,RULE_HIGH_PROB_IMMEDIATE_RETRY,0
pay_syn_42_04432,gateway_technical_error,upi,225924,2259.24,0,0.735,1,BLIND_RETRY_24H,0,RETRY_LINK_NOW,RULE_HIGH_PROB_IMMEDIATE_RETRY,1
pay_syn_42_04433,authentication_failed,netbanking,254778,2547.78,0,0.4675,0,BLIND_RETRY_24H,0,RETRY_LINK_NOW,RULE_HIGH_PROB_IMMEDIATE_RETRY,0
pay_syn_42_04434,payment_timed_out,upi,99730,997.3,0,0.6825,1,BLIND_RETRY_24H,0,RETRY_LINK_NOW,RULE_HIGH_PROB_IMMEDIATE_RETRY,1
pay_syn_42_04435,gateway_technical_error,upi,36010,360.1,1,0.588,1,BLIND_RETRY_24H,1,RETRY_LINK_NOW,RULE_HIGH_PROB_IMMEDIATE_RETRY,1
pay_syn_42_04436,payment_timed_out,upi,43970,439.7,0,0.6825,0,BLIND_RETRY_24H,0,RETRY_LINK_NOW,RULE_HIGH_PROB_IMMEDIATE_RETRY,1
pay_syn_42_04437,payment_cancelled,card,15934,159.34,1,0.1946,0,BLIND_RETRY_24H,0,RETRY_LINK_DELAYED,RULE_LOW_PROB_DELAYED_NUDGE,0
pay_syn_42_04438,payment_cancelled,upi,73211,732.11,0,0.2645,0,BLIND_RETRY_24H,0,RETRY_LINK_DELAYED,RULE_LOW_PROB_DELAYED_NUDGE,1
pay_syn_42_04439,invalid_otp,card,30670,306.7,1,0.456,1,BLIND_RETRY_24H,0,RETRY_LINK_NOW,RULE_HIGH_PROB_IMMEDIATE_RETRY,1
pay_syn_42_04440,payment_timed_out,upi,78505,785.05,0,0.6825,1,BLIND_RETRY_24H,1,RETRY_LINK_NOW,RULE_HIGH_PROB_IMMEDIATE_RETRY,0
pay_syn_42_04441,bank_account_invalid,upi,205432,2054.32,0,0.0,0,BLIND_RETRY_24H,0,ESCALATE_HUMAN,RULE_HARD_DECLINE_COMPLIANCE,0
pay_syn_42_04442,payment_cancelled,netbanking,36824,368.24,0,0.2164,0,BLIND_RETRY_24H,0,RETRY_LINK_DELAYED,RULE_LOW_PROB_DELAYED_NUDGE,1
pay_syn_42_04443,invalid_otp,upi,147167,1471.67,0,0.63,0,BLIND_RETRY_24H,1,RETRY_LINK_NOW,RULE_HIGH_PROB_IMMEDIATE_RETRY,1
pay_syn_42_04444,gateway_technical_error,upi,98613,986.13,0,0.735,0,BLIND_RETRY_24H,0,RETRY_LINK_NOW,RULE_HIGH_PROB_IMMEDIATE_RETRY,1
pay_syn_42_04445,insufficient_funds,upi,193635,1936.35,0,0.3604,0,BLIND_RETRY_24H,0,RETRY_LINK_DELAYED,RULE_LOW_PROB_DELAYED_NUDGE,0
pay_syn_42_04446,payment_timed_out,upi,249306,2493.06,0,0.6825,1,BLIND_RETRY_24H,0,RETRY_LINK_NOW,RULE_HIGH_PROB_IMMEDIATE_RETRY,1
pay_syn_42_04447,gateway_technical_error,upi,92365,923.65,2,0.4704,1,BLIND_RETRY_24H,0,STOP,RULE_MAX_RETRIES_EXCEEDED,0
pay_syn_42_04448,invalid_otp,upi,134272,1342.72,1,0.504,1,BLIND_RETRY_24H,0,RETRY_LINK_NOW,RULE_HIGH_PROB_IMMEDIATE_RETRY,0
pay_syn_42_04449,card_expired,card,99019,990.19,0,0.0,0,BLIND_RETRY_24H,0,ESCALATE_HUMAN,RULE_HARD_DECLINE_COMPLIANCE,0
pay_syn_42_04450,payment_timed_out,upi,81002,810.02,0,0.6825,1,BLIND_RETRY_24H,0,RETRY_LINK_NOW,RULE_HIGH_PROB_IMMEDIATE_RETRY,1
pay_syn_42_04451,authentication_failed,wallet,62765,627.65,0,0.561,0,BLIND_RETRY_24H,0,RETRY_LINK_NOW,RULE_HIGH_PROB_IMMEDIATE_RETRY,1
pay_syn_42_04452,payment_timed_out,upi,224051,2240.51,1,0.546,0,BLIND_RETRY_24H,0,RETRY_LINK_NOW,RULE_HIGH_PROB_IMMEDIATE_RETRY,0
pay_syn_42_04453,payment_timed_out,upi,566276,5662.76,0,0.6825,1,BLIND_RETRY_24H,0,RETRY_LINK_NOW,RULE_HIGH_PROB_IMMEDIATE_RETRY,1
pay_syn_42_04454,payment_timed_out,upi,485717,4857.17,0,0.6825,0,BLIND_RETRY_24H,0,RETRY_LINK_NOW,RULE_HIGH_PROB_IMMEDIATE_RETRY,1
pay_syn_42_04455,insufficient_funds,upi,33622,336.22,0,0.3725,0,BLIND_RETRY_24H,0,RETRY_LINK_DELAYED,RULE_LOW_PROB_DELAYED_NUDGE,0
pay_syn_42_04456,payment_cancelled,upi,553100,5531.0,0,0.2282,0,BLIND_RETRY_24H,1,RETRY_LINK_DELAYED,RULE_LOW_PROB_DELAYED_NUDGE,0
pay_syn_42_04457,insufficient_funds,upi,49431,494.31,1,0.2971,0,BLIND_RETRY_24H,0,RETRY_LINK_DELAYED,RULE_LOW_PROB_DELAYED_NUDGE,0
pay_syn_42_04458,gateway_technical_error,netbanking,156584,1565.84,1,0.476,1,BLIND_RETRY_24H,1,RETRY_LINK_NOW,RULE_HIGH_PROB_IMMEDIATE_RETRY,0
pay_syn_42_04459,payment_cancelled,upi,189144,1891.44,0,0.2558,0,BLIND_RETRY_24H,0,RETRY_LINK_DELAYED,RULE_LOW_PROB_DELAYED_NUDGE,0
pay_syn_42_04460,authentication_failed,upi,26163,261.63,0,0.5775,0,BLIND_RETRY_24H,0,RETRY_LINK_NOW,RULE_HIGH_PROB_IMMEDIATE_RETRY,1
pay_syn_42_04461,insufficient_funds,upi,110532,1105.32,1,0.2934,0,BLIND_RETRY_24H,0,RETRY_LINK_DELAYED,RULE_LOW_PROB_DELAYED_NUDGE,0
pay_syn_42_04462,payment_timed_out,upi,598005,5980.05,0,0.6825,1,BLIND_RETRY_24H,0,RETRY_LINK_NOW,RULE_HIGH_PROB_IMMEDIATE_RETRY,1
pay_syn_42_04463,card_expired,upi,11670,116.7,0,0.0,0,BLIND_RETRY_24H,0,ESCALATE_HUMAN,RULE_HARD_DECLINE_COMPLIANCE,0
pay_syn_42_04464,risk_check_failed,upi,1916145,19161.45,0,0.0,0,BLIND_RETRY_24H,0,ESCALATE_HUMAN,RULE_HARD_DECLINE_COMPLIANCE,0
pay_syn_42_04465,payment_cancelled,card,15304,153.04,0,0.2433,0,BLIND_RETRY_24H,0,RETRY_LINK_DELAYED,RULE_LOW_PROB_DELAYED_NUDGE,0
pay_syn_42_04466,payment_timed_out,upi,183873,1838.73,0,0.6825,1,BLIND_RETRY_24H,0,RETRY_LINK_NOW,RULE_HIGH_PROB_IMMEDIATE_RETRY,0
pay_syn_42_04467,invalid_otp,card,27360,273.6,1,0.456,1,BLIND_RETRY_24H,1,RETRY_LINK_NOW,RULE_HIGH_PROB_IMMEDIATE_RETRY,0
pay_syn_42_04468,gateway_technical_error,card,218493,2184.93,2,0.4256,0,BLIND_RETRY_24H,0,STOP,RULE_MAX_RETRIES_EXCEEDED,0
pay_syn_42_04469,invalid_otp,card,459656,4596.56,1,0.456,0,BLIND_RETRY_24H,0,RETRY_LINK_NOW,RULE_HIGH_PROB_IMMEDIATE_RETRY,0
pay_syn_42_04470,payment_cancelled,upi,324910,3249.1,0,0.2455,0,BLIND_RETRY_24H,0,RETRY_LINK_DELAYED,RULE_LOW_PROB_DELAYED_NUDGE,0
pay_syn_42_04471,payment_cancelled,netbanking,28229,282.29,0,0.2169,0,BLIND_RETRY_24H,0,RETRY_LINK_DELAYED,RULE_LOW_PROB_DELAYED_NUDGE,0
pay_syn_42_04472,payment_cancelled,upi,392711,3927.11,0,0.2404,0,BLIND_RETRY_24H,0,RETRY_LINK_DELAYED,RULE_LOW_PROB_DELAYED_NUDGE,0
pay_syn_42_04473,invalid_otp,card,99485,994.85,0,0.57,1,BLIND_RETRY_24H,1,RETRY_LINK_NOW,RULE_HIGH_PROB_IMMEDIATE_RETRY,0
pay_syn_42_04474,gateway_technical_error,upi,29039,290.39,0,0.735,0,BLIND_RETRY_24H,0,RETRY_LINK_NOW,RULE_HIGH_PROB_IMMEDIATE_RETRY,1
pay_syn_42_04475,card_expired,upi,592682,5926.82,0,0.0,0,BLIND_RETRY_24H,0,ESCALATE_HUMAN,RULE_HARD_DECLINE_COMPLIANCE,0
pay_syn_42_04476,invalid_otp,upi,1348520,13485.2,0,0.63,1,BLIND_RETRY_24H,0,ESCALATE_HUMAN,RULE_HIGH_AMOUNT_ESCALATION,0
pay_syn_42_04477,payment_cancelled,netbanking,148096,1480.96,0,0.2096,0,BLIND_RETRY_24H,0,RETRY_LINK_DELAYED,RULE_LOW_PROB_DELAYED_NUDGE,0
pay_syn_42_04478,authentication_failed,upi,88139,881.39,0,0.5775,1,BLIND_RETRY_24H,0,RETRY_LINK_NOW,RULE_HIGH_PROB_IMMEDIATE_RETRY,0
pay_syn_42_04479,stolen_card,upi,56784,567.84,0,0.0,0,BLIND_RETRY_24H,0,ESCALATE_HUMAN,RULE_HARD_DECLINE_COMPLIANCE,0
pay_syn_42_04480,card_expired,card,300729,3007.29,0,0.0,0,BLIND_RETRY_24H,0,ESCALATE_HUMAN,RULE_HARD_DECLINE_COMPLIANCE,0
pay_syn_42_04481,bank_account_invalid,card,416002,4160.02,0,0.0,0,BLIND_RETRY_24H,0,ESCALATE_HUMAN,RULE_HARD_DECLINE_COMPLIANCE,0
pay_syn_42_04482,insufficient_funds,upi,88179,881.79,0,0.3684,0,BLIND_RETRY_24H,0,RETRY_LINK_DELAYED,RULE_LOW_PROB_DELAYED_NUDGE,1
pay_syn_42_04483,authentication_failed,upi,776310,7763.1,0,0.5775,1,BLIND_RETRY_24H,0,RETRY_LINK_NOW,RULE_HIGH_PROB_IMMEDIATE_RETRY,0
pay_syn_42_04484,insufficient_funds,upi,272210,2722.1,0,0.3545,1,BLIND_RETRY_24H,0,RETRY_LINK_DELAYED,RULE_LOW_PROB_DELAYED_NUDGE,0
pay_syn_42_04485,payment_timed_out,upi,146251,1462.51,0,0.6825,0,BLIND_RETRY_24H,1,RETRY_LINK_NOW,RULE_HIGH_PROB_IMMEDIATE_RETRY,0
pay_syn_42_04486,invalid_otp,netbanking,190650,1906.5,1,0.408,1,BLIND_RETRY_24H,0,RETRY_LINK_NOW,RULE_HIGH_PROB_IMMEDIATE_RETRY,0
pay_syn_42_04487,insufficient_funds,upi,45185,451.85,0,0.3716,1,BLIND_RETRY_24H,1,RETRY_LINK_DELAYED,RULE_LOW_PROB_DELAYED_NUDGE,1
pay_syn_42_04488,payment_cancelled,upi,296710,2967.1,0,0.2476,0,BLIND_RETRY_24H,0,RETRY_LINK_DELAYED,RULE_LOW_PROB_DELAYED_NUDGE,1
pay_syn_42_04489,payment_timed_out,upi,48211,482.11,0,0.6825,1,BLIND_RETRY_24H,0,RETRY_LINK_NOW,RULE_HIGH_PROB_IMMEDIATE_RETRY,1
pay_syn_42_04490,payment_cancelled,netbanking,76928,769.28,0,0.2139,1,BLIND_RETRY_24H,0,RETRY_LINK_DELAYED,RULE_LOW_PROB_DELAYED_NUDGE,0
pay_syn_42_04491,payment_cancelled,upi,123627,1236.27,0,0.2607,1,BLIND_RETRY_24H,0,RETRY_LINK_DELAYED,RULE_LOW_PROB_DELAYED_NUDGE,0
pay_syn_42_04492,invalid_otp,upi,1070222,10702.22,0,0.63,1,BLIND_RETRY_24H,0,ESCALATE_HUMAN,RULE_HIGH_AMOUNT_ESCALATION,1
pay_syn_42_04493,payment_cancelled,upi,174061,1740.61,0,0.2569,1,BLIND_RETRY_24H,0,RETRY_LINK_DELAYED,RULE_LOW_PROB_DELAYED_NUDGE,0
pay_syn_42_04494,payment_cancelled,card,53121,531.21,0,0.2407,0,BLIND_RETRY_24H,0,RETRY_LINK_DELAYED,RULE_LOW_PROB_DELAYED_NUDGE,1
pay_syn_42_04495,payment_timed_out,card,191454,1914.54,1,0.494,1,BLIND_RETRY_24H,0,RETRY_LINK_NOW,RULE_HIGH_PROB_IMMEDIATE_RETRY,0
pay_syn_42_04496,payment_timed_out,card,253671,2536.71,0,0.6175,0,BLIND_RETRY_24H,0,RETRY_LINK_NOW,RULE_HIGH_PROB_IMMEDIATE_RETRY,1
pay_syn_42_04497,payment_timed_out,upi,506522,5065.22,0,0.6825,1,BLIND_RETRY_24H,0,RETRY_LINK_NOW,RULE_HIGH_PROB_IMMEDIATE_RETRY,1
pay_syn_42_04498,insufficient_funds,upi,130412,1304.12,0,0.3652,0,BLIND_RETRY_24H,1,RETRY_LINK_NOW,RULE_HIGH_PROB_IMMEDIATE_RETRY,0
pay_syn_42_04499,insufficient_funds,upi,61512,615.12,2,0.2371,1,BLIND_RETRY_24H,0,STOP,RULE_MAX_RETRIES_EXCEEDED,0
pay_syn_42_04500,payment_cancelled,wallet,1522724,15227.24,0,0.1505,1,BLIND_RETRY_24H,0,ESCALATE_HUMAN,RULE_HIGH_AMOUNT_ESCALATION,0
pay_syn_42_04501,payment_timed_out,netbanking,191926,1919.26,2,0.3536,0,BLIND_RETRY_24H,0,STOP,RULE_MAX_RETRIES_EXCEEDED,0
pay_syn_42_04502,authentication_failed,wallet,53452,534.52,0,0.561,1,BLIND_RETRY_24H,0,RETRY_LINK_NOW,RULE_HIGH_PROB_IMMEDIATE_RETRY,0
pay_syn_42_04503,payment_timed_out,upi,129165,1291.65,0,0.6825,0,BLIND_RETRY_24H,0,RETRY_LINK_NOW,RULE_HIGH_PROB_IMMEDIATE_RETRY,1
pay_syn_42_04504,gateway_technical_error,upi,76969,769.69,2,0.4704,1,BLIND_RETRY_24H,1,STOP,RULE_MAX_RETRIES_EXCEEDED,0
pay_syn_42_04505,insufficient_funds,upi,546239,5462.39,0,0.3338,0,BLIND_RETRY_24H,0,RETRY_LINK_DELAYED,RULE_LOW_PROB_DELAYED_NUDGE,0
pay_syn_42_04506,gateway_technical_error,upi,250874,2508.74,0,0.735,1,BLIND_RETRY_24H,0,RETRY_LINK_NOW,RULE_HIGH_PROB_IMMEDIATE_RETRY,1
pay_syn_42_04507,payment_cancelled,upi,94945,949.45,1,0.2103,0,BLIND_RETRY_24H,0,RETRY_LINK_DELAYED,RULE_LOW_PROB_DELAYED_NUDGE,1
pay_syn_42_04508,payment_timed_out,upi,416308,4163.08,0,0.6825,1,BLIND_RETRY_24H,1,RETRY_LINK_NOW,RULE_HIGH_PROB_IMMEDIATE_RETRY,1
pay_syn_42_04509,payment_cancelled,netbanking,118214,1182.14,0,0.2114,0,BLIND_RETRY_24H,0,RETRY_LINK_DELAYED,RULE_LOW_PROB_DELAYED_NUDGE,0
pay_syn_42_04510,payment_timed_out,netbanking,125962,1259.62,0,0.5525,1,BLIND_RETRY_24H,0,RETRY_LINK_NOW,RULE_HIGH_PROB_IMMEDIATE_RETRY,1
pay_syn_42_04511,gateway_technical_error,upi,59811,598.11,0,0.735,0,BLIND_RETRY_24H,1,RETRY_LINK_NOW,RULE_HIGH_PROB_IMMEDIATE_RETRY,1
pay_syn_42_04512,payment_timed_out,upi,59333,593.33,0,0.6825,0,BLIND_RETRY_24H,0,RETRY_LINK_NOW,RULE_HIGH_PROB_IMMEDIATE_RETRY,1
pay_syn_42_04513,insufficient_funds,upi,1380924,13809.24,0,0.2707,0,BLIND_RETRY_24H,1,ESCALATE_HUMAN,RULE_HIGH_AMOUNT_ESCALATION,1
pay_syn_42_04514,insufficient_funds,card,392700,3927.0,0,0.3125,0,BLIND_RETRY_24H,0,RETRY_LINK_DELAYED,RULE_LOW_PROB_DELAYED_NUDGE,0
pay_syn_42_04515,insufficient_funds,upi,18251,182.51,0,0.3737,0,BLIND_RETRY_24H,0,RETRY_LINK_NOW,RULE_HIGH_PROB_IMMEDIATE_RETRY,0
pay_syn_42_04516,payment_cancelled,card,47071,470.71,0,0.2411,0,BLIND_RETRY_24H,0,RETRY_LINK_DELAYED,RULE_LOW_PROB_DELAYED_NUDGE,1
pay_syn_42_04517,insufficient_funds,netbanking,38141,381.41,0,0.3013,0,BLIND_RETRY_24H,0,RETRY_LINK_DELAYED,RULE_LOW_PROB_DELAYED_NUDGE,0
pay_syn_42_04518,payment_cancelled,wallet,143067,1430.67,0,0.2518,1,BLIND_RETRY_24H,0,RETRY_LINK_DELAYED,RULE_LOW_PROB_DELAYED_NUDGE,0
pay_syn_42_04519,authentication_failed,upi,84860,848.6,1,0.462,0,BLIND_RETRY_24H,1,RETRY_LINK_NOW,RULE_HIGH_PROB_IMMEDIATE_RETRY,0
pay_syn_42_04520,payment_timed_out,upi,698939,6989.39,0,0.6825,0,BLIND_RETRY_24H,1,RETRY_LINK_NOW,RULE_HIGH_PROB_IMMEDIATE_RETRY,1
pay_syn_42_04521,payment_timed_out,upi,93517,935.17,0,0.6825,1,BLIND_RETRY_24H,0,RETRY_LINK_NOW,RULE_HIGH_PROB_IMMEDIATE_RETRY,1
pay_syn_42_04522,payment_timed_out,upi,1189554,11895.54,0,0.6825,1,BLIND_RETRY_24H,0,ESCALATE_HUMAN,RULE_HIGH_AMOUNT_ESCALATION,0
pay_syn_42_04523,insufficient_funds,upi,122150,1221.5,0,0.3658,0,BLIND_RETRY_24H,0,RETRY_LINK_DELAYED,RULE_LOW_PROB_DELAYED_NUDGE,0
pay_syn_42_04524,gateway_technical_error,upi,1598557,15985.57,0,0.735,0,BLIND_RETRY_24H,0,ESCALATE_HUMAN,RULE_HIGH_AMOUNT_ESCALATION,0
pay_syn_42_04525,authentication_failed,card,107216,1072.16,0,0.5225,0,BLIND_RETRY_24H,0,RETRY_LINK_NOW,RULE_HIGH_PROB_IMMEDIATE_RETRY,1
pay_syn_42_04526,insufficient_funds,upi,109491,1094.91,0,0.3668,1,BLIND_RETRY_24H,0,RETRY_LINK_DELAYED,RULE_LOW_PROB_DELAYED_NUDGE,0
pay_syn_42_04527,payment_timed_out,netbanking,382187,3821.87,0,0.5525,1,BLIND_RETRY_24H,0,RETRY_LINK_NOW,RULE_HIGH_PROB_IMMEDIATE_RETRY,0
pay_syn_42_04528,payment_cancelled,upi,319066,3190.66,0,0.2459,1,BLIND_RETRY_24H,0,RETRY_LINK_DELAYED,RULE_LOW_PROB_DELAYED_NUDGE,1
pay_syn_42_04529,authentication_failed,card,32297,322.97,1,0.418,1,BLIND_RETRY_24H,0,RETRY_LINK_NOW,RULE_HIGH_PROB_IMMEDIATE_RETRY,0
pay_syn_42_04530,insufficient_funds,upi,146889,1468.89,0,0.364,1,BLIND_RETRY_24H,1,RETRY_LINK_DELAYED,RULE_LOW_PROB_DELAYED_NUDGE,0
pay_syn_42_04531,insufficient_funds,card,84045,840.45,0,0.3336,0,BLIND_RETRY_24H,0,RETRY_LINK_DELAYED,RULE_LOW_PROB_DELAYED_NUDGE,1
pay_syn_42_04532,payment_cancelled,upi,78206,782.06,0,0.2641,1,BLIND_RETRY_24H,0,RETRY_LINK_DELAYED,RULE_LOW_PROB_DELAYED_NUDGE,0
pay_syn_42_04533,invalid_otp,upi,146111,1461.11,0,0.63,0,BLIND_RETRY_24H,1,RETRY_LINK_NOW,RULE_HIGH_PROB_IMMEDIATE_RETRY,1
pay_syn_42_04534,payment_timed_out,card,97558,975.58,0,0.6175,1,BLIND_RETRY_24H,0,RETRY_LINK_NOW,RULE_HIGH_PROB_IMMEDIATE_RETRY,0
pay_syn_42_04535,gateway_technical_error,netbanking,163814,1638.14,0,0.595,0,BLIND_RETRY_24H,0,RETRY_LINK_NOW,RULE_HIGH_PROB_IMMEDIATE_RETRY,1
pay_syn_42_04536,insufficient_funds,upi,45003,450.03,1,0.2973,0,BLIND_RETRY_24H,0,RETRY_LINK_DELAYED,RULE_LOW_PROB_DELAYED_NUDGE,0
pay_syn_42_04537,invalid_otp,upi,25638,256.38,0,0.63,1,BLIND_RETRY_24H,0,RETRY_LINK_NOW,RULE_HIGH_PROB_IMMEDIATE_RETRY,0
pay_syn_42_04538,authentication_failed,card,400486,4004.86,1,0.418,1,BLIND_RETRY_24H,0,RETRY_LINK_NOW,RULE_HIGH_PROB_IMMEDIATE_RETRY,0
pay_syn_42_04539,gateway_technical_error,upi,482156,4821.56,0,0.735,0,BLIND_RETRY_24H,1,RETRY_LINK_NOW,RULE_HIGH_PROB_IMMEDIATE_RETRY,1
pay_syn_42_04540,invalid_otp,wallet,370799,3707.99,0,0.612,1,BLIND_RETRY_24H,1,RETRY_LINK_NOW,RULE_HIGH_PROB_IMMEDIATE_RETRY,1
pay_syn_42_04541,payment_timed_out,card,139098,1390.98,0,0.6175,0,BLIND_RETRY_24H,1,RETRY_LINK_NOW,RULE_HIGH_PROB_IMMEDIATE_RETRY,1
pay_syn_42_04542,insufficient_funds,card,89897,898.97,1,0.2666,0,BLIND_RETRY_24H,0,RETRY_LINK_DELAYED,RULE_LOW_PROB_DELAYED_NUDGE,0
pay_syn_42_04543,fraud_suspected,upi,67844,678.44,1,0.0,0,BLIND_RETRY_24H,0,ESCALATE_HUMAN,RULE_HARD_DECLINE_COMPLIANCE,0
pay_syn_42_04544,gateway_technical_error,netbanking,55870,558.7,0,0.595,1,BLIND_RETRY_24H,0,RETRY_LINK_NOW,RULE_HIGH_PROB_IMMEDIATE_RETRY,1
pay_syn_42_04545,insufficient_funds,upi,122296,1222.96,0,0.3658,0,BLIND_RETRY_24H,0,RETRY_LINK_DELAYED,RULE_LOW_PROB_DELAYED_NUDGE,1
pay_syn_42_04546,card_lost_or_stolen,upi,467419,4674.19,0,0.0,0,BLIND_RETRY_24H,0,ESCALATE_HUMAN,RULE_HARD_DECLINE_COMPLIANCE,0
pay_syn_42_04547,card_expired,upi,62197,621.97,1,0.0,0,BLIND_RETRY_24H,0,ESCALATE_HUMAN,RULE_HARD_DECLINE_COMPLIANCE,0
pay_syn_42_04548,payment_timed_out,upi,468427,4684.27,0,0.6825,1,BLIND_RETRY_24H,0,RETRY_LINK_NOW,RULE_HIGH_PROB_IMMEDIATE_RETRY,1
pay_syn_42_04549,payment_timed_out,upi,26918,269.18,0,0.6825,1,BLIND_RETRY_24H,0,RETRY_LINK_NOW,RULE_HIGH_PROB_IMMEDIATE_RETRY,1
pay_syn_42_04550,insufficient_funds,card,173480,1734.8,2,0.2096,0,BLIND_RETRY_24H,0,STOP,RULE_MAX_RETRIES_EXCEEDED,0
pay_syn_42_04551,stolen_card,upi,217414,2174.14,0,0.0,0,BLIND_RETRY_24H,0,ESCALATE_HUMAN,RULE_HARD_DECLINE_COMPLIANCE,0
pay_syn_42_04552,stolen_card,netbanking,75516,755.16,0,0.0,0,BLIND_RETRY_24H,0,ESCALATE_HUMAN,RULE_HARD_DECLINE_COMPLIANCE,0
pay_syn_42_04553,payment_cancelled,upi,42179,421.79,0,0.2669,1,BLIND_RETRY_24H,0,RETRY_LINK_DELAYED,RULE_LOW_PROB_DELAYED_NUDGE,0
pay_syn_42_04554,gateway_technical_error,upi,339728,3397.28,1,0.588,1,BLIND_RETRY_24H,0,RETRY_LINK_NOW,RULE_HIGH_PROB_IMMEDIATE_RETRY,0
pay_syn_42_04555,payment_timed_out,upi,140260,1402.6,0,0.6825,0,BLIND_RETRY_24H,0,RETRY_LINK_NOW,RULE_HIGH_PROB_IMMEDIATE_RETRY,1
pay_syn_42_04556,payment_cancelled,card,2435119,24351.19,0,0.0778,0,BLIND_RETRY_24H,0,ESCALATE_HUMAN,RULE_HIGH_AMOUNT_ESCALATION,0
pay_syn_42_04557,card_lost_or_stolen,upi,476405,4764.05,0,0.0,0,BLIND_RETRY_24H,0,ESCALATE_HUMAN,RULE_HARD_DECLINE_COMPLIANCE,0
pay_syn_42_04558,card_expired,card,481182,4811.82,0,0.0,0,BLIND_RETRY_24H,0,ESCALATE_HUMAN,RULE_HARD_DECLINE_COMPLIANCE,0
pay_syn_42_04559,gateway_technical_error,upi,9600,96.0,0,0.735,1,BLIND_RETRY_24H,0,RETRY_LINK_NOW,RULE_HIGH_PROB_IMMEDIATE_RETRY,1
pay_syn_42_04560,gateway_technical_error,upi,63468,634.68,0,0.735,1,BLIND_RETRY_24H,0,RETRY_LINK_NOW,RULE_HIGH_PROB_IMMEDIATE_RETRY,1
pay_syn_42_04561,gateway_technical_error,card,37497,374.97,1,0.532,0,BLIND_RETRY_24H,0,RETRY_LINK_NOW,RULE_HIGH_PROB_IMMEDIATE_RETRY,0
pay_syn_42_04562,insufficient_funds,upi,15157,151.57,0,0.3739,1,BLIND_RETRY_24H,0,RETRY_LINK_DELAYED,RULE_LOW_PROB_DELAYED_NUDGE,1
pay_syn_42_04563,payment_timed_out,upi,128414,1284.14,0,0.6825,1,BLIND_RETRY_24H,0,RETRY_LINK_NOW,RULE_HIGH_PROB_IMMEDIATE_RETRY,0
pay_syn_42_04564,insufficient_funds,card,329659,3296.59,0,0.3168,0,BLIND_RETRY_24H,1,RETRY_LINK_DELAYED,RULE_LOW_PROB_DELAYED_NUDGE,0
pay_syn_42_04565,invalid_otp,upi,46418,464.18,0,0.63,1,BLIND_RETRY_24H,1,RETRY_LINK_NOW,RULE_HIGH_PROB_IMMEDIATE_RETRY,1
pay_syn_42_04566,payment_cancelled,card,15993,159.93,0,0.2432,0,BLIND_RETRY_24H,0,RETRY_LINK_NOW,RULE_HIGH_PROB_IMMEDIATE_RETRY,0
pay_syn_42_04567,insufficient_funds,upi,50384,503.84,0,0.3713,0,BLIND_RETRY_24H,0,RETRY_LINK_DELAYED,RULE_LOW_PROB_DELAYED_NUDGE,0
pay_syn_42_04568,fraud_suspected,netbanking,112358,1123.58,0,0.0,0,BLIND_RETRY_24H,0,ESCALATE_HUMAN,RULE_HARD_DECLINE_COMPLIANCE,0
pay_syn_42_04569,insufficient_funds,card,103743,1037.43,1,0.2658,0,BLIND_RETRY_24H,1,RETRY_LINK_DELAYED,RULE_LOW_PROB_DELAYED_NUDGE,0
pay_syn_42_04570,payment_cancelled,upi,135506,1355.06,0,0.2598,0,BLIND_RETRY_24H,0,RETRY_LINK_DELAYED,RULE_LOW_PROB_DELAYED_NUDGE,0
pay_syn_42_04571,authentication_failed,upi,212298,2122.98,1,0.462,0,BLIND_RETRY_24H,0,RETRY_LINK_NOW,RULE_HIGH_PROB_IMMEDIATE_RETRY,1
pay_syn_42_04572,payment_timed_out,upi,131900,1319.0,0,0.6825,1,BLIND_RETRY_24H,0,RETRY_LINK_NOW,RULE_HIGH_PROB_IMMEDIATE_RETRY,1
pay_syn_42_04573,invalid_otp,card,352246,3522.46,0,0.57,0,BLIND_RETRY_24H,1,RETRY_LINK_NOW,RULE_HIGH_PROB_IMMEDIATE_RETRY,1
pay_syn_42_04574,invalid_otp,upi,47289,472.89,0,0.63,1,BLIND_RETRY_24H,0,RETRY_LINK_NOW,RULE_HIGH_PROB_IMMEDIATE_RETRY,1
pay_syn_42_04575,payment_timed_out,upi,99197,991.97,0,0.6825,0,BLIND_RETRY_24H,0,RETRY_LINK_NOW,RULE_HIGH_PROB_IMMEDIATE_RETRY,1
pay_syn_42_04576,insufficient_funds,upi,254917,2549.17,1,0.2846,1,BLIND_RETRY_24H,0,RETRY_LINK_DELAYED,RULE_LOW_PROB_DELAYED_NUDGE,0
pay_syn_42_04577,payment_cancelled,card,182496,1824.96,0,0.2319,0,BLIND_RETRY_24H,0,RETRY_LINK_DELAYED,RULE_LOW_PROB_DELAYED_NUDGE,0
pay_syn_42_04578,invalid_otp,upi,1005492,10054.92,0,0.63,1,BLIND_RETRY_24H,1,ESCALATE_HUMAN,RULE_HIGH_AMOUNT_ESCALATION,0
pay_syn_42_04579,payment_timed_out,upi,49307,493.07,0,0.6825,1,BLIND_RETRY_24H,0,RETRY_LINK_NOW,RULE_HIGH_PROB_IMMEDIATE_RETRY,1
pay_syn_42_04580,authentication_failed,upi,260326,2603.26,1,0.462,1,BLIND_RETRY_24H,0,RETRY_LINK_NOW,RULE_HIGH_PROB_IMMEDIATE_RETRY,1
pay_syn_42_04581,authentication_failed,upi,66978,669.78,0,0.5775,1,BLIND_RETRY_24H,0,RETRY_LINK_NOW,RULE_HIGH_PROB_IMMEDIATE_RETRY,1
pay_syn_42_04582,stolen_card,netbanking,59730,597.3,2,0.0,0,BLIND_RETRY_24H,0,STOP,RULE_MAX_RETRIES_EXCEEDED,0
pay_syn_42_04583,invalid_otp,upi,441583,4415.83,0,0.63,0,BLIND_RETRY_24H,0,RETRY_LINK_NOW,RULE_HIGH_PROB_IMMEDIATE_RETRY,1
pay_syn_42_04584,invalid_otp,card,130283,1302.83,0,0.57,0,BLIND_RETRY_24H,0,RETRY_LINK_NOW,RULE_HIGH_PROB_IMMEDIATE_RETRY,1
pay_syn_42_04585,insufficient_funds,upi,179029,1790.29,0,0.3615,1,BLIND_RETRY_24H,0,RETRY_LINK_DELAYED,RULE_LOW_PROB_DELAYED_NUDGE,0
pay_syn_42_04586,authentication_failed,netbanking,72438,724.38,1,0.374,0,BLIND_RETRY_24H,0,RETRY_LINK_NOW,RULE_HIGH_PROB_IMMEDIATE_RETRY,0
pay_syn_42_04587,authentication_failed,upi,76903,769.03,0,0.5775,1,BLIND_RETRY_24H,0,RETRY_LINK_NOW,RULE_HIGH_PROB_IMMEDIATE_RETRY,1
pay_syn_42_04588,bank_account_invalid,upi,25167,251.67,2,0.0,0,BLIND_RETRY_24H,0,STOP,RULE_MAX_RETRIES_EXCEEDED,0
pay_syn_42_04589,payment_timed_out,card,163649,1636.49,0,0.6175,1,BLIND_RETRY_24H,0,RETRY_LINK_NOW,RULE_HIGH_PROB_IMMEDIATE_RETRY,1
pay_syn_42_04590,gateway_technical_error,upi,42856,428.56,0,0.735,1,BLIND_RETRY_24H,0,RETRY_LINK_NOW,RULE_HIGH_PROB_IMMEDIATE_RETRY,0
pay_syn_42_04591,gateway_technical_error,upi,114610,1146.1,1,0.588,1,BLIND_RETRY_24H,0,RETRY_LINK_NOW,RULE_HIGH_PROB_IMMEDIATE_RETRY,1
pay_syn_42_04592,authentication_failed,card,351786,3517.86,0,0.5225,0,BLIND_RETRY_24H,1,RETRY_LINK_NOW,RULE_HIGH_PROB_IMMEDIATE_RETRY,1
pay_syn_42_04593,gateway_technical_error,upi,19153,191.53,0,0.735,1,BLIND_RETRY_24H,0,RETRY_LINK_NOW,RULE_HIGH_PROB_IMMEDIATE_RETRY,0
pay_syn_42_04594,invalid_otp,upi,3602944,36029.44,1,0.504,0,BLIND_RETRY_24H,0,ESCALATE_HUMAN,RULE_HIGH_AMOUNT_ESCALATION,1
pay_syn_42_04595,gateway_technical_error,card,58492,584.92,1,0.532,0,BLIND_RETRY_24H,0,RETRY_LINK_NOW,RULE_HIGH_PROB_IMMEDIATE_RETRY,1
pay_syn_42_04596,insufficient_funds,upi,118210,1182.1,2,0.2343,0,BLIND_RETRY_24H,0,STOP,RULE_MAX_RETRIES_EXCEEDED,0
pay_syn_42_04597,card_lost_or_stolen,upi,178782,1787.82,0,0.0,0,BLIND_RETRY_24H,0,ESCALATE_HUMAN,RULE_HARD_DECLINE_COMPLIANCE,0
pay_syn_42_04598,invalid_otp,card,56534,565.34,0,0.57,0,BLIND_RETRY_24H,1,RETRY_LINK_NOW,RULE_HIGH_PROB_IMMEDIATE_RETRY,1
pay_syn_42_04599,payment_timed_out,netbanking,79805,798.05,0,0.5525,0,BLIND_RETRY_24H,0,RETRY_LINK_DELAYED,RULE_LOW_PROB_DELAYED_NUDGE,1
pay_syn_42_04600,invalid_otp,upi,459768,4597.68,0,0.63,1,BLIND_RETRY_24H,1,RETRY_LINK_NOW,RULE_HIGH_PROB_IMMEDIATE_RETRY,1
pay_syn_42_04601,invalid_otp,netbanking,308016,3080.16,0,0.51,1,BLIND_RETRY_24H,1,RETRY_LINK_NOW,RULE_HIGH_PROB_IMMEDIATE_RETRY,1
pay_syn_42_04602,insufficient_funds,upi,101446,1014.46,1,0.2939,0,BLIND_RETRY_24H,0,RETRY_LINK_DELAYED,RULE_LOW_PROB_DELAYED_NUDGE,0
pay_syn_42_04603,payment_timed_out,upi,133674,1336.74,0,0.6825,1,BLIND_RETRY_24H,0,RETRY_LINK_NOW,RULE_HIGH_PROB_IMMEDIATE_RETRY,1
pay_syn_42_04604,bank_account_invalid,upi,156240,1562.4,0,0.0,0,BLIND_RETRY_24H,0,ESCALATE_HUMAN,RULE_HARD_DECLINE_COMPLIANCE,0
pay_syn_42_04605,card_expired,upi,247291,2472.91,0,0.0,0,BLIND_RETRY_24H,0,ESCALATE_HUMAN,RULE_HARD_DECLINE_COMPLIANCE,0
pay_syn_42_04606,gateway_technical_error,upi,268501,2685.01,2,0.4704,0,BLIND_RETRY_24H,0,STOP,RULE_MAX_RETRIES_EXCEEDED,0
pay_syn_42_04607,bank_account_invalid,upi,260310,2603.1,0,0.0,0,BLIND_RETRY_24H,0,ESCALATE_HUMAN,RULE_HARD_DECLINE_COMPLIANCE,0
pay_syn_42_04608,authentication_failed,netbanking,85318,853.18,0,0.4675,1,BLIND_RETRY_24H,1,RETRY_LINK_NOW,RULE_HIGH_PROB_IMMEDIATE_RETRY,0
pay_syn_42_04609,fraud_suspected,card,150789,1507.89,2,0.0,0,BLIND_RETRY_24H,0,STOP,RULE_MAX_RETRIES_EXCEEDED,0
pay_syn_42_04610,payment_timed_out,upi,401599,4015.99,1,0.546,1,BLIND_RETRY_24H,0,RETRY_LINK_NOW,RULE_HIGH_PROB_IMMEDIATE_RETRY,0
pay_syn_42_04611,payment_cancelled,upi,1517062,15170.62,0,0.1554,0,BLIND_RETRY_24H,0,ESCALATE_HUMAN,RULE_HIGH_AMOUNT_ESCALATION,0
pay_syn_42_04612,authentication_failed,card,146208,1462.08,1,0.418,0,BLIND_RETRY_24H,1,RETRY_LINK_NOW,RULE_HIGH_PROB_IMMEDIATE_RETRY,1
pay_syn_42_04613,insufficient_funds,card,73921,739.21,1,0.2674,1,BLIND_RETRY_24H,0,RETRY_LINK_DELAYED,RULE_LOW_PROB_DELAYED_NUDGE,0
pay_syn_42_04614,payment_cancelled,upi,55467,554.67,1,0.2127,1,BLIND_RETRY_24H,0,RETRY_LINK_DELAYED,RULE_LOW_PROB_DELAYED_NUDGE,1
pay_syn_42_04615,invalid_otp,upi,262673,2626.73,2,0.4032,0,BLIND_RETRY_24H,0,STOP,RULE_MAX_RETRIES_EXCEEDED,0
pay_syn_42_04616,invalid_otp,wallet,24096,240.96,2,0.3917,1,BLIND_RETRY_24H,0,STOP,RULE_MAX_RETRIES_EXCEEDED,0
pay_syn_42_04617,gateway_technical_error,upi,265776,2657.76,1,0.588,1,BLIND_RETRY_24H,0,RETRY_LINK_NOW,RULE_HIGH_PROB_IMMEDIATE_RETRY,0
pay_syn_42_04618,payment_timed_out,card,271269,2712.69,0,0.6175,1,BLIND_RETRY_24H,0,RETRY_LINK_NOW,RULE_HIGH_PROB_IMMEDIATE_RETRY,0
pay_syn_42_04619,payment_cancelled,upi,76716,767.16,2,0.1691,0,BLIND_RETRY_24H,0,STOP,RULE_MAX_RETRIES_EXCEEDED,0
pay_syn_42_04620,authentication_failed,upi,174387,1743.87,0,0.5775,1,BLIND_RETRY_24H,0,RETRY_LINK_NOW,RULE_HIGH_PROB_IMMEDIATE_RETRY,1
pay_syn_42_04621,insufficient_funds,upi,105069,1050.69,1,0.2937,0,BLIND_RETRY_24H,0,RETRY_LINK_DELAYED,RULE_LOW_PROB_DELAYED_NUDGE,0
pay_syn_42_04622,invalid_otp,upi,30922,309.22,0,0.63,1,BLIND_RETRY_24H,0,RETRY_LINK_NOW,RULE_HIGH_PROB_IMMEDIATE_RETRY,1
pay_syn_42_04623,payment_timed_out,upi,243837,2438.37,2,0.4368,1,BLIND_RETRY_24H,1,STOP,RULE_MAX_RETRIES_EXCEEDED,0
pay_syn_42_04624,gateway_technical_error,upi,219597,2195.97,1,0.588,0,BLIND_RETRY_24H,0,RETRY_LINK_NOW,RULE_HIGH_PROB_IMMEDIATE_RETRY,0
pay_syn_42_04625,invalid_otp,card,83222,832.22,0,0.57,0,BLIND_RETRY_24H,0,RETRY_LINK_NOW,RULE_HIGH_PROB_IMMEDIATE_RETRY,1
pay_syn_42_04626,authentication_failed,upi,1482846,14828.46,2,0.3696,1,BLIND_RETRY_24H,0,STOP,RULE_MAX_RETRIES_EXCEEDED,0
pay_syn_42_04627,gateway_technical_error,upi,134887,1348.87,1,0.588,1,BLIND_RETRY_24H,0,RETRY_LINK_NOW,RULE_HIGH_PROB_IMMEDIATE_RETRY,0
pay_syn_42_04628,authentication_failed,netbanking,17537,175.37,0,0.4675,1,BLIND_RETRY_24H,0,RETRY_LINK_NOW,RULE_HIGH_PROB_IMMEDIATE_RETRY,0
pay_syn_42_04629,invalid_otp,card,428001,4280.01,0,0.57,0,BLIND_RETRY_24H,0,RETRY_LINK_NOW,RULE_HIGH_PROB_IMMEDIATE_RETRY,1
pay_syn_42_04630,insufficient_funds,upi,318791,3187.91,0,0.351,0,BLIND_RETRY_24H,0,RETRY_LINK_DELAYED,RULE_LOW_PROB_DELAYED_NUDGE,0
pay_syn_42_04631,invalid_otp,upi,366098,3660.98,0,0.63,1,BLIND_RETRY_24H,1,RETRY_LINK_NOW,RULE_HIGH_PROB_IMMEDIATE_RETRY,1
pay_syn_42_04632,gateway_technical_error,card,45226,452.26,0,0.665,0,BLIND_RETRY_24H,0,RETRY_LINK_NOW,RULE_HIGH_PROB_IMMEDIATE_RETRY,0
pay_syn_42_04633,insufficient_funds,upi,169275,1692.75,0,0.3623,0,BLIND_RETRY_24H,0,RETRY_LINK_DELAYED,RULE_LOW_PROB_DELAYED_NUDGE,1
pay_syn_42_04634,fraud_suspected,card,132426,1324.26,0,0.0,0,BLIND_RETRY_24H,0,ESCALATE_HUMAN,RULE_HARD_DECLINE_COMPLIANCE,0
pay_syn_42_04635,risk_check_failed,upi,110626,1106.26,0,0.0,0,BLIND_RETRY_24H,0,ESCALATE_HUMAN,RULE_HARD_DECLINE_COMPLIANCE,0
pay_syn_42_04636,gateway_technical_error,wallet,583980,5839.8,0,0.714,1,BLIND_RETRY_24H,0,RETRY_LINK_NOW,RULE_HIGH_PROB_IMMEDIATE_RETRY,1
pay_syn_42_04637,insufficient_funds,card,136922,1369.22,0,0.33,0,BLIND_RETRY_24H,0,RETRY_LINK_DELAYED,RULE_LOW_PROB_DELAYED_NUDGE,0
pay_syn_42_04638,insufficient_funds,upi,86281,862.81,1,0.2948,0,BLIND_RETRY_24H,0,RETRY_LINK_DELAYED,RULE_LOW_PROB_DELAYED_NUDGE,1
pay_syn_42_04639,invalid_otp,upi,85382,853.82,0,0.63,1,BLIND_RETRY_24H,0,RETRY_LINK_NOW,RULE_HIGH_PROB_IMMEDIATE_RETRY,1
pay_syn_42_04640,risk_check_failed,card,41917,419.17,1,0.0,0,BLIND_RETRY_24H,0,ESCALATE_HUMAN,RULE_HARD_DECLINE_COMPLIANCE,0
pay_syn_42_04641,payment_timed_out,upi,151995,1519.95,0,0.6825,1,BLIND_RETRY_24H,0,RETRY_LINK_NOW,RULE_HIGH_PROB_IMMEDIATE_RETRY,1
pay_syn_42_04642,risk_check_failed,upi,643857,6438.57,0,0.0,0,BLIND_RETRY_24H,0,ESCALATE_HUMAN,RULE_HARD_DECLINE_COMPLIANCE,0
pay_syn_42_04643,insufficient_funds,upi,93872,938.72,1,0.2944,0,BLIND_RETRY_24H,0,RETRY_LINK_DELAYED,RULE_LOW_PROB_DELAYED_NUDGE,0
pay_syn_42_04644,invalid_otp,upi,180027,1800.27,0,0.63,1,BLIND_RETRY_24H,1,RETRY_LINK_NOW,RULE_HIGH_PROB_IMMEDIATE_RETRY,1
pay_syn_42_04645,payment_timed_out,card,108778,1087.78,0,0.6175,1,BLIND_RETRY_24H,0,RETRY_LINK_NOW,RULE_HIGH_PROB_IMMEDIATE_RETRY,1
pay_syn_42_04646,gateway_technical_error,card,121808,1218.08,0,0.665,1,BLIND_RETRY_24H,0,RETRY_LINK_NOW,RULE_HIGH_PROB_IMMEDIATE_RETRY,0
pay_syn_42_04647,gateway_technical_error,card,336147,3361.47,0,0.665,0,BLIND_RETRY_24H,0,RETRY_LINK_NOW,RULE_HIGH_PROB_IMMEDIATE_RETRY,0
pay_syn_42_04648,insufficient_funds,card,41385,413.85,0,0.3365,1,BLIND_RETRY_24H,0,RETRY_LINK_DELAYED,RULE_LOW_PROB_DELAYED_NUDGE,0
pay_syn_42_04649,authentication_failed,upi,26393,263.93,0,0.5775,1,BLIND_RETRY_24H,0,RETRY_LINK_NOW,RULE_HIGH_PROB_IMMEDIATE_RETRY,0
pay_syn_42_04650,invalid_otp,card,428802,4288.02,0,0.57,1,BLIND_RETRY_24H,1,RETRY_LINK_NOW,RULE_HIGH_PROB_IMMEDIATE_RETRY,1
pay_syn_42_04651,risk_check_failed,upi,74594,745.94,0,0.0,0,BLIND_RETRY_24H,0,ESCALATE_HUMAN,RULE_HARD_DECLINE_COMPLIANCE,0
pay_syn_42_04652,payment_timed_out,upi,87356,873.56,0,0.6825,1,BLIND_RETRY_24H,0,RETRY_LINK_NOW,RULE_HIGH_PROB_IMMEDIATE_RETRY,1
pay_syn_42_04653,gateway_technical_error,upi,2004749,20047.49,0,0.735,1,BLIND_RETRY_24H,0,ESCALATE_HUMAN,RULE_HIGH_AMOUNT_ESCALATION,1
pay_syn_42_04654,gateway_technical_error,upi,316417,3164.17,0,0.735,1,BLIND_RETRY_24H,0,RETRY_LINK_NOW,RULE_HIGH_PROB_IMMEDIATE_RETRY,1
pay_syn_42_04655,gateway_technical_error,card,51764,517.64,0,0.665,0,BLIND_RETRY_24H,0,RETRY_LINK_NOW,RULE_HIGH_PROB_IMMEDIATE_RETRY,1
pay_syn_42_04656,insufficient_funds,card,467125,4671.25,0,0.3074,0,BLIND_RETRY_24H,1,RETRY_LINK_DELAYED,RULE_LOW_PROB_DELAYED_NUDGE,0
pay_syn_42_04657,gateway_technical_error,card,325304,3253.04,2,0.4256,0,BLIND_RETRY_24H,0,STOP,RULE_MAX_RETRIES_EXCEEDED,0
pay_syn_42_04658,insufficient_funds,upi,5259,52.59,2,0.2398,0,BLIND_RETRY_24H,0,STOP,RULE_MAX_RETRIES_EXCEEDED,0
pay_syn_42_04659,payment_timed_out,upi,158260,1582.6,0,0.6825,1,BLIND_RETRY_24H,1,RETRY_LINK_NOW,RULE_HIGH_PROB_IMMEDIATE_RETRY,1
pay_syn_42_04660,payment_timed_out,upi,43436,434.36,0,0.6825,1,BLIND_RETRY_24H,0,RETRY_LINK_NOW,RULE_HIGH_PROB_IMMEDIATE_RETRY,0
pay_syn_42_04661,gateway_technical_error,card,121535,1215.35,0,0.665,1,BLIND_RETRY_24H,0,RETRY_LINK_NOW,RULE_HIGH_PROB_IMMEDIATE_RETRY,1
pay_syn_42_04662,payment_timed_out,upi,1524122,15241.22,0,0.6825,1,BLIND_RETRY_24H,0,ESCALATE_HUMAN,RULE_HIGH_AMOUNT_ESCALATION,1
pay_syn_42_04663,invalid_otp,card,353559,3535.59,0,0.57,1,BLIND_RETRY_24H,0,RETRY_LINK_NOW,RULE_HIGH_PROB_IMMEDIATE_RETRY,1
pay_syn_42_04664,gateway_technical_error,upi,414736,4147.36,2,0.4704,0,BLIND_RETRY_24H,0,STOP,RULE_MAX_RETRIES_EXCEEDED,0
pay_syn_42_04665,invalid_otp,upi,109013,1090.13,1,0.504,1,BLIND_RETRY_24H,0,RETRY_LINK_NOW,RULE_HIGH_PROB_IMMEDIATE_RETRY,1
pay_syn_42_04666,insufficient_funds,card,417105,4171.05,0,0.3108,0,BLIND_RETRY_24H,0,RETRY_LINK_DELAYED,RULE_LOW_PROB_DELAYED_NUDGE,0
pay_syn_42_04667,payment_cancelled,netbanking,60563,605.63,0,0.2149,0,BLIND_RETRY_24H,1,RETRY_LINK_DELAYED,RULE_LOW_PROB_DELAYED_NUDGE,1
pay_syn_42_04668,authentication_failed,wallet,156047,1560.47,0,0.561,1,BLIND_RETRY_24H,0,RETRY_LINK_NOW,RULE_HIGH_PROB_IMMEDIATE_RETRY,1
pay_syn_42_04669,card_expired,upi,334308,3343.08,0,0.0,0,BLIND_RETRY_24H,0,ESCALATE_HUMAN,RULE_HARD_DECLINE_COMPLIANCE,0
pay_syn_42_04670,card_blocked,netbanking,322246,3222.46,1,0.0,0,BLIND_RETRY_24H,0,ESCALATE_HUMAN,RULE_HARD_DECLINE_COMPLIANCE,0
pay_syn_42_04671,invalid_otp,card,27962,279.62,0,0.57,1,BLIND_RETRY_24H,0,RETRY_LINK_NOW,RULE_HIGH_PROB_IMMEDIATE_RETRY,1
pay_syn_42_04672,insufficient_funds,card,1096832,10968.32,0,0.2643,1,BLIND_RETRY_24H,0,ESCALATE_HUMAN,RULE_HIGH_AMOUNT_ESCALATION,0
pay_syn_42_04673,gateway_technical_error,upi,49625,496.25,1,0.588,1,BLIND_RETRY_24H,0,RETRY_LINK_NOW,RULE_HIGH_PROB_IMMEDIATE_RETRY,1
pay_syn_42_04674,authentication_failed,upi,2606013,26060.13,0,0.5775,0,BLIND_RETRY_24H,1,ESCALATE_HUMAN,RULE_HIGH_AMOUNT_ESCALATION,1
pay_syn_42_04675,insufficient_funds,card,346447,3464.47,0,0.3156,0,BLIND_RETRY_24H,0,RETRY_LINK_DELAYED,RULE_LOW_PROB_DELAYED_NUDGE,0
pay_syn_42_04676,authentication_failed,netbanking,312144,3121.44,2,0.2992,0,BLIND_RETRY_24H,0,STOP,RULE_MAX_RETRIES_EXCEEDED,0
pay_syn_42_04677,insufficient_funds,card,54033,540.33,0,0.3356,0,BLIND_RETRY_24H,1,RETRY_LINK_DELAYED,RULE_LOW_PROB_DELAYED_NUDGE,0
pay_syn_42_04678,stolen_card,card,77883,778.83,0,0.0,0,BLIND_RETRY_24H,0,ESCALATE_HUMAN,RULE_HARD_DECLINE_COMPLIANCE,0
pay_syn_42_04679,insufficient_funds,upi,978293,9782.93,0,0.3011,0,BLIND_RETRY_24H,0,RETRY_LINK_DELAYED,RULE_LOW_PROB_DELAYED_NUDGE,0
pay_syn_42_04680,payment_cancelled,upi,814836,8148.36,0,0.2085,0,BLIND_RETRY_24H,0,RETRY_LINK_DELAYED,RULE_LOW_PROB_DELAYED_NUDGE,0
pay_syn_42_04681,invalid_otp,card,112318,1123.18,1,0.456,1,BLIND_RETRY_24H,0,RETRY_LINK_NOW,RULE_HIGH_PROB_IMMEDIATE_RETRY,0
pay_syn_42_04682,authentication_failed,card,102480,1024.8,2,0.3344,0,BLIND_RETRY_24H,0,STOP,RULE_MAX_RETRIES_EXCEEDED,0
pay_syn_42_04683,bank_account_invalid,card,105710,1057.1,0,0.0,0,BLIND_RETRY_24H,0,ESCALATE_HUMAN,RULE_HARD_DECLINE_COMPLIANCE,0
pay_syn_42_04684,invalid_otp,upi,471139,4711.39,0,0.63,1,BLIND_RETRY_24H,0,RETRY_LINK_NOW,RULE_HIGH_PROB_IMMEDIATE_RETRY,0
pay_syn_42_04685,invalid_otp,card,416520,4165.2,0,0.57,1,BLIND_RETRY_24H,0,RETRY_LINK_NOW,RULE_HIGH_PROB_IMMEDIATE_RETRY,1
pay_syn_42_04686,payment_timed_out,netbanking,205289,2052.89,0,0.5525,1,BLIND_RETRY_24H,0,RETRY_LINK_DELAYED,RULE_LOW_PROB_DELAYED_NUDGE,1
pay_syn_42_04687,payment_timed_out,upi,157760,1577.6,0,0.6825,1,BLIND_RETRY_24H,1,RETRY_LINK_NOW,RULE_HIGH_PROB_IMMEDIATE_RETRY,1
pay_syn_42_04688,card_blocked,upi,110945,1109.45,0,0.0,0,BLIND_RETRY_24H,0,ESCALATE_HUMAN,RULE_HARD_DECLINE_COMPLIANCE,0
pay_syn_42_04689,invalid_otp,netbanking,2296970,22969.7,1,0.408,0,BLIND_RETRY_24H,0,ESCALATE_HUMAN,RULE_HIGH_AMOUNT_ESCALATION,0
pay_syn_42_04690,payment_timed_out,card,31006,310.06,0,0.6175,1,BLIND_RETRY_24H,0,RETRY_LINK_NOW,RULE_HIGH_PROB_IMMEDIATE_RETRY,0
pay_syn_42_04691,invalid_otp,upi,88531,885.31,2,0.4032,0,BLIND_RETRY_24H,0,STOP,RULE_MAX_RETRIES_EXCEEDED,0
pay_syn_42_04692,payment_cancelled,card,189633,1896.33,0,0.2314,0,BLIND_RETRY_24H,0,RETRY_LINK_DELAYED,RULE_LOW_PROB_DELAYED_NUDGE,0
pay_syn_42_04693,insufficient_funds,upi,25520,255.2,2,0.2388,0,BLIND_RETRY_24H,0,STOP,RULE_MAX_RETRIES_EXCEEDED,0
pay_syn_42_04694,payment_timed_out,card,72604,726.04,0,0.6175,0,BLIND_RETRY_24H,0,RETRY_LINK_NOW,RULE_HIGH_PROB_IMMEDIATE_RETRY,0
pay_syn_42_04695,gateway_technical_error,upi,1495490,14954.9,2,0.4704,1,BLIND_RETRY_24H,0,STOP,RULE_MAX_RETRIES_EXCEEDED,0
pay_syn_42_04696,insufficient_funds,upi,383251,3832.51,0,0.3461,0,BLIND_RETRY_24H,0,RETRY_LINK_DELAYED,RULE_LOW_PROB_DELAYED_NUDGE,0
pay_syn_42_04697,payment_timed_out,card,72002,720.02,0,0.6175,0,BLIND_RETRY_24H,0,RETRY_LINK_NOW,RULE_HIGH_PROB_IMMEDIATE_RETRY,1
pay_syn_42_04698,insufficient_funds,netbanking,69787,697.87,0,0.2993,0,BLIND_RETRY_24H,0,RETRY_LINK_DELAYED,RULE_LOW_PROB_DELAYED_NUDGE,0
pay_syn_42_04699,gateway_technical_error,card,31231,312.31,0,0.665,1,BLIND_RETRY_24H,1,RETRY_LINK_NOW,RULE_HIGH_PROB_IMMEDIATE_RETRY,1
pay_syn_42_04700,insufficient_funds,card,82924,829.24,0,0.3337,0,BLIND_RETRY_24H,0,RETRY_LINK_DELAYED,RULE_LOW_PROB_DELAYED_NUDGE,0
pay_syn_42_04701,card_expired,upi,250366,2503.66,0,0.0,0,BLIND_RETRY_24H,0,ESCALATE_HUMAN,RULE_HARD_DECLINE_COMPLIANCE,0
pay_syn_42_04702,gateway_technical_error,netbanking,204104,2041.04,0,0.595,0,BLIND_RETRY_24H,1,RETRY_LINK_NOW,RULE_HIGH_PROB_IMMEDIATE_RETRY,1
pay_syn_42_04703,insufficient_funds,upi,87601,876.01,0,0.3684,0,BLIND_RETRY_24H,0,RETRY_LINK_DELAYED,RULE_LOW_PROB_DELAYED_NUDGE,0
pay_syn_42_04704,risk_check_failed,card,48915,489.15,1,0.0,0,BLIND_RETRY_24H,0,ESCALATE_HUMAN,RULE_HARD_DECLINE_COMPLIANCE,0
pay_syn_42_04705,gateway_technical_error,upi,109366,1093.66,1,0.588,1,BLIND_RETRY_24H,0,RETRY_LINK_NOW,RULE_HIGH_PROB_IMMEDIATE_RETRY,1
pay_syn_42_04706,payment_cancelled,netbanking,106804,1068.04,2,0.1357,0,BLIND_RETRY_24H,0,STOP,RULE_MAX_RETRIES_EXCEEDED,0
pay_syn_42_04707,gateway_technical_error,upi,326372,3263.72,0,0.735,0,BLIND_RETRY_24H,0,RETRY_LINK_NOW,RULE_HIGH_PROB_IMMEDIATE_RETRY,1
pay_syn_42_04708,payment_cancelled,card,172638,1726.38,0,0.2325,0,BLIND_RETRY_24H,0,RETRY_LINK_DELAYED,RULE_LOW_PROB_DELAYED_NUDGE,0
pay_syn_42_04709,gateway_technical_error,card,148310,1483.1,0,0.665,1,BLIND_RETRY_24H,0,RETRY_LINK_NOW,RULE_HIGH_PROB_IMMEDIATE_RETRY,1
pay_syn_42_04710,gateway_technical_error,card,525612,5256.12,0,0.665,1,BLIND_RETRY_24H,0,RETRY_LINK_NOW,RULE_HIGH_PROB_IMMEDIATE_RETRY,1
pay_syn_42_04711,invalid_otp,upi,804771,8047.71,2,0.4032,1,BLIND_RETRY_24H,0,STOP,RULE_MAX_RETRIES_EXCEEDED,0
pay_syn_42_04712,payment_cancelled,netbanking,201299,2012.99,0,0.2063,0,BLIND_RETRY_24H,0,RETRY_LINK_DELAYED,RULE_LOW_PROB_DELAYED_NUDGE,0
pay_syn_42_04713,fraud_suspected,card,207042,2070.42,2,0.0,0,BLIND_RETRY_24H,0,STOP,RULE_MAX_RETRIES_EXCEEDED,0
pay_syn_42_04714,payment_timed_out,upi,117746,1177.46,0,0.6825,0,BLIND_RETRY_24H,0,RETRY_LINK_NOW,RULE_HIGH_PROB_IMMEDIATE_RETRY,1
pay_syn_42_04715,insufficient_funds,upi,53319,533.19,2,0.2375,0,BLIND_RETRY_24H,0,STOP,RULE_MAX_RETRIES_EXCEEDED,0
pay_syn_42_04716,payment_cancelled,upi,358809,3588.09,0,0.2429,0,BLIND_RETRY_24H,0,RETRY_LINK_DELAYED,RULE_LOW_PROB_DELAYED_NUDGE,0
pay_syn_42_04717,invalid_otp,card,281859,2818.59,0,0.57,1,BLIND_RETRY_24H,0,RETRY_LINK_NOW,RULE_HIGH_PROB_IMMEDIATE_RETRY,1
pay_syn_42_04718,authentication_failed,card,128504,1285.04,0,0.5225,1,BLIND_RETRY_24H,0,RETRY_LINK_NOW,RULE_HIGH_PROB_IMMEDIATE_RETRY,1
pay_syn_42_04719,payment_timed_out,card,173238,1732.38,1,0.494,1,BLIND_RETRY_24H,0,RETRY_LINK_NOW,RULE_HIGH_PROB_IMMEDIATE_RETRY,1
pay_syn_42_04720,payment_cancelled,upi,482463,4824.63,2,0.1495,0,BLIND_RETRY_24H,0,STOP,RULE_MAX_RETRIES_EXCEEDED,0
pay_syn_42_04721,payment_timed_out,card,592893,5928.93,1,0.494,1,BLIND_RETRY_24H,0,RETRY_LINK_NOW,RULE_HIGH_PROB_IMMEDIATE_RETRY,0
pay_syn_42_04722,authentication_failed,card,9935,99.35,0,0.5225,0,BLIND_RETRY_24H,1,RETRY_LINK_NOW,RULE_HIGH_PROB_IMMEDIATE_RETRY,1
pay_syn_42_04723,insufficient_funds,upi,67196,671.96,0,0.37,0,BLIND_RETRY_24H,0,RETRY_LINK_DELAYED,RULE_LOW_PROB_DELAYED_NUDGE,0
pay_syn_42_04724,authentication_failed,upi,128048,1280.48,0,0.5775,1,BLIND_RETRY_24H,0,RETRY_LINK_NOW,RULE_HIGH_PROB_IMMEDIATE_RETRY,0
pay_syn_42_04725,risk_check_failed,netbanking,41838,418.38,0,0.0,0,BLIND_RETRY_24H,0,ESCALATE_HUMAN,RULE_HARD_DECLINE_COMPLIANCE,0
pay_syn_42_04726,invalid_otp,card,178441,1784.41,2,0.3648,1,BLIND_RETRY_24H,1,STOP,RULE_MAX_RETRIES_EXCEEDED,0
pay_syn_42_04727,card_expired,upi,70908,709.08,1,0.0,0,BLIND_RETRY_24H,0,ESCALATE_HUMAN,RULE_HARD_DECLINE_COMPLIANCE,0
pay_syn_42_04728,insufficient_funds,upi,185317,1853.17,0,0.3611,1,BLIND_RETRY_24H,0,RETRY_LINK_NOW,RULE_HIGH_PROB_IMMEDIATE_RETRY,1
pay_syn_42_04729,gateway_technical_error,upi,73149,731.49,2,0.4704,1,BLIND_RETRY_24H,0,STOP,RULE_MAX_RETRIES_EXCEEDED,0
pay_syn_42_04730,payment_cancelled,upi,76428,764.28,0,0.2643,0,BLIND_RETRY_24H,0,RETRY_LINK_DELAYED,RULE_LOW_PROB_DELAYED_NUDGE,1
pay_syn_42_04731,gateway_technical_error,card,183720,1837.2,0,0.665,1,BLIND_RETRY_24H,1,RETRY_LINK_NOW,RULE_HIGH_PROB_IMMEDIATE_RETRY,1
pay_syn_42_04732,invalid_otp,card,378230,3782.3,0,0.57,1,BLIND_RETRY_24H,1,RETRY_LINK_NOW,RULE_HIGH_PROB_IMMEDIATE_RETRY,0
pay_syn_42_04733,card_expired,upi,263018,2630.18,0,0.0,0,BLIND_RETRY_24H,0,ESCALATE_HUMAN,RULE_HARD_DECLINE_COMPLIANCE,0
pay_syn_42_04734,fraud_suspected,upi,129239,1292.39,0,0.0,0,BLIND_RETRY_24H,0,ESCALATE_HUMAN,RULE_HARD_DECLINE_COMPLIANCE,0
pay_syn_42_04735,invalid_otp,upi,18916,189.16,0,0.63,1,BLIND_RETRY_24H,0,RETRY_LINK_NOW,RULE_HIGH_PROB_IMMEDIATE_RETRY,0
pay_syn_42_04736,invalid_otp,upi,74523,745.23,0,0.63,1,BLIND_RETRY_24H,1,RETRY_LINK_NOW,RULE_HIGH_PROB_IMMEDIATE_RETRY,1
pay_syn_42_04737,gateway_technical_error,upi,66479,664.79,0,0.735,1,BLIND_RETRY_24H,0,RETRY_LINK_NOW,RULE_HIGH_PROB_IMMEDIATE_RETRY,1
pay_syn_42_04738,gateway_technical_error,wallet,302637,3026.37,0,0.714,1,BLIND_RETRY_24H,0,RETRY_LINK_NOW,RULE_HIGH_PROB_IMMEDIATE_RETRY,1
pay_syn_42_04739,insufficient_funds,card,159304,1593.04,2,0.2102,0,BLIND_RETRY_24H,0,STOP,RULE_MAX_RETRIES_EXCEEDED,0
pay_syn_42_04740,insufficient_funds,card,165980,1659.8,0,0.328,0,BLIND_RETRY_24H,0,RETRY_LINK_DELAYED,RULE_LOW_PROB_DELAYED_NUDGE,0
pay_syn_42_04741,gateway_technical_error,upi,55823,558.23,0,0.735,1,BLIND_RETRY_24H,0,RETRY_LINK_NOW,RULE_HIGH_PROB_IMMEDIATE_RETRY,1
pay_syn_42_04742,card_expired,upi,624390,6243.9,0,0.0,0,BLIND_RETRY_24H,0,ESCALATE_HUMAN,RULE_HARD_DECLINE_COMPLIANCE,0
pay_syn_42_04743,payment_cancelled,upi,164728,1647.28,0,0.2576,0,BLIND_RETRY_24H,1,RETRY_LINK_DELAYED,RULE_LOW_PROB_DELAYED_NUDGE,0
pay_syn_42_04744,payment_cancelled,upi,52516,525.16,0,0.2661,0,BLIND_RETRY_24H,0,RETRY_LINK_DELAYED,RULE_LOW_PROB_DELAYED_NUDGE,0
pay_syn_42_04745,card_expired,card,56384,563.84,0,0.0,0,BLIND_RETRY_24H,0,ESCALATE_HUMAN,RULE_HARD_DECLINE_COMPLIANCE,0
pay_syn_42_04746,insufficient_funds,card,193065,1930.65,0,0.3261,1,BLIND_RETRY_24H,1,RETRY_LINK_DELAYED,RULE_LOW_PROB_DELAYED_NUDGE,0
pay_syn_42_04747,insufficient_funds,upi,50558,505.58,1,0.297,1,BLIND_RETRY_24H,0,RETRY_LINK_DELAYED,RULE_LOW_PROB_DELAYED_NUDGE,0
pay_syn_42_04748,payment_cancelled,upi,67363,673.63,1,0.212,0,BLIND_RETRY_24H,1,RETRY_LINK_DELAYED,RULE_LOW_PROB_DELAYED_NUDGE,0
pay_syn_42_04749,invalid_otp,card,39885,398.85,0,0.57,1,BLIND_RETRY_24H,0,RETRY_LINK_NOW,RULE_HIGH_PROB_IMMEDIATE_RETRY,1
pay_syn_42_04750,gateway_technical_error,upi,299700,2997.0,2,0.4704,0,BLIND_RETRY_24H,0,STOP,RULE_MAX_RETRIES_EXCEEDED,0
pay_syn_42_04751,insufficient_funds,upi,51756,517.56,0,0.3711,0,BLIND_RETRY_24H,0,RETRY_LINK_DELAYED,RULE_LOW_PROB_DELAYED_NUDGE,1
pay_syn_42_04752,authentication_failed,upi,769615,7696.15,0,0.5775,1,BLIND_RETRY_24H,0,RETRY_LINK_NOW,RULE_HIGH_PROB_IMMEDIATE_RETRY,1
pay_syn_42_04753,payment_timed_out,upi,221770,2217.7,0,0.6825,1,BLIND_RETRY_24H,0,RETRY_LINK_NOW,RULE_HIGH_PROB_IMMEDIATE_RETRY,1
pay_syn_42_04754,payment_cancelled,upi,39732,397.32,0,0.2671,0,BLIND_RETRY_24H,0,RETRY_LINK_DELAYED,RULE_LOW_PROB_DELAYED_NUDGE,0
pay_syn_42_04755,insufficient_funds,upi,260213,2602.13,1,0.2843,0,BLIND_RETRY_24H,0,RETRY_LINK_DELAYED,RULE_LOW_PROB_DELAYED_NUDGE,1
pay_syn_42_04756,insufficient_funds,upi,625822,6258.22,0,0.3277,1,BLIND_RETRY_24H,0,RETRY_LINK_DELAYED,RULE_LOW_PROB_DELAYED_NUDGE,1
pay_syn_42_04757,insufficient_funds,upi,123245,1232.45,2,0.2341,1,BLIND_RETRY_24H,1,STOP,RULE_MAX_RETRIES_EXCEEDED,0
pay_syn_42_04758,card_expired,upi,726851,7268.51,2,0.0,0,BLIND_RETRY_24H,0,STOP,RULE_MAX_RETRIES_EXCEEDED,0
pay_syn_42_04759,gateway_technical_error,upi,226642,2266.42,0,0.735,1,BLIND_RETRY_24H,0,RETRY_LINK_NOW,RULE_HIGH_PROB_IMMEDIATE_RETRY,1
pay_syn_42_04760,payment_cancelled,card,70985,709.85,0,0.2395,0,BLIND_RETRY_24H,0,RETRY_LINK_DELAYED,RULE_LOW_PROB_DELAYED_NUDGE,0
pay_syn_42_04761,insufficient_funds,upi,1530237,15302.37,0,0.2594,0,BLIND_RETRY_24H,0,ESCALATE_HUMAN,RULE_HIGH_AMOUNT_ESCALATION,0
pay_syn_42_04762,insufficient_funds,upi,30415,304.15,0,0.3728,0,BLIND_RETRY_24H,0,RETRY_LINK_DELAYED,RULE_LOW_PROB_DELAYED_NUDGE,1
pay_syn_42_04763,invalid_otp,upi,94018,940.18,0,0.63,1,BLIND_RETRY_24H,0,RETRY_LINK_NOW,RULE_HIGH_PROB_IMMEDIATE_RETRY,0
pay_syn_42_04764,bank_account_invalid,upi,129242,1292.42,0,0.0,0,BLIND_RETRY_24H,0,ESCALATE_HUMAN,RULE_HARD_DECLINE_COMPLIANCE,0
pay_syn_42_04765,card_expired,upi,1187362,11873.62,0,0.0,0,BLIND_RETRY_24H,0,ESCALATE_HUMAN,RULE_HARD_DECLINE_COMPLIANCE,0
pay_syn_42_04766,insufficient_funds,upi,308065,3080.65,2,0.2251,0,BLIND_RETRY_24H,0,STOP,RULE_MAX_RETRIES_EXCEEDED,0
pay_syn_42_04767,invalid_otp,upi,251055,2510.55,0,0.63,1,BLIND_RETRY_24H,0,RETRY_LINK_NOW,RULE_HIGH_PROB_IMMEDIATE_RETRY,0
pay_syn_42_04768,gateway_technical_error,upi,60436,604.36,0,0.735,1,BLIND_RETRY_24H,1,RETRY_LINK_NOW,RULE_HIGH_PROB_IMMEDIATE_RETRY,0
pay_syn_42_04769,gateway_technical_error,card,118267,1182.67,0,0.665,0,BLIND_RETRY_24H,0,RETRY_LINK_NOW,RULE_HIGH_PROB_IMMEDIATE_RETRY,0
pay_syn_42_04770,gateway_technical_error,wallet,72720,727.2,1,0.5712,1,BLIND_RETRY_24H,0,RETRY_LINK_NOW,RULE_HIGH_PROB_IMMEDIATE_RETRY,1
pay_syn_42_04771,payment_cancelled,card,241391,2413.91,0,0.2278,0,BLIND_RETRY_24H,1,RETRY_LINK_DELAYED,RULE_LOW_PROB_DELAYED_NUDGE,0
pay_syn_42_04772,payment_timed_out,netbanking,506400,5064.0,0,0.5525,1,BLIND_RETRY_24H,0,RETRY_LINK_NOW,RULE_HIGH_PROB_IMMEDIATE_RETRY,1
pay_syn_42_04773,insufficient_funds,card,2107818,21078.18,1,0.1561,0,BLIND_RETRY_24H,0,ESCALATE_HUMAN,RULE_HIGH_AMOUNT_ESCALATION,0
pay_syn_42_04774,gateway_technical_error,upi,81501,815.01,0,0.735,1,BLIND_RETRY_24H,0,RETRY_LINK_NOW,RULE_HIGH_PROB_IMMEDIATE_RETRY,1
pay_syn_42_04775,payment_timed_out,card,29600,296.0,1,0.494,1,BLIND_RETRY_24H,0,RETRY_LINK_NOW,RULE_HIGH_PROB_IMMEDIATE_RETRY,0
pay_syn_42_04776,card_expired,upi,95700,957.0,0,0.0,0,BLIND_RETRY_24H,0,ESCALATE_HUMAN,RULE_HARD_DECLINE_COMPLIANCE,0
pay_syn_42_04777,insufficient_funds,card,424299,4242.99,0,0.3103,0,BLIND_RETRY_24H,1,RETRY_LINK_DELAYED,RULE_LOW_PROB_DELAYED_NUDGE,0
pay_syn_42_04778,payment_timed_out,card,53273,532.73,0,0.6175,1,BLIND_RETRY_24H,0,RETRY_LINK_NOW,RULE_HIGH_PROB_IMMEDIATE_RETRY,0
pay_syn_42_04779,invalid_otp,card,134395,1343.95,1,0.456,0,BLIND_RETRY_24H,0,RETRY_LINK_NOW,RULE_HIGH_PROB_IMMEDIATE_RETRY,1
pay_syn_42_04780,insufficient_funds,upi,254805,2548.05,2,0.2277,0,BLIND_RETRY_24H,0,STOP,RULE_MAX_RETRIES_EXCEEDED,0
pay_syn_42_04781,invalid_otp,upi,83253,832.53,0,0.63,1,BLIND_RETRY_24H,1,RETRY_LINK_NOW,RULE_HIGH_PROB_IMMEDIATE_RETRY,1
pay_syn_42_04782,payment_timed_out,card,172832,1728.32,1,0.494,1,BLIND_RETRY_24H,1,RETRY_LINK_NOW,RULE_HIGH_PROB_IMMEDIATE_RETRY,1
pay_syn_42_04783,payment_cancelled,upi,48294,482.94,0,0.2664,0,BLIND_RETRY_24H,0,RETRY_LINK_DELAYED,RULE_LOW_PROB_DELAYED_NUDGE,0
pay_syn_42_04784,gateway_technical_error,upi,552632,5526.32,0,0.735,1,BLIND_RETRY_24H,0,RETRY_LINK_NOW,RULE_HIGH_PROB_IMMEDIATE_RETRY,0
pay_syn_42_04785,payment_timed_out,card,103591,1035.91,0,0.6175,1,BLIND_RETRY_24H,0,RETRY_LINK_NOW,RULE_HIGH_PROB_IMMEDIATE_RETRY,1
pay_syn_42_04786,payment_cancelled,upi,167271,1672.71,0,0.2574,0,BLIND_RETRY_24H,0,RETRY_LINK_DELAYED,RULE_LOW_PROB_DELAYED_NUDGE,0
pay_syn_42_04787,invalid_otp,upi,19652,196.52,0,0.63,0,BLIND_RETRY_24H,0,RETRY_LINK_NOW,RULE_HIGH_PROB_IMMEDIATE_RETRY,1
pay_syn_42_04788,card_expired,card,41953,419.53,2,0.0,0,BLIND_RETRY_24H,0,STOP,RULE_MAX_RETRIES_EXCEEDED,0
pay_syn_42_04789,payment_timed_out,upi,407008,4070.08,0,0.6825,1,BLIND_RETRY_24H,0,RETRY_LINK_NOW,RULE_HIGH_PROB_IMMEDIATE_RETRY,1
pay_syn_42_04790,gateway_technical_error,card,82030,820.3,0,0.665,0,BLIND_RETRY_24H,0,RETRY_LINK_NOW,RULE_HIGH_PROB_IMMEDIATE_RETRY,1
pay_syn_42_04791,invalid_otp,wallet,50768,507.68,0,0.612,0,BLIND_RETRY_24H,1,RETRY_LINK_NOW,RULE_HIGH_PROB_IMMEDIATE_RETRY,1
pay_syn_42_04792,insufficient_funds,upi,27397,273.97,0,0.373,0,BLIND_RETRY_24H,0,RETRY_LINK_DELAYED,RULE_LOW_PROB_DELAYED_NUDGE,0
pay_syn_42_04793,invalid_otp,upi,539357,5393.57,0,0.63,1,BLIND_RETRY_24H,1,RETRY_LINK_NOW,RULE_HIGH_PROB_IMMEDIATE_RETRY,1
pay_syn_42_04794,card_expired,upi,292464,2924.64,0,0.0,0,BLIND_RETRY_24H,0,ESCALATE_HUMAN,RULE_HARD_DECLINE_COMPLIANCE,0
pay_syn_42_04795,invalid_otp,upi,270376,2703.76,2,0.4032,0,BLIND_RETRY_24H,0,STOP,RULE_MAX_RETRIES_EXCEEDED,0
pay_syn_42_04796,gateway_technical_error,netbanking,866794,8667.94,0,0.595,0,BLIND_RETRY_24H,0,RETRY_LINK_NOW,RULE_HIGH_PROB_IMMEDIATE_RETRY,1
pay_syn_42_04797,payment_timed_out,netbanking,94118,941.18,2,0.3536,0,BLIND_RETRY_24H,0,STOP,RULE_MAX_RETRIES_EXCEEDED,0
pay_syn_42_04798,card_expired,upi,29939,299.39,2,0.0,0,BLIND_RETRY_24H,0,STOP,RULE_MAX_RETRIES_EXCEEDED,0
pay_syn_42_04799,bank_account_invalid,card,143205,1432.05,2,0.0,0,BLIND_RETRY_24H,0,STOP,RULE_MAX_RETRIES_EXCEEDED,0
pay_syn_42_04800,gateway_technical_error,netbanking,1114687,11146.87,0,0.595,0,BLIND_RETRY_24H,0,ESCALATE_HUMAN,RULE_HIGH_AMOUNT_ESCALATION,0
pay_syn_42_04801,insufficient_funds,upi,146470,1464.7,0,0.364,1,BLIND_RETRY_24H,1,RETRY_LINK_DELAYED,RULE_LOW_PROB_DELAYED_NUDGE,0
pay_syn_42_04802,gateway_technical_error,upi,489871,4898.71,0,0.735,1,BLIND_RETRY_24H,1,RETRY_LINK_NOW,RULE_HIGH_PROB_IMMEDIATE_RETRY,1
pay_syn_42_04803,invalid_otp,card,31047,310.47,0,0.57,1,BLIND_RETRY_24H,0,RETRY_LINK_NOW,RULE_HIGH_PROB_IMMEDIATE_RETRY,1
pay_syn_42_04804,payment_cancelled,upi,59196,591.96,0,0.2656,0,BLIND_RETRY_24H,0,RETRY_LINK_DELAYED,RULE_LOW_PROB_DELAYED_NUDGE,0
pay_syn_42_04805,insufficient_funds,wallet,377907,3779.07,0,0.3366,0,BLIND_RETRY_24H,0,RETRY_LINK_DELAYED,RULE_LOW_PROB_DELAYED_NUDGE,0
pay_syn_42_04806,invalid_otp,upi,163497,1634.97,0,0.63,1,BLIND_RETRY_24H,0,RETRY_LINK_NOW,RULE_HIGH_PROB_IMMEDIATE_RETRY,0
pay_syn_42_04807,card_expired,upi,120798,1207.98,1,0.0,0,BLIND_RETRY_24H,0,ESCALATE_HUMAN,RULE_HARD_DECLINE_COMPLIANCE,0
pay_syn_42_04808,invalid_otp,card,481408,4814.08,0,0.57,1,BLIND_RETRY_24H,0,RETRY_LINK_NOW,RULE_HIGH_PROB_IMMEDIATE_RETRY,0
pay_syn_42_04809,authentication_failed,upi,371754,3717.54,0,0.5775,0,BLIND_RETRY_24H,1,RETRY_LINK_NOW,RULE_HIGH_PROB_IMMEDIATE_RETRY,0
pay_syn_42_04810,insufficient_funds,upi,168470,1684.7,1,0.2899,1,BLIND_RETRY_24H,0,RETRY_LINK_DELAYED,RULE_LOW_PROB_DELAYED_NUDGE,0
pay_syn_42_04811,payment_timed_out,card,10049,100.49,0,0.6175,0,BLIND_RETRY_24H,1,RETRY_LINK_NOW,RULE_HIGH_PROB_IMMEDIATE_RETRY,1
pay_syn_42_04812,invalid_otp,wallet,136660,1366.6,0,0.612,0,BLIND_RETRY_24H,0,RETRY_LINK_NOW,RULE_HIGH_PROB_IMMEDIATE_RETRY,0
pay_syn_42_04813,insufficient_funds,wallet,218730,2187.3,0,0.3483,0,BLIND_RETRY_24H,1,RETRY_LINK_DELAYED,RULE_LOW_PROB_DELAYED_NUDGE,1
pay_syn_42_04814,gateway_technical_error,card,20145,201.45,0,0.665,1,BLIND_RETRY_24H,0,RETRY_LINK_NOW,RULE_HIGH_PROB_IMMEDIATE_RETRY,0
pay_syn_42_04815,gateway_technical_error,upi,210363,2103.63,1,0.588,0,BLIND_RETRY_24H,0,RETRY_LINK_NOW,RULE_HIGH_PROB_IMMEDIATE_RETRY,0
pay_syn_42_04816,invalid_otp,wallet,509560,5095.6,0,0.612,1,BLIND_RETRY_24H,0,RETRY_LINK_NOW,RULE_HIGH_PROB_IMMEDIATE_RETRY,0
pay_syn_42_04817,card_expired,netbanking,136377,1363.77,0,0.0,0,BLIND_RETRY_24H,0,ESCALATE_HUMAN,RULE_HARD_DECLINE_COMPLIANCE,0
pay_syn_42_04818,bank_account_invalid,card,45231,452.31,0,0.0,0,BLIND_RETRY_24H,0,ESCALATE_HUMAN,RULE_HARD_DECLINE_COMPLIANCE,0
pay_syn_42_04819,payment_timed_out,upi,11201,112.01,1,0.546,1,BLIND_RETRY_24H,0,RETRY_LINK_NOW,RULE_HIGH_PROB_IMMEDIATE_RETRY,1
pay_syn_42_04820,card_lost_or_stolen,upi,215191,2151.91,0,0.0,0,BLIND_RETRY_24H,0,ESCALATE_HUMAN,RULE_HARD_DECLINE_COMPLIANCE,0
pay_syn_42_04821,payment_timed_out,upi,22563,225.63,1,0.546,0,BLIND_RETRY_24H,0,RETRY_LINK_NOW,RULE_HIGH_PROB_IMMEDIATE_RETRY,0
pay_syn_42_04822,payment_cancelled,netbanking,267770,2677.7,0,0.2022,0,BLIND_RETRY_24H,0,RETRY_LINK_DELAYED,RULE_LOW_PROB_DELAYED_NUDGE,0
pay_syn_42_04823,risk_check_failed,card,1040928,10409.28,1,0.0,0,BLIND_RETRY_24H,0,ESCALATE_HUMAN,RULE_HARD_DECLINE_COMPLIANCE,0
pay_syn_42_04824,gateway_technical_error,upi,12703,127.03,0,0.735,0,BLIND_RETRY_24H,0,RETRY_LINK_NOW,RULE_HIGH_PROB_IMMEDIATE_RETRY,1
pay_syn_42_04825,insufficient_funds,upi,62045,620.45,0,0.3704,0,BLIND_RETRY_24H,0,RETRY_LINK_DELAYED,RULE_LOW_PROB_DELAYED_NUDGE,0
pay_syn_42_04826,card_lost_or_stolen,card,106389,1063.89,0,0.0,0,BLIND_RETRY_24H,0,ESCALATE_HUMAN,RULE_HARD_DECLINE_COMPLIANCE,0
pay_syn_42_04827,payment_timed_out,card,1126490,11264.9,2,0.3952,1,BLIND_RETRY_24H,0,STOP,RULE_MAX_RETRIES_EXCEEDED,0
pay_syn_42_04828,insufficient_funds,card,155533,1555.33,0,0.3287,1,BLIND_RETRY_24H,1,RETRY_LINK_DELAYED,RULE_LOW_PROB_DELAYED_NUDGE,0
pay_syn_42_04829,payment_cancelled,upi,82891,828.91,0,0.2638,0,BLIND_RETRY_24H,0,RETRY_LINK_DELAYED,RULE_LOW_PROB_DELAYED_NUDGE,0
pay_syn_42_04830,payment_timed_out,card,424259,4242.59,0,0.6175,1,BLIND_RETRY_24H,0,RETRY_LINK_NOW,RULE_HIGH_PROB_IMMEDIATE_RETRY,0
pay_syn_42_04831,invalid_otp,upi,87778,877.78,0,0.63,1,BLIND_RETRY_24H,0,RETRY_LINK_NOW,RULE_HIGH_PROB_IMMEDIATE_RETRY,1
pay_syn_42_04832,insufficient_funds,upi,57920,579.2,1,0.2965,0,BLIND_RETRY_24H,0,RETRY_LINK_DELAYED,RULE_LOW_PROB_DELAYED_NUDGE,0
pay_syn_42_04833,payment_cancelled,upi,262961,2629.61,1,0.2001,0,BLIND_RETRY_24H,0,RETRY_LINK_DELAYED,RULE_LOW_PROB_DELAYED_NUDGE,1
pay_syn_42_04834,payment_cancelled,card,468235,4682.35,0,0.2123,0,BLIND_RETRY_24H,0,RETRY_LINK_DELAYED,RULE_LOW_PROB_DELAYED_NUDGE,0
pay_syn_42_04835,insufficient_funds,card,8479,84.79,0,0.3388,0,BLIND_RETRY_24H,0,RETRY_LINK_DELAYED,RULE_LOW_PROB_DELAYED_NUDGE,1
pay_syn_42_04836,invalid_otp,upi,57499,574.99,0,0.63,1,BLIND_RETRY_24H,1,RETRY_LINK_NOW,RULE_HIGH_PROB_IMMEDIATE_RETRY,1
pay_syn_42_04837,payment_timed_out,card,170376,1703.76,0,0.6175,0,BLIND_RETRY_24H,0,RETRY_LINK_NOW,RULE_HIGH_PROB_IMMEDIATE_RETRY,0
pay_syn_42_04838,gateway_technical_error,upi,111488,1114.88,0,0.735,1,BLIND_RETRY_24H,0,RETRY_LINK_NOW,RULE_HIGH_PROB_IMMEDIATE_RETRY,1
pay_syn_42_04839,invalid_otp,upi,132187,1321.87,0,0.63,1,BLIND_RETRY_24H,1,RETRY_LINK_NOW,RULE_HIGH_PROB_IMMEDIATE_RETRY,0
pay_syn_42_04840,payment_timed_out,card,45677,456.77,0,0.6175,1,BLIND_RETRY_24H,1,RETRY_LINK_NOW,RULE_HIGH_PROB_IMMEDIATE_RETRY,0
pay_syn_42_04841,card_expired,upi,287290,2872.9,1,0.0,0,BLIND_RETRY_24H,0,ESCALATE_HUMAN,RULE_HARD_DECLINE_COMPLIANCE,0
pay_syn_42_04842,insufficient_funds,wallet,765369,7653.69,0,0.3081,1,BLIND_RETRY_24H,0,RETRY_LINK_DELAYED,RULE_LOW_PROB_DELAYED_NUDGE,0
pay_syn_42_04843,invalid_otp,upi,56171,561.71,1,0.504,0,BLIND_RETRY_24H,0,RETRY_LINK_NOW,RULE_HIGH_PROB_IMMEDIATE_RETRY,1
pay_syn_42_04844,insufficient_funds,card,287008,2870.08,0,0.3197,0,BLIND_RETRY_24H,1,RETRY_LINK_DELAYED,RULE_LOW_PROB_DELAYED_NUDGE,0
pay_syn_42_04845,authentication_failed,upi,412227,4122.27,1,0.462,0,BLIND_RETRY_24H,1,RETRY_LINK_NOW,RULE_HIGH_PROB_IMMEDIATE_RETRY,1
pay_syn_42_04846,authentication_failed,upi,168974,1689.74,0,0.5775,1,BLIND_RETRY_24H,0,RETRY_LINK_NOW,RULE_HIGH_PROB_IMMEDIATE_RETRY,1
pay_syn_42_04847,bank_account_invalid,card,272874,2728.74,1,0.0,0,BLIND_RETRY_24H,0,ESCALATE_HUMAN,RULE_HARD_DECLINE_COMPLIANCE,0
pay_syn_42_04848,payment_timed_out,upi,63088,630.88,1,0.546,1,BLIND_RETRY_24H,1,RETRY_LINK_NOW,RULE_HIGH_PROB_IMMEDIATE_RETRY,1
pay_syn_42_04849,authentication_failed,upi,709365,7093.65,0,0.5775,1,BLIND_RETRY_24H,0,RETRY_LINK_NOW,RULE_HIGH_PROB_IMMEDIATE_RETRY,0
pay_syn_42_04850,payment_cancelled,upi,472742,4727.42,0,0.2343,0,BLIND_RETRY_24H,1,RETRY_LINK_DELAYED,RULE_LOW_PROB_DELAYED_NUDGE,0
pay_syn_42_04851,payment_cancelled,upi,544336,5443.36,1,0.1831,1,BLIND_RETRY_24H,0,RETRY_LINK_DELAYED,RULE_LOW_PROB_DELAYED_NUDGE,0
pay_syn_42_04852,insufficient_funds,upi,38406,384.06,0,0.3722,0,BLIND_RETRY_24H,0,RETRY_LINK_DELAYED,RULE_LOW_PROB_DELAYED_NUDGE,0
pay_syn_42_04853,insufficient_funds,card,234543,2345.43,0,0.3233,1,BLIND_RETRY_24H,0,RETRY_LINK_DELAYED,RULE_LOW_PROB_DELAYED_NUDGE,1
pay_syn_42_04854,payment_timed_out,card,68016,680.16,1,0.494,1,BLIND_RETRY_24H,0,RETRY_LINK_NOW,RULE_HIGH_PROB_IMMEDIATE_RETRY,0
pay_syn_42_04855,payment_timed_out,upi,793271,7932.71,1,0.546,0,BLIND_RETRY_24H,0,RETRY_LINK_NOW,RULE_HIGH_PROB_IMMEDIATE_RETRY,0
pay_syn_42_04856,insufficient_funds,upi,57394,573.94,0,0.3707,0,BLIND_RETRY_24H,1,RETRY_LINK_DELAYED,RULE_LOW_PROB_DELAYED_NUDGE,0
pay_syn_42_04857,gateway_technical_error,upi,176766,1767.66,0,0.735,1,BLIND_RETRY_24H,1,RETRY_LINK_NOW,RULE_HIGH_PROB_IMMEDIATE_RETRY,1
pay_syn_42_04858,payment_timed_out,upi,15334,153.34,1,0.546,1,BLIND_RETRY_24H,0,RETRY_LINK_NOW,RULE_HIGH_PROB_IMMEDIATE_RETRY,0
pay_syn_42_04859,gateway_technical_error,upi,175741,1757.41,1,0.588,0,BLIND_RETRY_24H,0,RETRY_LINK_NOW,RULE_HIGH_PROB_IMMEDIATE_RETRY,1
pay_syn_42_04860,gateway_technical_error,card,38850,388.5,0,0.665,1,BLIND_RETRY_24H,0,RETRY_LINK_NOW,RULE_HIGH_PROB_IMMEDIATE_RETRY,1
pay_syn_42_04861,gateway_technical_error,upi,248776,2487.76,0,0.735,1,BLIND_RETRY_24H,0,RETRY_LINK_NOW,RULE_HIGH_PROB_IMMEDIATE_RETRY,0
pay_syn_42_04862,invalid_otp,card,115111,1151.11,0,0.57,0,BLIND_RETRY_24H,0,RETRY_LINK_NOW,RULE_HIGH_PROB_IMMEDIATE_RETRY,1
pay_syn_42_04863,payment_cancelled,upi,90549,905.49,0,0.2632,0,BLIND_RETRY_24H,1,RETRY_LINK_DELAYED,RULE_LOW_PROB_DELAYED_NUDGE,0
pay_syn_42_04864,risk_check_failed,upi,820637,8206.37,0,0.0,0,BLIND_RETRY_24H,0,ESCALATE_HUMAN,RULE_HARD_DECLINE_COMPLIANCE,0
pay_syn_42_04865,gateway_technical_error,upi,1692490,16924.9,0,0.735,1,BLIND_RETRY_24H,0,ESCALATE_HUMAN,RULE_HIGH_AMOUNT_ESCALATION,0
pay_syn_42_04866,gateway_technical_error,card,28736,287.36,0,0.665,1,BLIND_RETRY_24H,0,RETRY_LINK_NOW,RULE_HIGH_PROB_IMMEDIATE_RETRY,1
pay_syn_42_04867,invalid_otp,card,93697,936.97,1,0.456,1,BLIND_RETRY_24H,0,RETRY_LINK_NOW,RULE_HIGH_PROB_IMMEDIATE_RETRY,1
pay_syn_42_04868,insufficient_funds,upi,344815,3448.15,0,0.349,1,BLIND_RETRY_24H,1,RETRY_LINK_DELAYED,RULE_LOW_PROB_DELAYED_NUDGE,1
pay_syn_42_04869,card_blocked,upi,204563,2045.63,1,0.0,0,BLIND_RETRY_24H,0,ESCALATE_HUMAN,RULE_HARD_DECLINE_COMPLIANCE,0
pay_syn_42_04870,authentication_failed,upi,322415,3224.15,1,0.462,0,BLIND_RETRY_24H,0,RETRY_LINK_NOW,RULE_HIGH_PROB_IMMEDIATE_RETRY,1
pay_syn_42_04871,payment_cancelled,card,124365,1243.65,0,0.2358,0,BLIND_RETRY_24H,0,RETRY_LINK_DELAYED,RULE_LOW_PROB_DELAYED_NUDGE,0
pay_syn_42_04872,risk_check_failed,upi,497894,4978.94,0,0.0,0,BLIND_RETRY_24H,0,ESCALATE_HUMAN,RULE_HARD_DECLINE_COMPLIANCE,0
pay_syn_42_04873,payment_cancelled,upi,168284,1682.84,0,0.2573,1,BLIND_RETRY_24H,0,RETRY_LINK_DELAYED,RULE_LOW_PROB_DELAYED_NUDGE,0
pay_syn_42_04874,invalid_otp,upi,218691,2186.91,0,0.63,1,BLIND_RETRY_24H,1,RETRY_LINK_NOW,RULE_HIGH_PROB_IMMEDIATE_RETRY,1
pay_syn_42_04875,payment_timed_out,card,38896,388.96,0,0.6175,1,BLIND_RETRY_24H,0,RETRY_LINK_NOW,RULE_HIGH_PROB_IMMEDIATE_RETRY,1
pay_syn_42_04876,invalid_otp,upi,149936,1499.36,1,0.504,1,BLIND_RETRY_24H,0,RETRY_LINK_NOW,RULE_HIGH_PROB_IMMEDIATE_RETRY,1
pay_syn_42_04877,payment_timed_out,card,349368,3493.68,0,0.6175,0,BLIND_RETRY_24H,0,RETRY_LINK_NOW,RULE_HIGH_PROB_IMMEDIATE_RETRY,1
pay_syn_42_04878,insufficient_funds,upi,191963,1919.63,0,0.3605,1,BLIND_RETRY_24H,0,RETRY_LINK_DELAYED,RULE_LOW_PROB_DELAYED_NUDGE,0
pay_syn_42_04879,gateway_technical_error,upi,1259344,12593.44,0,0.735,0,BLIND_RETRY_24H,0,ESCALATE_HUMAN,RULE_HIGH_AMOUNT_ESCALATION,0
pay_syn_42_04880,insufficient_funds,upi,157464,1574.64,0,0.3632,1,BLIND_RETRY_24H,0,RETRY_LINK_DELAYED,RULE_LOW_PROB_DELAYED_NUDGE,0
pay_syn_42_04881,payment_timed_out,upi,234863,2348.63,0,0.6825,1,BLIND_RETRY_24H,1,RETRY_LINK_NOW,RULE_HIGH_PROB_IMMEDIATE_RETRY,1
pay_syn_42_04882,invalid_otp,upi,167223,1672.23,0,0.63,0,BLIND_RETRY_24H,0,RETRY_LINK_NOW,RULE_HIGH_PROB_IMMEDIATE_RETRY,1
pay_syn_42_04883,invalid_otp,upi,128946,1289.46,0,0.63,1,BLIND_RETRY_24H,0,RETRY_LINK_NOW,RULE_HIGH_PROB_IMMEDIATE_RETRY,1
pay_syn_42_04884,payment_timed_out,upi,362747,3627.47,0,0.6825,1,BLIND_RETRY_24H,1,RETRY_LINK_NOW,RULE_HIGH_PROB_IMMEDIATE_RETRY,0
pay_syn_42_04885,invalid_otp,card,119489,1194.89,0,0.57,0,BLIND_RETRY_24H,1,RETRY_LINK_NOW,RULE_HIGH_PROB_IMMEDIATE_RETRY,1
pay_syn_42_04886,payment_cancelled,card,36558,365.58,0,0.2418,1,BLIND_RETRY_24H,0,RETRY_LINK_DELAYED,RULE_LOW_PROB_DELAYED_NUDGE,0
pay_syn_42_04887,gateway_technical_error,card,771736,7717.36,0,0.665,0,BLIND_RETRY_24H,0,RETRY_LINK_NOW,RULE_HIGH_PROB_IMMEDIATE_RETRY,0
pay_syn_42_04888,gateway_technical_error,upi,70169,701.69,0,0.735,0,BLIND_RETRY_24H,0,RETRY_LINK_NOW,RULE_HIGH_PROB_IMMEDIATE_RETRY,0
pay_syn_42_04889,card_expired,upi,27382,273.82,0,0.0,0,BLIND_RETRY_24H,0,ESCALATE_HUMAN,RULE_HARD_DECLINE_COMPLIANCE,0
pay_syn_42_04890,payment_cancelled,upi,270270,2702.7,0,0.2496,0,BLIND_RETRY_24H,0,RETRY_LINK_DELAYED,RULE_LOW_PROB_DELAYED_NUDGE,0
pay_syn_42_04891,insufficient_funds,netbanking,912472,9124.72,2,0.1586,0,BLIND_RETRY_24H,0,STOP,RULE_MAX_RETRIES_EXCEEDED,0
pay_syn_42_04892,payment_timed_out,upi,277931,2779.31,0,0.6825,0,BLIND_RETRY_24H,1,RETRY_LINK_NOW,RULE_HIGH_PROB_IMMEDIATE_RETRY,1
pay_syn_42_04893,gateway_technical_error,upi,635073,6350.73,0,0.735,1,BLIND_RETRY_24H,0,RETRY_LINK_NOW,RULE_HIGH_PROB_IMMEDIATE_RETRY,0
pay_syn_42_04894,payment_cancelled,upi,51203,512.03,0,0.2662,0,BLIND_RETRY_24H,0,RETRY_LINK_DELAYED,RULE_LOW_PROB_DELAYED_NUDGE,0
pay_syn_42_04895,authentication_failed,upi,37068,370.68,0,0.5775,1,BLIND_RETRY_24H,0,RETRY_LINK_NOW,RULE_HIGH_PROB_IMMEDIATE_RETRY,0
pay_syn_42_04896,payment_timed_out,card,93336,933.36,0,0.6175,1,BLIND_RETRY_24H,1,RETRY_LINK_NOW,RULE_HIGH_PROB_IMMEDIATE_RETRY,1
pay_syn_42_04897,stolen_card,upi,453007,4530.07,2,0.0,0,BLIND_RETRY_24H,0,STOP,RULE_MAX_RETRIES_EXCEEDED,0
pay_syn_42_04898,authentication_failed,upi,249804,2498.04,1,0.462,1,BLIND_RETRY_24H,0,RETRY_LINK_NOW,RULE_HIGH_PROB_IMMEDIATE_RETRY,0
pay_syn_42_04899,authentication_failed,upi,272096,2720.96,0,0.5775,1,BLIND_RETRY_24H,1,RETRY_LINK_NOW,RULE_HIGH_PROB_IMMEDIATE_RETRY,0
pay_syn_42_04900,payment_timed_out,upi,157360,1573.6,0,0.6825,0,BLIND_RETRY_24H,0,RETRY_LINK_NOW,RULE_HIGH_PROB_IMMEDIATE_RETRY,1
pay_syn_42_04901,insufficient_funds,upi,95293,952.93,0,0.3679,0,BLIND_RETRY_24H,1,RETRY_LINK_DELAYED,RULE_LOW_PROB_DELAYED_NUDGE,1
pay_syn_42_04902,insufficient_funds,card,165442,1654.42,1,0.2624,0,BLIND_RETRY_24H,0,RETRY_LINK_DELAYED,RULE_LOW_PROB_DELAYED_NUDGE,0
pay_syn_42_04903,invalid_otp,upi,115036,1150.36,0,0.63,1,BLIND_RETRY_24H,1,RETRY_LINK_NOW,RULE_HIGH_PROB_IMMEDIATE_RETRY,1
pay_syn_42_04904,invalid_otp,card,88433,884.33,0,0.57,1,BLIND_RETRY_24H,0,RETRY_LINK_NOW,RULE_HIGH_PROB_IMMEDIATE_RETRY,1
pay_syn_42_04905,payment_cancelled,upi,211004,2110.04,0,0.2541,0,BLIND_RETRY_24H,0,RETRY_LINK_DELAYED,RULE_LOW_PROB_DELAYED_NUDGE,0
pay_syn_42_04906,invalid_otp,card,103636,1036.36,0,0.57,1,BLIND_RETRY_24H,1,RETRY_LINK_NOW,RULE_HIGH_PROB_IMMEDIATE_RETRY,1
pay_syn_42_04907,card_expired,card,184847,1848.47,0,0.0,0,BLIND_RETRY_24H,0,ESCALATE_HUMAN,RULE_HARD_DECLINE_COMPLIANCE,0
pay_syn_42_04908,risk_check_failed,upi,16927,169.27,0,0.0,0,BLIND_RETRY_24H,0,ESCALATE_HUMAN,RULE_HARD_DECLINE_COMPLIANCE,0
pay_syn_42_04909,payment_cancelled,card,168219,1682.19,1,0.1863,0,BLIND_RETRY_24H,0,RETRY_LINK_DELAYED,RULE_LOW_PROB_DELAYED_NUDGE,1
pay_syn_42_04910,gateway_technical_error,upi,102947,1029.47,0,0.735,1,BLIND_RETRY_24H,0,RETRY_LINK_NOW,RULE_HIGH_PROB_IMMEDIATE_RETRY,1
pay_syn_42_04911,insufficient_funds,upi,680854,6808.54,0,0.3236,0,BLIND_RETRY_24H,0,RETRY_LINK_DELAYED,RULE_LOW_PROB_DELAYED_NUDGE,0
pay_syn_42_04912,invalid_otp,netbanking,26227,262.27,1,0.408,1,BLIND_RETRY_24H,0,RETRY_LINK_NOW,RULE_HIGH_PROB_IMMEDIATE_RETRY,0
pay_syn_42_04913,gateway_technical_error,upi,154725,1547.25,0,0.735,1,BLIND_RETRY_24H,0,RETRY_LINK_NOW,RULE_HIGH_PROB_IMMEDIATE_RETRY,1
pay_syn_42_04914,invalid_otp,upi,354512,3545.12,0,0.63,0,BLIND_RETRY_24H,1,RETRY_LINK_NOW,RULE_HIGH_PROB_IMMEDIATE_RETRY,1
pay_syn_42_04915,insufficient_funds,card,120081,1200.81,0,0.3311,0,BLIND_RETRY_24H,1,RETRY_LINK_DELAYED,RULE_LOW_PROB_DELAYED_NUDGE,0
pay_syn_42_04916,bank_account_invalid,card,99260,992.6,1,0.0,0,BLIND_RETRY_24H,0,ESCALATE_HUMAN,RULE_HARD_DECLINE_COMPLIANCE,0
pay_syn_42_04917,invalid_otp,upi,353041,3530.41,0,0.63,0,BLIND_RETRY_24H,0,RETRY_LINK_NOW,RULE_HIGH_PROB_IMMEDIATE_RETRY,1
pay_syn_42_04918,payment_timed_out,wallet,242758,2427.58,0,0.663,0,BLIND_RETRY_24H,0,RETRY_LINK_NOW,RULE_HIGH_PROB_IMMEDIATE_RETRY,1
pay_syn_42_04919,fraud_suspected,upi,264650,2646.5,1,0.0,0,BLIND_RETRY_24H,0,ESCALATE_HUMAN,RULE_HARD_DECLINE_COMPLIANCE,0
pay_syn_42_04920,gateway_technical_error,card,88620,886.2,0,0.665,1,BLIND_RETRY_24H,0,RETRY_LINK_NOW,RULE_HIGH_PROB_IMMEDIATE_RETRY,1
pay_syn_42_04921,insufficient_funds,upi,77507,775.07,1,0.2954,0,BLIND_RETRY_24H,0,RETRY_LINK_DELAYED,RULE_LOW_PROB_DELAYED_NUDGE,1
pay_syn_42_04922,payment_timed_out,netbanking,185102,1851.02,0,0.5525,1,BLIND_RETRY_24H,0,RETRY_LINK_NOW,RULE_HIGH_PROB_IMMEDIATE_RETRY,0
pay_syn_42_04923,payment_cancelled,upi,389930,3899.3,1,0.1925,0,BLIND_RETRY_24H,0,RETRY_LINK_DELAYED,RULE_LOW_PROB_DELAYED_NUDGE,0
pay_syn_42_04924,payment_timed_out,upi,32221,322.21,0,0.6825,1,BLIND_RETRY_24H,0,RETRY_LINK_NOW,RULE_HIGH_PROB_IMMEDIATE_RETRY,1
pay_syn_42_04925,invalid_otp,upi,124791,1247.91,0,0.63,1,BLIND_RETRY_24H,1,RETRY_LINK_NOW,RULE_HIGH_PROB_IMMEDIATE_RETRY,1
pay_syn_42_04926,gateway_technical_error,upi,81185,811.85,0,0.735,0,BLIND_RETRY_24H,1,RETRY_LINK_NOW,RULE_HIGH_PROB_IMMEDIATE_RETRY,1
pay_syn_42_04927,authentication_failed,card,141899,1418.99,1,0.418,0,BLIND_RETRY_24H,0,RETRY_LINK_NOW,RULE_HIGH_PROB_IMMEDIATE_RETRY,0
pay_syn_42_04928,insufficient_funds,card,315837,3158.37,0,0.3177,0,BLIND_RETRY_24H,0,RETRY_LINK_DELAYED,RULE_LOW_PROB_DELAYED_NUDGE,0
pay_syn_42_04929,insufficient_funds,card,56293,562.93,0,0.3355,0,BLIND_RETRY_24H,0,RETRY_LINK_DELAYED,RULE_LOW_PROB_DELAYED_NUDGE,0
pay_syn_42_04930,payment_timed_out,upi,275900,2759.0,0,0.6825,1,BLIND_RETRY_24H,0,RETRY_LINK_NOW,RULE_HIGH_PROB_IMMEDIATE_RETRY,0
pay_syn_42_04931,payment_timed_out,netbanking,91812,918.12,1,0.442,0,BLIND_RETRY_24H,0,RETRY_LINK_DELAYED,RULE_LOW_PROB_DELAYED_NUDGE,0
pay_syn_42_04932,payment_cancelled,netbanking,470522,4705.22,1,0.1519,0,BLIND_RETRY_24H,0,RETRY_LINK_DELAYED,RULE_LOW_PROB_DELAYED_NUDGE,1
pay_syn_42_04933,insufficient_funds,upi,59697,596.97,1,0.2964,0,BLIND_RETRY_24H,0,RETRY_LINK_DELAYED,RULE_LOW_PROB_DELAYED_NUDGE,1
pay_syn_42_04934,invalid_otp,upi,383348,3833.48,0,0.63,0,BLIND_RETRY_24H,0,RETRY_LINK_NOW,RULE_HIGH_PROB_IMMEDIATE_RETRY,1
pay_syn_42_04935,authentication_failed,upi,35627,356.27,0,0.5775,1,BLIND_RETRY_24H,0,RETRY_LINK_NOW,RULE_HIGH_PROB_IMMEDIATE_RETRY,1
pay_syn_42_04936,card_expired,netbanking,171605,1716.05,0,0.0,0,BLIND_RETRY_24H,0,ESCALATE_HUMAN,RULE_HARD_DECLINE_COMPLIANCE,0
pay_syn_42_04937,payment_timed_out,card,282771,2827.71,2,0.3952,1,BLIND_RETRY_24H,0,STOP,RULE_MAX_RETRIES_EXCEEDED,0
pay_syn_42_04938,gateway_technical_error,upi,61330,613.3,1,0.588,0,BLIND_RETRY_24H,0,RETRY_LINK_NOW,RULE_HIGH_PROB_IMMEDIATE_RETRY,0
pay_syn_42_04939,gateway_technical_error,upi,13082,130.82,0,0.735,0,BLIND_RETRY_24H,0,RETRY_LINK_NOW,RULE_HIGH_PROB_IMMEDIATE_RETRY,0
pay_syn_42_04940,bank_account_invalid,upi,84026,840.26,0,0.0,0,BLIND_RETRY_24H,0,ESCALATE_HUMAN,RULE_HARD_DECLINE_COMPLIANCE,0
pay_syn_42_04941,authentication_failed,card,143591,1435.91,0,0.5225,1,BLIND_RETRY_24H,0,RETRY_LINK_NOW,RULE_HIGH_PROB_IMMEDIATE_RETRY,0
pay_syn_42_04942,invalid_otp,wallet,98888,988.88,0,0.612,1,BLIND_RETRY_24H,0,RETRY_LINK_NOW,RULE_HIGH_PROB_IMMEDIATE_RETRY,1
pay_syn_42_04943,payment_cancelled,upi,76090,760.9,0,0.2643,0,BLIND_RETRY_24H,0,RETRY_LINK_DELAYED,RULE_LOW_PROB_DELAYED_NUDGE,1
pay_syn_42_04944,insufficient_funds,upi,359544,3595.44,0,0.3479,1,BLIND_RETRY_24H,0,RETRY_LINK_DELAYED,RULE_LOW_PROB_DELAYED_NUDGE,0
pay_syn_42_04945,payment_cancelled,upi,533379,5333.79,0,0.2297,0,BLIND_RETRY_24H,0,RETRY_LINK_DELAYED,RULE_LOW_PROB_DELAYED_NUDGE,0
pay_syn_42_04946,invalid_otp,upi,494674,4946.74,0,0.63,1,BLIND_RETRY_24H,0,RETRY_LINK_NOW,RULE_HIGH_PROB_IMMEDIATE_RETRY,1
pay_syn_42_04947,authentication_failed,card,231299,2312.99,0,0.5225,1,BLIND_RETRY_24H,0,RETRY_LINK_NOW,RULE_HIGH_PROB_IMMEDIATE_RETRY,1
pay_syn_42_04948,authentication_failed,upi,269354,2693.54,0,0.5775,1,BLIND_RETRY_24H,0,RETRY_LINK_NOW,RULE_HIGH_PROB_IMMEDIATE_RETRY,1
pay_syn_42_04949,authentication_failed,card,51617,516.17,0,0.5225,0,BLIND_RETRY_24H,0,RETRY_LINK_NOW,RULE_HIGH_PROB_IMMEDIATE_RETRY,1
pay_syn_42_04950,payment_cancelled,upi,129639,1296.39,0,0.2603,0,BLIND_RETRY_24H,0,RETRY_LINK_DELAYED,RULE_LOW_PROB_DELAYED_NUDGE,0
pay_syn_42_04951,payment_cancelled,netbanking,156976,1569.76,0,0.209,0,BLIND_RETRY_24H,0,RETRY_LINK_DELAYED,RULE_LOW_PROB_DELAYED_NUDGE,0
pay_syn_42_04952,authentication_failed,upi,192727,1927.27,0,0.5775,1,BLIND_RETRY_24H,1,RETRY_LINK_NOW,RULE_HIGH_PROB_IMMEDIATE_RETRY,0
pay_syn_42_04953,invalid_otp,upi,188966,1889.66,0,0.63,0,BLIND_RETRY_24H,0,RETRY_LINK_NOW,RULE_HIGH_PROB_IMMEDIATE_RETRY,1
pay_syn_42_04954,card_lost_or_stolen,card,143987,1439.87,1,0.0,0,BLIND_RETRY_24H,0,ESCALATE_HUMAN,RULE_HARD_DECLINE_COMPLIANCE,0
pay_syn_42_04955,invalid_otp,upi,228255,2282.55,0,0.63,0,BLIND_RETRY_24H,0,RETRY_LINK_NOW,RULE_HIGH_PROB_IMMEDIATE_RETRY,1
pay_syn_42_04956,payment_cancelled,card,179763,1797.63,0,0.232,0,BLIND_RETRY_24H,0,RETRY_LINK_DELAYED,RULE_LOW_PROB_DELAYED_NUDGE,0
pay_syn_42_04957,payment_cancelled,upi,179306,1793.06,0,0.2565,0,BLIND_RETRY_24H,0,RETRY_LINK_DELAYED,RULE_LOW_PROB_DELAYED_NUDGE,0
pay_syn_42_04958,invalid_otp,upi,65596,655.96,1,0.504,0,BLIND_RETRY_24H,0,RETRY_LINK_NOW,RULE_HIGH_PROB_IMMEDIATE_RETRY,0
pay_syn_42_04959,gateway_technical_error,card,40766,407.66,0,0.665,1,BLIND_RETRY_24H,1,RETRY_LINK_NOW,RULE_HIGH_PROB_IMMEDIATE_RETRY,0
pay_syn_42_04960,gateway_technical_error,card,193804,1938.04,0,0.665,1,BLIND_RETRY_24H,0,RETRY_LINK_NOW,RULE_HIGH_PROB_IMMEDIATE_RETRY,1
pay_syn_42_04961,gateway_technical_error,upi,87910,879.1,2,0.4704,0,BLIND_RETRY_24H,0,STOP,RULE_MAX_RETRIES_EXCEEDED,0
pay_syn_42_04962,authentication_failed,upi,68767,687.67,0,0.5775,1,BLIND_RETRY_24H,1,RETRY_LINK_NOW,RULE_HIGH_PROB_IMMEDIATE_RETRY,1
pay_syn_42_04963,card_expired,upi,291363,2913.63,1,0.0,0,BLIND_RETRY_24H,0,ESCALATE_HUMAN,RULE_HARD_DECLINE_COMPLIANCE,0
pay_syn_42_04964,gateway_technical_error,upi,131155,1311.55,0,0.735,1,BLIND_RETRY_24H,0,RETRY_LINK_NOW,RULE_HIGH_PROB_IMMEDIATE_RETRY,1
pay_syn_42_04965,invalid_otp,card,638817,6388.17,0,0.57,0,BLIND_RETRY_24H,0,RETRY_LINK_NOW,RULE_HIGH_PROB_IMMEDIATE_RETRY,1
pay_syn_42_04966,payment_timed_out,upi,256914,2569.14,1,0.546,0,BLIND_RETRY_24H,0,RETRY_LINK_NOW,RULE_HIGH_PROB_IMMEDIATE_RETRY,0
pay_syn_42_04967,invalid_otp,card,61564,615.64,0,0.57,1,BLIND_RETRY_24H,0,RETRY_LINK_NOW,RULE_HIGH_PROB_IMMEDIATE_RETRY,0
pay_syn_42_04968,payment_timed_out,upi,295590,2955.9,0,0.6825,1,BLIND_RETRY_24H,0,RETRY_LINK_NOW,RULE_HIGH_PROB_IMMEDIATE_RETRY,1
pay_syn_42_04969,payment_cancelled,upi,216188,2161.88,0,0.2537,0,BLIND_RETRY_24H,0,RETRY_LINK_DELAYED,RULE_LOW_PROB_DELAYED_NUDGE,0
pay_syn_42_04970,card_expired,card,59250,592.5,2,0.0,0,BLIND_RETRY_24H,0,STOP,RULE_MAX_RETRIES_EXCEEDED,0
pay_syn_42_04971,payment_cancelled,upi,77325,773.25,2,0.1691,0,BLIND_RETRY_24H,0,STOP,RULE_MAX_RETRIES_EXCEEDED,0
pay_syn_42_04972,gateway_technical_error,upi,279614,2796.14,0,0.735,1,BLIND_RETRY_24H,0,RETRY_LINK_NOW,RULE_HIGH_PROB_IMMEDIATE_RETRY,0
pay_syn_42_04973,payment_cancelled,wallet,21451,214.51,1,0.2086,1,BLIND_RETRY_24H,0,RETRY_LINK_DELAYED,RULE_LOW_PROB_DELAYED_NUDGE,0
pay_syn_42_04974,invalid_otp,upi,14813,148.13,1,0.504,1,BLIND_RETRY_24H,0,RETRY_LINK_NOW,RULE_HIGH_PROB_IMMEDIATE_RETRY,1
pay_syn_42_04975,bank_account_invalid,card,168353,1683.53,0,0.0,0,BLIND_RETRY_24H,0,ESCALATE_HUMAN,RULE_HARD_DECLINE_COMPLIANCE,0
pay_syn_42_04976,invalid_otp,upi,154976,1549.76,0,0.63,1,BLIND_RETRY_24H,0,RETRY_LINK_NOW,RULE_HIGH_PROB_IMMEDIATE_RETRY,1
pay_syn_42_04977,insufficient_funds,upi,185479,1854.79,0,0.361,1,BLIND_RETRY_24H,1,RETRY_LINK_NOW,RULE_HIGH_PROB_IMMEDIATE_RETRY,0
pay_syn_42_04978,invalid_otp,card,155460,1554.6,0,0.57,1,BLIND_RETRY_24H,1,RETRY_LINK_NOW,RULE_HIGH_PROB_IMMEDIATE_RETRY,0
pay_syn_42_04979,payment_cancelled,upi,224965,2249.65,2,0.162,1,BLIND_RETRY_24H,1,STOP,RULE_MAX_RETRIES_EXCEEDED,0
pay_syn_42_04980,insufficient_funds,upi,542672,5426.72,0,0.334,0,BLIND_RETRY_24H,1,RETRY_LINK_DELAYED,RULE_LOW_PROB_DELAYED_NUDGE,0
pay_syn_42_04981,insufficient_funds,netbanking,140671,1406.71,0,0.295,0,BLIND_RETRY_24H,0,RETRY_LINK_DELAYED,RULE_LOW_PROB_DELAYED_NUDGE,0
pay_syn_42_04982,authentication_failed,upi,29805,298.05,1,0.462,0,BLIND_RETRY_24H,0,RETRY_LINK_NOW,RULE_HIGH_PROB_IMMEDIATE_RETRY,0
pay_syn_42_04983,invalid_otp,upi,19153,191.53,0,0.63,1,BLIND_RETRY_24H,0,RETRY_LINK_NOW,RULE_HIGH_PROB_IMMEDIATE_RETRY,1
pay_syn_42_04984,stolen_card,upi,96223,962.23,0,0.0,0,BLIND_RETRY_24H,0,ESCALATE_HUMAN,RULE_HARD_DECLINE_COMPLIANCE,0
pay_syn_42_04985,payment_cancelled,card,98882,988.82,0,0.2376,1,BLIND_RETRY_24H,0,RETRY_LINK_DELAYED,RULE_LOW_PROB_DELAYED_NUDGE,0
pay_syn_42_04986,payment_cancelled,card,34833,348.33,1,0.1936,0,BLIND_RETRY_24H,0,RETRY_LINK_DELAYED,RULE_LOW_PROB_DELAYED_NUDGE,0
pay_syn_42_04987,payment_cancelled,card,12495,124.95,1,0.1948,0,BLIND_RETRY_24H,0,RETRY_LINK_DELAYED,RULE_LOW_PROB_DELAYED_NUDGE,0
pay_syn_42_04988,card_expired,upi,89035,890.35,0,0.0,0,BLIND_RETRY_24H,0,ESCALATE_HUMAN,RULE_HARD_DECLINE_COMPLIANCE,0
pay_syn_42_04989,payment_timed_out,card,906144,9061.44,0,0.6175,0,BLIND_RETRY_24H,0,RETRY_LINK_NOW,RULE_HIGH_PROB_IMMEDIATE_RETRY,1
pay_syn_42_04990,insufficient_funds,upi,214708,2147.08,0,0.3588,0,BLIND_RETRY_24H,0,RETRY_LINK_DELAYED,RULE_LOW_PROB_DELAYED_NUDGE,0
pay_syn_42_04991,insufficient_funds,upi,194425,1944.25,1,0.2883,1,BLIND_RETRY_24H,0,RETRY_LINK_DELAYED,RULE_LOW_PROB_DELAYED_NUDGE,0
pay_syn_42_04992,card_expired,upi,116300,1163.0,1,0.0,0,BLIND_RETRY_24H,0,ESCALATE_HUMAN,RULE_HARD_DECLINE_COMPLIANCE,0
pay_syn_42_04993,card_expired,netbanking,96055,960.55,1,0.0,0,BLIND_RETRY_24H,0,ESCALATE_HUMAN,RULE_HARD_DECLINE_COMPLIANCE,0
pay_syn_42_04994,gateway_technical_error,card,240175,2401.75,1,0.532,1,BLIND_RETRY_24H,0,RETRY_LINK_NOW,RULE_HIGH_PROB_IMMEDIATE_RETRY,0
pay_syn_42_04995,payment_timed_out,card,38935,389.35,1,0.494,0,BLIND_RETRY_24H,1,RETRY_LINK_NOW,RULE_HIGH_PROB_IMMEDIATE_RETRY,1
pay_syn_42_04996,invalid_otp,upi,1271096,12710.96,2,0.4032,0,BLIND_RETRY_24H,0,STOP,RULE_MAX_RETRIES_EXCEEDED,0
pay_syn_42_04997,gateway_technical_error,card,41852,418.52,0,0.665,0,BLIND_RETRY_24H,1,RETRY_LINK_NOW,RULE_HIGH_PROB_IMMEDIATE_RETRY,0
pay_syn_42_04998,insufficient_funds,upi,265892,2658.92,0,0.355,1,BLIND_RETRY_24H,0,RETRY_LINK_DELAYED,RULE_LOW_PROB_DELAYED_NUDGE,0
pay_syn_42_04999,authentication_failed,upi,45747,457.47,1,0.462,1,BLIND_RETRY_24H,0,RETRY_LINK_NOW,RULE_HIGH_PROB_IMMEDIATE_RETRY,1
pay_syn_42_05000,insufficient_funds,upi,159766,1597.66,0,0.363,1,BLIND_RETRY_24H,0,RETRY_LINK_DELAYED,RULE_LOW_PROB_DELAYED_NUDGE,1
